Collection	pathway	pval	padj	log2err	ES	NES	size
Hallmark	HALLMARK_E2F_TARGETS	8.012804591070031e-26	4.006402295535016e-24	1.3188887960758695	0.7118490800872808	2.776529032723217	200
Hallmark	HALLMARK_G2M_CHECKPOINT	1.745106288563276e-15	4.3627657214081904e-14	1.0175447973098848	0.6327565967358251	2.4597255007342924	197
Hallmark	HALLMARK_MYC_TARGETS_V1	1.1320411015066841e-13	1.8867351691778066e-12	0.9545416307257244	0.6058566768994533	2.3599942310802384	199
Hallmark	HALLMARK_EPITHELIAL_MESENCHYMAL_TRANSITION	6.07199344279673e-10	7.589991803495913e-09	0.8012155746177786	-0.6138998112050204	-2.159693465731237	144
Hallmark	HALLMARK_MYC_TARGETS_V2	8.113754177807754e-07	8.113754177807755e-06	0.6594443980379349	0.6838675028511916	2.234207181784065	57
Hallmark	HALLMARK_MYOGENESIS	1.6923258374489576e-05	0.00014102715312074647	0.5756102610711286	-0.4997106744429992	-1.7870085419625172	162
Hallmark	HALLMARK_MITOTIC_SPINDLE	7.61097640991867e-05	0.0005436411721370479	0.5384340963099162	0.441953699673266	1.7185656320455067	195
Hallmark	HALLMARK_MTORC1_SIGNALING	0.0008219621888170134	0.0051372636801063	0.4772708153628621	0.4050527189560308	1.568091973468327	187
Hallmark	HALLMARK_APICAL_JUNCTION	0.0040161920412498	0.0223121780069436	0.4070179189239539	-0.4102440852967088	-1.4734687333035097	173
Hallmark	HALLMARK_UNFOLDED_PROTEIN_RESPONSE	0.0050972898555784	0.0254864492778922	0.4070179189239539	0.4370941634651388	1.584362387435303	111
Hallmark	HALLMARK_UV_RESPONSE_DN	0.0248017997234961	0.0983374673158957	0.3524878575836191	-0.3955101912666319	-1.3877777653807817	129
Hallmark	HALLMARK_HYPOXIA	0.0254936321064745	0.0983374673158957	0.3524878575836191	-0.3817861593574489	-1.3755599812228765	177
Hallmark	HALLMARK_XENOBIOTIC_METABOLISM	0.0255677415021329	0.0983374673158957	0.3524878575836191	-0.3742976216219538	-1.3476649097423117	178
Hallmark	HALLMARK_KRAS_SIGNALING_UP	0.0317570800849539	0.1134181431605497	0.3217759180753611	-0.372510153500851	-1.3256827638342106	158
Hallmark	HALLMARK_INFLAMMATORY_RESPONSE	0.0431547619047619	0.1417423660151787	0.2663506570885255	-0.373005935892002	-1.3061337232919823	139
Hallmark	HALLMARK_WNT_BETA_CATENIN_SIGNALING	0.0454545454545454	0.1417423660151787	0.2663506570885255	-0.4993742370235577	-1.4579116989321468	40
Hallmark	HALLMARK_ADIPOGENESIS	0.0481924044451607	0.1417423660151787	0.3217759180753611	-0.3593208257797943	-1.3029276533483585	189
Hallmark	HALLMARK_INTERFERON_ALPHA_RESPONSE	0.057315233785822	0.1592089827383944	0.2311267096738342	-0.3917270135770815	-1.3048756537072672	94
Hallmark	HALLMARK_COMPLEMENT	0.0625909752547307	0.1647130927756071	0.2165428367353481	-0.3484562891633088	-1.2520273111458833	174
Hallmark	HALLMARK_TGF_BETA_SIGNALING	0.0776545166402535	0.1885668916236602	0.2020717090211599	-0.4442539046661388	-1.334964175922293	49
Hallmark	HALLMARK_UV_RESPONSE_UP	0.0814814814814814	0.1885668916236602	0.1900233052791083	-0.3532971082821204	-1.2499432726067	148
Hallmark	HALLMARK_INTERFERON_GAMMA_RESPONSE	0.0829694323144104	0.1885668916236602	0.1864325584340751	-0.344523325767248	-1.2378959043131097	174
Hallmark	HALLMARK_ANGIOGENESIS	0.1301482701812191	0.282931022133085	0.1563124030731863	-0.4950822201767221	-1.3264195778538015	27
Hallmark	HALLMARK_ALLOGRAFT_REJECTION	0.1422222222222222	0.2952243125904486	0.1404062385233423	-0.3297741802748403	-1.1718131955103883	157
Hallmark	HALLMARK_P53_PATHWAY	0.1476121562952243	0.2952243125904486	0.1357409438104248	-0.3196258588761039	-1.1594060820588712	193
Hallmark	HALLMARK_NOTCH_SIGNALING	0.1771336553945249	0.3406416449894711	0.1301056307511285	-0.4443111863695531	-1.2328117232664415	32
Hallmark	HALLMARK_KRAS_SIGNALING_DN	0.2	0.3703703703703704	0.1157344477016887	-0.3191004690781131	-1.133885436536148	157
Hallmark	HALLMARK_COAGULATION	0.2526315789473684	0.4511278195488722	0.1017139022823109	-0.32618243314711	-1.1183029840738117	114
Hallmark	HALLMARK_DNA_REPAIR	0.3119266055045872	0.5273343009192065	0.1357409438104248	0.2808655303871373	1.0586494329918668	148
Hallmark	HALLMARK_HEME_METABOLISM	0.3164005805515239	0.5273343009192065	0.0865399737444124	-0.2974993333961277	-1.0748858986719485	183
Hallmark	HALLMARK_APOPTOSIS	0.3416789396170839	0.5457427536231885	0.083129129135339	-0.3027660973698854	-1.0666862058048137	143
Hallmark	HALLMARK_ESTROGEN_RESPONSE_EARLY	0.3492753623188406	0.5457427536231885	0.0810802057550866	-0.2901573312425234	-1.0517172686115892	192
Hallmark	HALLMARK_PANCREAS_BETA_CELLS	0.464	0.6879944960440316	0.0714786287425506	-0.3562762370869997	-0.9970827290967176	34
Hallmark	HALLMARK_IL2_STAT5_SIGNALING	0.4678362573099415	0.6879944960440316	0.0665892104103932	-0.2803265476192475	-1.0018723891107315	167
Hallmark	HALLMARK_IL6_JAK_STAT3_SIGNALING	0.5146831530139103	0.735261647162729	0.0646484568421927	-0.3065732071284224	-0.9721459846052508	68
Hallmark	HALLMARK_BILE_ACID_METABOLISM	0.5351681957186545	0.7432891607203534	0.062249042949858	-0.288739630489796	-0.9672605269365478	98
Hallmark	HALLMARK_REACTIVE_OXYGEN_SPECIES_PATHWAY	0.5846394984326019	0.7900533762602728	0.0592219193803819	-0.3096151373474033	-0.9271592202753396	47
Hallmark	HALLMARK_SPERMATOGENESIS	0.6880733944954128	0.8977455716586151	0.0504983044100708	-0.2643744138906385	-0.8850032392704278	97
Hallmark	HALLMARK_ESTROGEN_RESPONSE_LATE	0.706997084548105	0.8977455716586151	0.0470699590082661	-0.2505840106238509	-0.9050011291892484	184
Hallmark	HALLMARK_HEDGEHOG_SIGNALING	0.7181964573268921	0.8977455716586151	0.0509082865515105	-0.2997795515730465	-0.8317858224425155	32
Hallmark	HALLMARK_APICAL_SURFACE	0.7782945736434108	0.9441707717569788	0.0454967810085007	-0.274158516137903	-0.7985212567695732	39
Hallmark	HALLMARK_PI3K_AKT_MTOR_SIGNALING	0.7931034482758621	0.9441707717569788	0.0739901439101341	0.2352834336098209	0.8400852717870535	98
Hallmark	HALLMARK_FATTY_ACID_METABOLISM	0.8340740740740741	0.9698535745047372	0.0402477565068868	-0.235826073876938	-0.8311687838000694	145
Hallmark	HALLMARK_PEROXISOME	0.8632218844984803	0.980933959657364	0.0398406946073898	-0.2366695064749174	-0.795676012724692	100
Hallmark	HALLMARK_GLYCOLYSIS	0.9246376811594202	0.9938837920489296	0.0344174840212229	-0.2190849692814235	-0.7947678862504995	191
Hallmark	HALLMARK_CHOLESTEROL_HOMEOSTASIS	0.9495798319327732	0.9938837920489296	0.0637845390312974	0.2084452729431906	0.70033805645101	70
Hallmark	HALLMARK_TNFA_SIGNALING_VIA_NFKB	0.9601769911504424	0.9938837920489296	0.0334561741060507	-0.2120571854602714	-0.748680742022112	146
Hallmark	HALLMARK_OXIDATIVE_PHOSPHORYLATION	0.9842180774748924	0.9938837920489296	0.0309184317061809	-0.202889788746316	-0.7415976196984512	200
Hallmark	HALLMARK_PROTEIN_SECRETION	0.9878048780487804	0.9938837920489296	0.0336769978828607	-0.195207296113591	-0.6526004923690087	96
Hallmark	HALLMARK_ANDROGEN_RESPONSE	0.9938837920489296	0.9938837920489296	0.0335297167141207	-0.1894065502532594	-0.6340455116148712	97
Reactome	REACTOME_CELL_CYCLE_CHECKPOINTS	5.317502785871826e-12	7.3062488277878895e-09	0.8870749883998732	0.5262675892111427	2.155287621017527	275
Reactome	REACTOME_M_PHASE	4.133163161962673e-11	2.8394830922683563e-08	0.851339057116899	0.47154172199228	1.9822307326700657	375
Reactome	REACTOME_PROCESSING_OF_CAPPED_INTRON_CONTAINING_PRE_MRNA	1.6041185427767509e-10	7.34686292591752e-08	0.826657301178302	0.5029319937441428	2.0816523018198643	290
Reactome	REACTOME_HOMOLOGY_DIRECTED_REPAIR	1.320507092282993e-09	4.496484590215228e-07	0.7881868108002371	0.6052474287855286	2.2286558480073517	125
Reactome	REACTOME_DNA_DOUBLE_STRAND_BREAK_REPAIR	1.6362753239502284e-09	4.496484590215228e-07	0.7881868108002371	0.5773782129262699	2.1847863062728385	155
Reactome	REACTOME_G2_M_CHECKPOINTS	1.3557433987841929e-08	2.986687171576833e-06	0.7477396631498854	0.5701064457658689	2.1471285565815394	142
Reactome	REACTOME_DNA_REPAIR	1.5216019069168732e-08	2.986687171576833e-06	0.7337619883564803	0.4536777182471488	1.8742448048733156	315
Reactome	REACTOME_MITOTIC_PROMETAPHASE	1.8179525633983216e-08	3.122333527636617e-06	0.7337619883564803	0.5205549891337247	2.0519878361196096	196
Reactome	REACTOME_EXTRACELLULAR_MATRIX_ORGANIZATION	2.8812701425489056e-08	4.398739084291329e-06	0.7337619883564803	-0.5067852233898825	-1.8883924390095777	250
Reactome	REACTOME_DNA_REPLICATION	6.328802965977886e-08	8.431434737324164e-06	0.7049757151672383	0.5404783796601753	2.055688716015579	163
Reactome	REACTOME_S_PHASE	6.750056922166361e-08	8.431434737324164e-06	0.7049757151672383	0.5557288564578962	2.087060992672124	148
Reactome	REACTOME_FCGR3A_MEDIATED_IL10_SYNTHESIS	2.0104404112630145e-07	2.3019542708961515e-05	0.6901324587967956	0.6256027510382333	2.1580378937327587	87
Reactome	REACTOME_FCGR_ACTIVATION	2.474139912471894e-07	2.6149755690279863e-05	0.674962860011025	0.6829277363853034	2.2546276711810824	65
Reactome	REACTOME_TRANSPORT_OF_MATURE_TRANSCRIPT_TO_CYTOPLASM	5.837531226178435e-07	5.639460543809247e-05	0.6594443980379349	0.6203942351306421	2.138245774654799	83
Reactome	REACTOME_MITOTIC_METAPHASE_AND_ANAPHASE	6.156616314202236e-07	5.639460543809247e-05	0.6594443980379349	0.4748061524464183	1.8907994054393944	217
Reactome	REACTOME_FCERI_MEDIATED_NF_KB_ACTIVATION	7.403073607748657e-07	6.137371587923539e-05	0.6594443980379349	0.5617411779951482	2.0639767807716987	118
Reactome	REACTOME_HDR_THROUGH_HOMOLOGOUS_RECOMBINATION_HRR	7.950888956698619e-07	6.137371587923539e-05	0.6594443980379349	0.6572523810514935	2.194167726925592	69
Reactome	REACTOME_PARASITE_INFECTION	8.04022478767276e-07	6.137371587923539e-05	0.6594443980379349	0.5651915692091843	2.044919458285204	110
Reactome	REACTOME_MITOTIC_SPINDLE_CHECKPOINT	9.707799087088436e-07	7.02027155034711e-05	0.6435518361507222	0.563806256745112	2.039907259646873	110
Reactome	REACTOME_TRNA_PROCESSING	1.1832427026223476e-06	8.128877367015528e-05	0.6435518361507222	0.5690795021438562	2.0615348802312505	112
Reactome	REACTOME_MRNA_3_END_PROCESSING	1.5172270090310142e-06	9.92699957337435e-05	0.6435518361507222	0.5054930802440296	1.9012553989167176	151
Reactome	REACTOME_ROLE_OF_LAT2_NTAL_LAB_ON_CALCIUM_MOBILIZATION	1.5980303142496624e-06	9.980425689904707e-05	0.6435518361507222	0.6469635597708372	2.159819582661733	69
Reactome	REACTOME_SCAVENGING_OF_HEME_FROM_PLASMA	1.7726511266387058e-06	0.000105896636869634	0.6435518361507222	0.6505372372910051	2.153254736134691	66
Reactome	REACTOME_ASSEMBLY_OF_COLLAGEN_FIBRILS_AND_OTHER_MULTIMERIC_STRUCTURES	2.09208243608012e-06	0.000117438767182398	0.6272567397185284	-0.7298664596593822	-2.1083124329656404	42
Reactome	REACTOME_SYNTHESIS_OF_DNA	2.136804351935917e-06	0.000117438767182398	0.6272567397185284	0.5705120857524502	2.046181254088008	107
Reactome	REACTOME_CHROMOSOME_MAINTENANCE	2.440391046741375e-06	0.00012896528070087114	0.6272567397185284	0.5455276955710324	2.000809126002279	123
Reactome	REACTOME_CREATION_OF_C4_AND_C2_ACTIVATORS	4.506587690022659e-06	0.00022933524022559752	0.610526878385931	0.637181347792258	2.109047224758053	66
Reactome	REACTOME_HOMOLOGOUS_DNA_PAIRING_AND_STRAND_EXCHANGE	5.1553780019180295e-06	0.0002529817633798347	0.610526878385931	0.7002254544419735	2.164062331004664	43
Reactome	REACTOME_FCERI_MEDIATED_CA_2_MOBILIZATION	5.560857170608211e-06	0.00026346957766950626	0.610526878385931	0.5915319344805788	2.0387692016675945	83
Reactome	REACTOME_FCERI_MEDIATED_MAPK_ACTIVATION	6.1130846128391e-06	0.0002799792752680308	0.610526878385931	0.589541383261914	2.0349366174263186	84
Reactome	REACTOME_ROLE_OF_PHOSPHOLIPIDS_IN_PHAGOCYTOSIS	6.570006280275262e-06	0.00029119963319671643	0.610526878385931	0.6111305575993762	2.075746428144841	79
Reactome	REACTOME_MRNA_SPLICING	8.693554050716162e-06	0.0003732794770526252	0.5933254763964051	0.4541851477848773	1.8030784633550567	210
Reactome	REACTOME_DEVELOPMENTAL_CELL_LINEAGES	8.995672436258086e-06	0.0003745470887096548	0.5933254763964051	-0.5595690738518776	-1.89563152293868	115
Reactome	REACTOME_DISEASES_OF_DNA_REPAIR	9.818652516220149e-06	0.0003822974976161383	0.5933254763964051	0.6784122319928965	2.14890282282306	51
Reactome	REACTOME_RESOLUTION_OF_SISTER_CHROMATID_COHESION	9.87149562887989e-06	0.0003822974976161383	0.5933254763964051	0.5196619224200806	1.9154592149365888	120
Reactome	REACTOME_MITOTIC_G1_PHASE_AND_G1_S_TRANSITION	1.0016528321820215e-05	0.0003822974976161383	0.5933254763964051	0.5042404316034796	1.880596492490332	137
Reactome	REACTOME_ELASTIC_FIBRE_FORMATION	1.2528650413748082e-05	0.0004652531261754018	0.5933254763964051	-0.7395921264634593	-2.0621157209403864	34
Reactome	REACTOME_CD22_MEDIATED_BCR_REGULATION	1.3139995354733696e-05	0.0004751145688790552	0.5933254763964051	0.6529124301900711	2.1125650331155423	59
Reactome	REACTOME_DNA_STRAND_ELONGATION	1.3751917044062343e-05	0.0004844906158600426	0.5933254763964051	0.7327269489610646	2.133256306649907	32
Reactome	REACTOME_PROCESSING_OF_DNA_DOUBLE_STRAND_BREAK_ENDS	1.54528197947525e-05	0.0005308043599497483	0.5756102610711286	0.5775329672567917	1.9905204739702933	83
Reactome	REACTOME_SHC_MEDIATED_CASCADE_FGFR4	1.6494836173931526e-05	0.0005527781683654126	0.5756102610711286	-0.8512794769417846	-1.9920369220833367	15
Reactome	REACTOME_ECM_PROTEOGLYCANS	1.9014614029408416e-05	0.000587792204979572	0.5756102610711286	-0.6476286083352053	-1.9851354190203128	55
Reactome	REACTOME_SEPARATION_OF_SISTER_CHROMATIDS	1.91959814474526e-05	0.000587792204979572	0.5756102610711286	0.4646599657624867	1.7793223511448517	172
Reactome	REACTOME_ACTIVATION_OF_ATR_IN_RESPONSE_TO_REPLICATION_STRESS	1.9385763427922223e-05	0.000587792204979572	0.5756102610711286	0.7124706862480945	2.140653212353967	37
Reactome	REACTOME_MITOTIC_G2_G2_M_PHASES	1.946873679503292e-05	0.000587792204979572	0.5756102610711286	0.4596046753497899	1.7958798623965342	186
Reactome	REACTOME_RESPONSE_TO_METAL_IONS	1.9678632772241855e-05	0.000587792204979572	0.5756102610711286	-0.8944381914677358	-1.9723780755449467	11
Reactome	REACTOME_SUMOYLATION_OF_DNA_REPLICATION_PROTEINS	2.020047522576451e-05	0.0005905415523446902	0.5756102610711286	0.6718919904547447	2.1046590538141348	46
Reactome	REACTOME_COMPLEMENT_CASCADE	2.141255842959501e-05	0.0006129344850471572	0.5756102610711286	0.5334579220744559	1.8810701524036475	97
Reactome	REACTOME_G2_M_DNA_DAMAGE_CHECKPOINT	2.2323820633018163e-05	0.0006259781540768767	0.5756102610711286	0.5757945623019594	1.9775826085972656	82
Reactome	REACTOME_MRNA_POLYADENYLATION	2.72021913834648e-05	0.0007368660613414514	0.5756102610711286	0.4986414844567205	1.8299935772428644	127
Reactome	REACTOME_RESOLUTION_OF_D_LOOP_STRUCTURES	2.735092367424601e-05	0.0007368660613414514	0.5756102610711286	0.7096214327071804	2.121695222509197	36
Reactome	REACTOME_DNA_REPLICATION_PRE_INITIATION	2.8682415424106452e-05	0.0007578776690908129	0.5756102610711286	0.5058227670409918	1.86151125585288	129
Reactome	REACTOME_ACTIVATION_OF_THE_PRE_REPLICATIVE_COMPLEX	3.194564333053651e-05	0.0008281757346444747	0.557332238758646	0.7278090563618338	2.141790266157776	33
Reactome	REACTOME_MOLECULES_ASSOCIATED_WITH_ELASTIC_FIBRES	3.9899945172716906e-05	0.0010152319382835	0.557332238758646	-0.7501901113820246	-2.01986709415091	29
Reactome	REACTOME_FCGAMMA_RECEPTOR_FCGR_DEPENDENT_PHAGOCYTOSIS	4.994640570798725e-05	0.0012477520262322	0.557332238758646	0.4869569738822164	1.806610426590512	135
Reactome	REACTOME_FRS_MEDIATED_FGFR4_SIGNALING	7.142621547369882e-05	0.001746503468935	0.5384340963099162	-0.8049791901582777	-1.9289805460160252	17
Reactome	REACTOME_SIGNALING_BY_THE_B_CELL_RECEPTOR_BCR	7.264388952660842e-05	0.001746503468935	0.5384340963099162	0.4558887505094203	1.7077179688971589	147
Reactome	REACTOME_INITIAL_TRIGGERING_OF_COMPLEMENT	7.492955492700218e-05	0.001746503468935	0.5384340963099162	0.5609176906362707	1.9070155499645995	73
Reactome	REACTOME_ANCHORING_OF_THE_BASAL_BODY_TO_THE_PLASMA_MEMBRANE	7.544838611505243e-05	0.001746503468935	0.5384340963099162	0.5289563792249254	1.856837281585873	96
Reactome	REACTOME_ANTIGEN_ACTIVATES_B_CELL_RECEPTOR_BCR_LEADING_TO_GENERATION_OF_SECOND_MESSENGERS	7.663249935716131e-05	0.001746503468935	0.5384340963099162	0.5570511095723298	1.913207693358414	82
Reactome	REACTOME_CHROMATIN_ORGANIZATION	7.753763581152676e-05	0.001746503468935	0.5384340963099162	0.4008249522510181	1.6329235814586016	256
Reactome	REACTOME_CYCLIN_A_B1_B2_ASSOCIATED_EVENTS_DURING_G2_M_TRANSITION	7.934179649871336e-05	0.001758316586923	0.5384340963099162	0.7250585483987122	2.0838476965406625	31
Reactome	REACTOME_HDR_THROUGH_SINGLE_STRAND_ANNEALING_SSA	8.118449272285887e-05	0.0017705951270033	0.5384340963099162	0.6880533183185549	2.067290029693289	37
Reactome	REACTOME_RRNA_MODIFICATION_IN_THE_NUCLEUS_AND_CYTOSOL	8.359604832170068e-05	0.0017947026624065	0.5384340963099162	0.6050519525392497	1.9718303573399576	60
Reactome	REACTOME_INTERACTIONS_OF_REV_WITH_HOST_CELLULAR_PROTEINS	0.00012572723994738996	0.0026182524655846	0.5188480777437918	0.6771956554052287	2.034667647548047	37
Reactome	REACTOME_FC_EPSILON_RECEPTOR_FCERI_SIGNALING	0.00012576758568310655	0.0026182524655846	0.5188480777437918	0.4419601804924981	1.690053521303211	167
Reactome	REACTOME_COLLAGEN_DEGRADATION	0.00012844357609946582	0.002634051844189	0.5188480777437918	-0.667764573117721	-1.8910768486426093	37
Reactome	REACTOME_TELOMERE_MAINTENANCE	0.00013175466956039802	0.002662219352588	0.5188480777437918	0.5181491259216373	1.818899728257767	96
Reactome	REACTOME_DEVELOPMENTAL_CELL_LINEAGES_OF_THE_EXOCRINE_PANCREAS	0.00013625119417251522	0.0027131759535222	0.5188480777437918	-0.5941014101897751	-1.8587329293261925	64
Reactome	REACTOME_RHO_GTPASES_ACTIVATE_FORMINS	0.00014458632593949847	0.0028380230262981	0.5188480777437918	0.4699316471874416	1.74711482032039	133
Reactome	REACTOME_PHOSPHOLIPASE_C_MEDIATED_CASCADE_FGFR4	0.00014681484098905427	0.0028411773453374	0.5188480777437918	-0.8759091382350779	-1.9037774199549664	10
Reactome	REACTOME_RNA_POLYMERASE_II_TRANSCRIPTION_TERMINATION	0.0001509022157834742	0.0028797172845346	0.5188480777437918	0.5756413852377431	1.9053521735971544	66
Reactome	REACTOME_RESOLUTION_OF_D_LOOP_STRUCTURES_THROUGH_SYNTHESIS_DEPENDENT_STRAND_ANNEALING_SDSA	0.00015650847047902114	0.0029457895676462	0.5188480777437918	0.7293038690638265	2.0290541107243496	27
Reactome	REACTOME_SNRNP_ASSEMBLY	0.0001606588116236556	0.0029830433401473	0.5188480777437918	0.6151700077493631	1.9664535596036263	54
Reactome	REACTOME_REGULATION_OF_TP53_ACTIVITY_THROUGH_PHOSPHORYLATION	0.00016292790642035153	0.0029848392456208	0.5188480777437918	0.5335209661777354	1.8634383886128068	89
Reactome	REACTOME_TRANSPORT_OF_MATURE_MRNAS_DERIVED_FROM_INTRONLESS_TRANSCRIPTS	0.00017790745290540867	0.0032163794775267	0.5188480777437918	0.641145067159095	1.9814730809153	43
Reactome	REACTOME_POLO_LIKE_KINASE_MEDIATED_EVENTS	0.00018322277722383876	0.0032694557909812	0.5188480777437918	0.8075504157406164	2.0062846818053117	16
Reactome	REACTOME_DEGRADATION_OF_THE_EXTRACELLULAR_MATRIX	0.00019088067489041668	0.0033624365038388	0.5188480777437918	-0.5347057748894007	-1.788711380362061	100
Reactome	REACTOME_FORMATION_OF_THE_URETERIC_BUD	0.00021770740182166983	0.0037368522171615	0.5188480777437918	-0.7807123193377653	-1.913476494287987	18
Reactome	REACTOME_BINDING_AND_UPTAKE_OF_LIGANDS_BY_SCAVENGER_RECEPTORS	0.00021965612485624477	0.0037368522171615	0.5188480777437918	0.5188299364178223	1.81779193515994	90
Reactome	REACTOME_VIRAL_MESSENGER_RNA_SYNTHESIS	0.0002202947813610508	0.0037368522171615	0.5188480777437918	0.6283367741823871	1.9603870790925475	44
Reactome	REACTOME_NEGATIVE_REGULATION_OF_FGFR4_SIGNALING	0.0002503172019721412	0.0041129340176702	0.4984931087665902	-0.7023130951221647	-1.852400912700012	26
Reactome	REACTOME_NUCLEAR_PORE_COMPLEX_NPC_DISASSEMBLY	0.0002510926340602224	0.0041129340176702	0.4984931087665902	0.6666231474197482	1.993134764403533	36
Reactome	REACTOME_TRNA_PROCESSING_IN_THE_NUCLEUS	0.0002514457478051669	0.0041129340176702	0.4984931087665902	0.5974932713384536	1.9332506691348776	59
Reactome	REACTOME_DOWNSTREAM_SIGNALING_OF_ACTIVATED_FGFR4	0.00026955504443399694	0.0043572780123801	0.4984931087665902	-0.7595341755127282	-1.9175668729673805	22
Reactome	REACTOME_EPIGENETIC_REGULATION_OF_GENE_EXPRESSION	0.0002843744485829515	0.0045433778180578	0.4984931087665902	0.3754008706363514	1.5488881429659	292
Reactome	REACTOME_AURKA_ACTIVATION_BY_TPX2	0.00030437661152960145	0.0048070513131226	0.4984931087665902	0.5548013812560645	1.8643081400796744	71
Reactome	REACTOME_MITOTIC_PROPHASE	0.00033125065673745576	0.0051720272995143	0.4984931087665902	0.4825876364408284	1.7716589486997436	121
Reactome	REACTOME_REGULATION_OF_GLUCOKINASE_BY_GLUCOKINASE_REGULATORY_PROTEIN	0.00034761426972122257	0.0053665393999658	0.4984931087665902	0.6721603204749633	1.956923032196584	32
Reactome	REACTOME_G1_S_SPECIFIC_TRANSCRIPTION	0.00036210082496617954	0.0054507169693307	0.4984931087665902	0.6982445780376104	1.9685669632393976	28
Reactome	REACTOME_NUCLEAR_IMPORT_OF_REV_PROTEIN	0.0003630129177242808	0.0054507169693307	0.4984931087665902	0.6744231658670927	1.9955223679213137	34
Reactome	REACTOME_EXTENSION_OF_TELOMERES	0.000364967948455917	0.0054507169693307	0.4984931087665902	0.6071173308836879	1.916656649425704	50
Reactome	REACTOME_RRNA_PROCESSING	0.0003870271945524101	0.0057180146808065	0.4984931087665902	0.4038691253094963	1.6035376881978791	207
Reactome	REACTOME_REGULATION_OF_PLK1_ACTIVITY_AT_G2_M_TRANSITION	0.0003942856864552308	0.0057632822679732	0.4984931087665902	0.5083305279182233	1.76046756895674	86
Reactome	REACTOME_NPAS4_REGULATES_EXPRESSION_OF_TARGET_GENES	0.00040088530258619766	0.0057980674289835	0.4984931087665902	-0.7658663296426275	-1.8352539653091469	17
Reactome	REACTOME_TRANSPORT_OF_THE_SLBP_DEPENDANT_MATURE_MRNA	0.0004521572381214229	0.0064715004706128	0.4984931087665902	0.6518460606536578	1.9489527922291456	36
Reactome	REACTOME_EXPORT_OF_VIRAL_RIBONUCLEOPROTEINS_FROM_NUCLEUS	0.00045793953982202094	0.0064863505368888	0.4984931087665902	0.6738055180216838	1.982869115419156	33
Reactome	REACTOME_G0_AND_EARLY_G1	0.0004626363556150673	0.0064863505368888	0.4984931087665902	0.6992748290790974	1.933786401853093	26
Reactome	REACTOME_RECRUITMENT_OF_MITOTIC_CENTROSOME_PROTEINS_AND_COMPLEXES	0.0004989070681054758	0.0069242253694638	0.4772708153628621	0.5194678264795507	1.7758589993003666	80
Reactome	REACTOME_ANTI_INFLAMMATORY_RESPONSE_FAVOURING_LEISHMANIA_PARASITE_INFECTION	0.000525945789525272	0.0072264951480772	0.4772708153628621	0.458298553300334	1.6894909338756177	119
Reactome	REACTOME_SIGNALING_BY_FGFR4	0.0005766973285927657	0.0078453676186778	0.4772708153628621	-0.6521929726549798	-1.840436251171714	36
Reactome	REACTOME_CELL_SURFACE_INTERACTIONS_AT_THE_VASCULAR_WALL	0.0006257126312443288	0.0084287172091147	0.4772708153628621	0.4365440166452247	1.6512263861816052	156
Reactome	REACTOME_DEPOSITION_OF_NEW_CENPA_CONTAINING_NUCLEOSOMES_AT_THE_CENTROMERE	0.0006597250006254734	0.0088006034064019	0.4772708153628621	0.5672508332154304	1.831694209145158	58
Reactome	REACTOME_SUMOYLATION_OF_DNA_DAMAGE_RESPONSE_AND_REPAIR_PROTEINS	0.0006881614230662267	0.0090916711085864	0.4772708153628621	0.5224563014811827	1.7811190076725916	77
Reactome	REACTOME_PI_3K_CASCADE_FGFR4	0.0006966768463711545	0.0091165141610853	0.4772708153628621	-0.7813726914223826	-1.828451517253552	15
Reactome	REACTOME_NUCLEAR_ENVELOPE_BREAKDOWN	0.0007398696036205051	0.0095903852393827	0.4772708153628621	0.5725099035638394	1.8277690075973785	53
Reactome	REACTOME_PKMTS_METHYLATE_HISTONE_LYSINES	0.0007602516863648716	0.0097624842716386	0.4772708153628621	0.5637878932532554	1.820512124071121	58
Reactome	REACTOME_SYNTHESIS_SECRETION_AND_INACTIVATION_OF_GLUCOSE_DEPENDENT_INSULINOTROPIC_POLYPEPTIDE_GIP	0.000768207129673094	0.0097733018163965	0.4772708153628621	-0.8426131480111172	-1.831409006844056	10
Reactome	REACTOME_SHC_MEDIATED_CASCADE_FGFR3	0.000803801873714039	0.0101018340615002	0.4772708153628621	-0.7987342225187337	-1.8054656484592893	13
Reactome	REACTOME_SUMOYLATION_OF_SUMOYLATION_PROTEINS	0.0008087348957532938	0.0101018340615002	0.4772708153628621	0.6395082366398113	1.907636565148202	35
Reactome	REACTOME_POSTMITOTIC_NUCLEAR_PORE_COMPLEX_NPC_REFORMATION	0.0009276603351911126	0.0114829306356089	0.4772708153628621	0.689003323884866	1.9169307690989044	27
Reactome	REACTOME_SIGNALING_BY_GPCR	0.000957940984948397	0.0117518831546348	0.4772708153628621	-0.3540518322318189	-1.3891576835737949	497
Reactome	REACTOME_MEIOTIC_RECOMBINATION	0.0009801035597999616	0.0119173654085411	0.4550598673872295	0.5472709440819488	1.8095704557593784	63
Reactome	REACTOME_SUMOYLATION_OF_UBIQUITINYLATION_PROTEINS	0.0009918855088238796	0.0119548306063509	0.4550598673872295	0.624668808601558	1.870726489363932	39
Reactome	REACTOME_SHC_MEDIATED_CASCADE_FGFR1	0.0010688141750215	0.0127700058824317	0.4550598673872295	-0.7829427360641283	-1.8033802667666163	14
Reactome	REACTOME_CONDENSATION_OF_PROMETAPHASE_CHROMOSOMES	0.0010868307024865	0.0128733222863497	0.4550598673872295	0.8203228816783225	1.859724354414569	11
Reactome	REACTOME_G_ALPHA_S_SIGNALLING_EVENTS	0.0011110642574437	0.0130478828181857	0.4550598673872295	-0.4902016030033193	-1.6516283267710357	106
Reactome	REACTOME_COLLAGEN_FORMATION	0.0011210128464915	0.0130531495854191	0.4550598673872295	-0.5478539700201338	-1.732531033232376	68
Reactome	REACTOME_INTERACTIONS_OF_VPR_WITH_HOST_CELLULAR_PROTEINS	0.0011607851675361	0.0134026791613	0.4550598673872295	0.6169309688726559	1.8535994333639547	37
Reactome	REACTOME_FRS_MEDIATED_FGFR2_SIGNALING	0.0011812057011406	0.0135248052780601	0.4550598673872295	-0.7383647334130301	-1.769351585769559	17
Reactome	REACTOME_REGULATION_OF_TP53_ACTIVITY	0.0012112015482528	0.0137536440272682	0.4550598673872295	0.4182694479004826	1.582722280901114	155
Reactome	REACTOME_DEVELOPMENTAL_LINEAGE_OF_PANCREATIC_DUCTAL_CELLS	0.0012980605934102	0.0146191414372598	0.4550598673872295	-0.6143331485537388	-1.756759725177902	38
Reactome	REACTOME_DISEASES_ASSOCIATED_WITH_GLYCOSAMINOGLYCAN_METABOLISM	0.0013562599710057	0.0151052011200384	0.4550598673872295	-0.6494022091382781	-1.810650028253948	34
Reactome	REACTOME_GLYCOSAMINOGLYCAN_METABOLISM	0.0013737775455875	0.0151052011200384	0.4550598673872295	-0.4742206118300798	-1.5995821190973352	111
Reactome	REACTOME_SUMOYLATION	0.0013741995196541	0.0151052011200384	0.4550598673872295	0.3943027558786681	1.5351127730086045	181
Reactome	REACTOME_SUMOYLATION_OF_RNA_BINDING_PROTEINS	0.0014168842468175	0.0154507853581534	0.4550598673872295	0.5946460514811316	1.866133973026021	47
Reactome	REACTOME_FGFR1_LIGAND_BINDING_AND_ACTIVATION	0.0015120015529667	0.016358190029735	0.4550598673872295	-0.826686661487204	-1.7967929900680035	10
Reactome	REACTOME_PHOSPHOLIPASE_C_MEDIATED_CASCADE_FGFR2	0.0015600011612588	0.0167456374653884	0.4550598673872295	-0.8243534044908494	-1.7917216855334237	10
Reactome	REACTOME_PLATELET_HOMEOSTASIS	0.0016166298689609	0.0171322323817617	0.4550598673872295	-0.5253936489899022	-1.667943557133731	71
Reactome	REACTOME_RHO_GTPASE_EFFECTORS	0.001620953573238	0.0171322323817617	0.4550598673872295	0.3530247233598207	1.4570036995132976	286
Reactome	REACTOME_FGFR2_MUTANT_RECEPTOR_ACTIVATION	0.0017016362757129	0.0177044491890181	0.4550598673872295	-0.6753233937675432	-1.758690313661081	25
Reactome	REACTOME_SIGNALING_BY_FGFR2_IN_DISEASE	0.0017067371075587	0.0177044491890181	0.4550598673872295	-0.6057905723350695	-1.703405856116513	35
Reactome	REACTOME_INCRETIN_SYNTHESIS_SECRETION_AND_INACTIVATION	0.0017137494484275	0.0177044491890181	0.4550598673872295	-0.7312538199114653	-1.7523116250145183	17
Reactome	REACTOME_GPCR_LIGAND_BINDING	0.0018961090740962	0.0194421930433446	0.4550598673872295	-0.378562726795588	-1.422264609538728	288
Reactome	REACTOME_SUMOYLATION_OF_CHROMATIN_ORGANIZATION_PROTEINS	0.0019482067816018	0.0198284156883037	0.4550598673872295	0.5233340548111411	1.7413002153780297	67
Reactome	REACTOME_MUSCLE_CONTRACTION	0.002036909680635	0.0205787786852394	0.4317076958033464	-0.4379267732230814	-1.553772398798248	158
Reactome	REACTOME_DISEASES_OF_METABOLISM	0.0020659346432802	0.0206324153431886	0.4317076958033464	-0.3912556326125652	-1.4491813097908224	232
Reactome	REACTOME_SIGNALING_BY_FGFR1	0.0020722513226783	0.0206324153431886	0.4317076958033464	-0.5867402192902275	-1.7124442108875624	43
Reactome	REACTOME_UNWINDING_OF_DNA	0.0020915194783885	0.0206744443403303	0.4317076958033464	0.7948998178506375	1.8349998251953887	12
Reactome	REACTOME_NS1_MEDIATED_EFFECTS_ON_HOST_PATHWAYS	0.0022335326891979	0.0219205279639851	0.4317076958033464	0.5807376278787647	1.7927171001929183	42
Reactome	REACTOME_TRNA_AMINOACYLATION	0.0022569202534652	0.0219929675763207	0.4317076958033464	0.5804834251100723	1.791932384981652	42
Reactome	REACTOME_NITRIC_OXIDE_STIMULATES_GUANYLATE_CYCLASE	0.0024871217574192	0.0240655302443239	0.4317076958033464	-0.7263025738779811	-1.7801216510010234	18
Reactome	REACTOME_SIGNALING_BY_TYPE_1_INSULIN_LIKE_GROWTH_FACTOR_1_RECEPTOR_IGF1R	0.0025617445686832	0.0246142450165784	0.4317076958033464	-0.5808447022512433	-1.70464263798956	44
Reactome	REACTOME_FANCONI_ANEMIA_PATHWAY	0.0026152530645274	0.024953872990699	0.4317076958033464	0.5947142934540021	1.7810202255150374	39
Reactome	REACTOME_CONDENSATION_OF_PROPHASE_CHROMOSOMES	0.0027344475981376	0.0259112482747662	0.4317076958033464	0.546271724545887	1.7432725743398525	52
Reactome	REACTOME_DENGUE_VIRUS_HOST_INTERACTIONS	0.0027967426057366	0.0263200297279596	0.4317076958033464	0.3599844241552045	1.4706607075307767	261
Reactome	REACTOME_LAGGING_STRAND_SYNTHESIS	0.0030023534256569	0.0280628136520591	0.4317076958033464	0.6930103613185126	1.7821275323592236	20
Reactome	REACTOME_DEVELOPMENTAL_LINEAGE_OF_PANCREATIC_ACINAR_CELLS	0.0031068025809513	0.0288428834204539	0.4317076958033464	-0.6899977919180681	-1.7679050742058495	23
Reactome	REACTOME_CROSSLINKING_OF_COLLAGEN_FIBRILS	0.0033812257136544	0.0310166415550151	0.4317076958033464	-0.7394744993708353	-1.7304076341388548	15
Reactome	REACTOME_BASE_EXCISION_REPAIR	0.0033860962396304	0.0310166415550151	0.4317076958033464	0.4867594303440694	1.6544388107930912	75
Reactome	REACTOME_TRNA_MODIFICATION_IN_THE_NUCLEUS_AND_CYTOSOL	0.0035472428156218	0.0321490252289853	0.4317076958033464	0.5590410596560136	1.7441870586962298	44
Reactome	REACTOME_HIV_LIFE_CYCLE	0.0035565151636141	0.0321490252289853	0.4317076958033464	0.3884981242876752	1.4552787867381154	147
Reactome	REACTOME_NEGATIVE_EPIGENETIC_REGULATION_OF_RRNA_EXPRESSION	0.0037445944953661	0.0334136810000781	0.4317076958033464	0.4642082037591482	1.6013019326263107	87
Reactome	REACTOME_RESOLUTION_OF_AP_SITES_VIA_THE_MULTIPLE_NUCLEOTIDE_PATCH_REPLACEMENT_PATHWAY	0.0037450559490626	0.0334136810000781	0.4317076958033464	0.649320535050905	1.780618755746834	25
Reactome	REACTOME_SWITCHING_OF_ORIGINS_TO_A_POST_REPLICATIVE_STATE	0.0037984726299696	0.0336716218940537	0.4317076958033464	0.4936904262080845	1.6807944121347087	78
Reactome	REACTOME_DOWNSTREAM_SIGNALING_OF_ACTIVATED_FGFR2	0.0039065500864458	0.0343501275977019	0.4070179189239539	-0.6850596909801724	-1.7295439912786852	22
Reactome	REACTOME_POTENTIAL_THERAPEUTICS_FOR_SARS	0.0039404655920468	0.0343501275977019	0.4070179189239539	0.4055428685337932	1.524689114039648	150
Reactome	REACTOME_FRS_MEDIATED_FGFR1_SIGNALING	0.003950014672807	0.0343501275977019	0.4070179189239539	-0.7258417878283264	-1.7250311321733411	16
Reactome	REACTOME_SIGNALING_BY_FGFR	0.003987981888098	0.0344621831084695	0.4070179189239539	-0.5015578493373026	-1.6248939666336248	79
Reactome	REACTOME_FRS_MEDIATED_FGFR3_SIGNALING	0.0040764124878318	0.0350061922392558	0.4070179189239539	-0.7327746827055088	-1.7147297251441895	15
Reactome	REACTOME_GENE_SILENCING_BY_RNA	0.0042184478527362	0.0357439796368976	0.4070179189239539	0.4574192549029925	1.57653752026904	83
Reactome	REACTOME_NCAM1_INTERACTIONS	0.0042265200486223	0.0357439796368976	0.4070179189239539	-0.6240279274083307	-1.7108463845313298	31
Reactome	REACTOME_DISEASES_OF_PROGRAMMED_CELL_DEATH	0.0042663847601537	0.0357439796368976	0.4070179189239539	0.4763353680805602	1.6359872104556128	82
Reactome	REACTOME_POSITIVE_EPIGENETIC_REGULATION_OF_RRNA_EXPRESSION	0.0042663847601537	0.0357439796368976	0.4070179189239539	0.4688680950023097	1.618405225404234	84
Reactome	REACTOME_KIDNEY_DEVELOPMENT	0.0043447485737661	0.0361799063051797	0.4070179189239539	-0.581829491354607	-1.6638115975653018	38
Reactome	REACTOME_APC_C_MEDIATED_DEGRADATION_OF_CELL_CYCLE_PROTEINS	0.004383533240398	0.0362829799536558	0.4070179189239539	0.4870015317861745	1.6540304038559814	74
Reactome	REACTOME_B_WICH_COMPLEX_POSITIVELY_REGULATES_RRNA_EXPRESSION	0.004478682394255	0.0368485605371642	0.4070179189239539	0.4894127397018675	1.633852793172217	69
Reactome	REACTOME_PROCESSIVE_SYNTHESIS_ON_THE_LAGGING_STRAND	0.0046739516225023	0.0382262471983224	0.4070179189239539	0.7379488015833039	1.806642695112884	15
Reactome	REACTOME_SIGNALING_BY_RECEPTOR_TYROSINE_KINASES	0.0049084460076355	0.0398151090890968	0.4070179189239539	-0.3419820854195253	-1.3421894634575582	476
Reactome	REACTOME_HCMV_LATE_EVENTS	0.0049261779804559	0.0398151090890968	0.4070179189239539	0.4488090342939951	1.5823212694288211	94
Reactome	REACTOME_KERATINIZATION	0.0051485089883125	0.041227885373744	0.4070179189239539	-0.5014069457222944	-1.6010081440410455	74
Reactome	REACTOME_CHOLESTEROL_BIOSYNTHESIS	0.0051754684143511	0.041227885373744	0.4070179189239539	0.6235246153421062	1.7243054836639309	26
Reactome	REACTOME_GENERATION_OF_SECOND_MESSENGER_MOLECULES	0.0051909928454568	0.041227885373744	0.4070179189239539	-0.5705048433249119	-1.60418688477868	35
Reactome	REACTOME_NUCLEOTIDE_EXCISION_REPAIR	0.0054339871881741	0.0429097608997197	0.4070179189239539	0.422491448692513	1.51814054228728	108
Reactome	REACTOME_DEFECTIVE_PYROPTOSIS	0.0055949239694455	0.0436996708296909	0.4070179189239539	0.5173841726141836	1.651086076742489	52
Reactome	REACTOME_NEGATIVE_REGULATION_OF_FGFR2_SIGNALING	0.0055976288690142	0.0436996708296909	0.4070179189239539	-0.6198349773818143	-1.6348589906695985	26
Reactome	REACTOME_NCAM_SIGNALING_FOR_NEURITE_OUT_GROWTH	0.0057720846629617	0.0448070300955335	0.4070179189239539	-0.5477364500370727	-1.6526305000317771	51
Reactome	REACTOME_RNA_POLYMERASE_I_PROMOTER_ESCAPE	0.0059153778672195	0.0456613999413467	0.4070179189239539	0.4786088730750946	1.597785224363187	69
Reactome	REACTOME_FGFR1_MUTANT_RECEPTOR_ACTIVATION	0.0059607148807055	0.0456613999413467	0.4070179189239539	-0.6186841189033335	-1.6318235192954595	26
Reactome	REACTOME_REGULATION_OF_ENDOGENOUS_RETROELEMENTS	0.0059818427870759	0.0456613999413467	0.4070179189239539	0.4058748804353244	1.496234116047844	119
Reactome	REACTOME_SYNTHESIS_OF_BILE_ACIDS_AND_BILE_SALTS_VIA_27_HYDROXYCHOLESTEROL	0.0060760736109123	0.0461244482949918	0.4070179189239539	-0.7697617720210793	-1.697446796223673	11
Reactome	REACTOME_TRANSCRIPTION_OF_E2F_TARGETS_UNDER_NEGATIVE_CONTROL_BY_DREAM_COMPLEX	0.0062186106525421	0.0469470936076532	0.4070179189239539	0.6730373269555449	1.713861928250513	19
Reactome	REACTOME_REGULATION_OF_ENDOGENOUS_RETROELEMENTS_BY_PIWI_INTERACTING_RNAS_PIRNAS	0.0063835884024652	0.0479292375135913	0.4070179189239539	0.4696805048230438	1.5963895251148323	75
Reactome	REACTOME_DOWNSTREAM_SIGNALING_OF_ACTIVATED_FGFR1	0.0064915794646565	0.0484751640458589	0.4070179189239539	-0.6698917371796764	-1.7163895525467832	23
Reactome	REACTOME_NON_INTEGRIN_MEMBRANE_ECM_INTERACTIONS	0.0066231012073793	0.0489610331069198	0.4070179189239539	-0.5216323854096805	-1.6373600331182068	65
Reactome	REACTOME_DISEASES_OF_GLYCOSYLATION	0.006627912778666	0.0489610331069198	0.4070179189239539	-0.4339350654588988	-1.4907447498783826	125
Reactome	REACTOME_TELOMERE_C_STRAND_LAGGING_STRAND_SYNTHESIS	0.0067633617596661	0.0496944334640711	0.4070179189239539	0.5786257051429947	1.7120712865528045	34
Reactome	REACTOME_ACTIVATION_OF_APC_C_AND_APC_C_CDC20_MEDIATED_DEGRADATION_OF_MITOTIC_PROTEINS	0.0068565299761227	0.0500556996864662	0.4070179189239539	0.4936765567023706	1.6323587454623931	63
Reactome	REACTOME_DOWNSTREAM_SIGNALING_OF_ACTIVATED_FGFR3	0.0068853910049069	0.0500556996864662	0.4070179189239539	-0.6713826730681374	-1.6694394204962015	20
Reactome	REACTOME_TRANSCRIPTIONAL_REGULATION_BY_NPAS4	0.0074313667467445	0.0535340785357519	0.4070179189239539	-0.6417932120779097	-1.7280113009453455	29
Reactome	REACTOME_NEGATIVE_REGULATION_OF_TCF_DEPENDENT_SIGNALING_BY_WNT_LIGAND_ANTAGONISTS	0.0074696404272602	0.0535340785357519	0.4070179189239539	-0.7673918581581928	-1.6679164859069682	10
Reactome	REACTOME_MET_ACTIVATES_PTK2_SIGNALING	0.0074807445988823	0.0535340785357519	0.4070179189239539	-0.6607793098528509	-1.6682442420194186	22
Reactome	REACTOME_RESOLUTION_OF_ABASIC_SITES_AP_SITES	0.0078603300814536	0.0559590338441308	0.3807304007227924	0.5579927296888221	1.6751504751471222	38
Reactome	REACTOME_PI_3K_CASCADE_FGFR2	0.008320106824282	0.0589269421472345	0.3807304007227924	-0.7105077337043614	-1.6626239411403474	15
Reactome	REACTOME_DNA_METHYLATION	0.0085354423218943	0.06014203974504	0.3807304007227924	0.5354403910281272	1.6547904298134872	43
Reactome	REACTOME_HDACS_DEACETYLATE_HISTONES	0.008614028364614	0.060377498751091	0.3807304007227924	0.4621211821983724	1.5613219257252462	72
Reactome	REACTOME_COLLAGEN_BIOSYNTHESIS_AND_MODIFYING_ENZYMES	0.0086567447263209	0.060377498751091	0.3807304007227924	-0.533166381246537	-1.6015088692647057	50
Reactome	REACTOME_ORC1_REMOVAL_FROM_CHROMATIN	0.0089552181737907	0.0621018954554184	0.3807304007227924	0.4965076945196999	1.6025306063726543	57
Reactome	REACTOME_SIGNALLING_TO_RAS	0.0089943793272403	0.0621018954554184	0.3807304007227924	-0.6703332453887734	-1.6630394993289568	19
Reactome	REACTOME_CGMP_EFFECTS	0.0093206003391091	0.0640170532028414	0.3807304007227924	-0.7125350743857353	-1.6412077580359212	14
Reactome	REACTOME_PARACETAMOL_ADME	0.0093649400973589	0.0640170532028414	0.3807304007227924	-0.6123139830380329	-1.635082022287191	27
Reactome	REACTOME_ATTACHMENT_OF_BACTERIA_TO_EPITHELIAL_CELLS	0.009490613283983	0.0645549636247166	0.3807304007227924	-0.6686078079693489	-1.6587588365364394	19
Reactome	REACTOME_GLYCOSAMINOGLYCAN_PROTEIN_LINKAGE_REGION_BIOSYNTHESIS	0.0095986740432164	0.0649683651989132	0.3807304007227924	-0.6130072802886722	-1.5964054792073537	25
Reactome	REACTOME_E2F_MEDIATED_REGULATION_OF_DNA_REPLICATION	0.009769827094308	0.0658026589587218	0.3807304007227924	0.6377703886008915	1.683267089413954	22
Reactome	REACTOME_IRS_MEDIATED_SIGNALLING	0.009880364408243	0.0662225399850049	0.3807304007227924	-0.5477893104526078	-1.5780776759821735	40
Reactome	REACTOME_FGFR2_LIGAND_BINDING_AND_ACTIVATION	0.0100919486060143	0.0673123174012802	0.3807304007227924	-0.7623257637730642	-1.7101026076844557	12
Reactome	REACTOME_CHOLESTEROL_BIOSYNTHESIS_VIA_DESMOSTEROL_BLOCH_PATHWAY	0.0103239474529867	0.0685270714995349	0.3807304007227924	0.7605415777949025	1.6810197344697355	10
Reactome	REACTOME_FORMATION_OF_THE_CORNIFIED_ENVELOPE	0.0103769868639569	0.06854028145496	0.3807304007227924	-0.4807789521197449	-1.5227825333195022	69
Reactome	REACTOME_FOXO_MEDIATED_TRANSCRIPTION	0.0104257051121445	0.06854028145496	0.3807304007227924	-0.5064705954036661	-1.561902808936425	58
Reactome	REACTOME_SIGNALING_BY_NOTCH2	0.0107993283697268	0.0701409114486357	0.3807304007227924	-0.5397967488975649	-1.5178396382771455	35
Reactome	REACTOME_METABOLIC_DISORDERS_OF_BIOLOGICAL_OXIDATION_ENZYMES	0.0108149765692538	0.0701409114486357	0.3807304007227924	-0.6029623216836031	-1.6101099756204134	27
Reactome	REACTOME_HDR_THROUGH_MMEJ_ALT_NHEJ	0.0108223240371985	0.0701409114486357	0.3807304007227924	0.7431226663006223	1.7154739907320005	12
Reactome	REACTOME_BIOLOGICAL_OXIDATIONS	0.010965528740107	0.0707353825770284	0.3807304007227924	-0.3860188288847995	-1.3868693205725051	177
Reactome	REACTOME_ACTIVATION_OF_GENE_EXPRESSION_BY_SREBF_SREBP	0.0111085170805703	0.0711581563656987	0.3807304007227924	0.5168629389509098	1.5955381305285423	42
Reactome	REACTOME_INFECTION_WITH_ENTEROBACTERIA	0.0111346460106442	0.0711581563656987	0.3807304007227924	-0.5807297288483334	-1.6191788157641536	34
Reactome	REACTOME_TRANSCRIPTION_OF_E2F_TARGETS_UNDER_NEGATIVE_CONTROL_BY_P107_RBL1_AND_P130_RBL2_IN_COMPLEX_WITH_HDAC1	0.0113622903483016	0.0717568669099168	0.3807304007227924	0.6801552887651364	1.689783214150017	16
Reactome	REACTOME_RNA_POLYMERASE_I_TRANSCRIPTION	0.0113781868181459	0.0717568669099168	0.3807304007227924	0.428974885028819	1.4982883882527076	89
Reactome	REACTOME_CLASS_B_2_SECRETIN_FAMILY_RECEPTORS	0.0113850050846884	0.0717568669099168	0.3807304007227924	-0.4777301833380049	-1.5155432165783516	70
Reactome	REACTOME_CA2_PATHWAY	0.0114740896315169	0.0719881239895173	0.3807304007227924	-0.5028945232461366	-1.5508745731444675	58
Reactome	REACTOME_NEGATIVE_REGULATION_OF_FGFR1_SIGNALING	0.0117041630558865	0.073097818358128	0.3807304007227924	-0.6058943937932134	-1.5778819618863469	25
Reactome	REACTOME_LAMININ_INTERACTIONS	0.0119366906986846	0.0742127285972518	0.3807304007227924	-0.600015478538433	-1.6362987546867955	30
Reactome	REACTOME_PCNA_DEPENDENT_LONG_PATCH_BASE_EXCISION_REPAIR	0.0120935709833827	0.0747019172993802	0.3807304007227924	0.6458012028141078	1.6742815163713842	21
Reactome	REACTOME_PROCESSING_OF_CAPPED_INTRONLESS_PRE_MRNA	0.0121241103040478	0.0747019172993802	0.3807304007227924	0.6003852335623086	1.7049181054895353	29
Reactome	REACTOME_SIGNALING_BY_FGFR1_IN_DISEASE	0.0121815437677124	0.074720719360879	0.3807304007227924	-0.5788906218675354	-1.604802339961542	33
Reactome	REACTOME_SIGNALING_BY_PDGF	0.0122451366319833	0.0747769676993117	0.3807304007227924	-0.5329283574270773	-1.5818390116979013	47
Reactome	REACTOME_HCMV_EARLY_EVENTS	0.0124409366778969	0.0756364911302228	0.3807304007227924	0.3938963053204152	1.4251561119770462	110
Reactome	REACTOME_SIGNALING_BY_FGFR_IN_DISEASE	0.0129738600746726	0.0785290032713664	0.3807304007227924	-0.5173954247494308	-1.585939796497592	55
Reactome	REACTOME_PI_3K_CASCADE_FGFR3	0.0131167522603016	0.0790456912528703	0.3807304007227924	-0.7004818524560927	-1.5833751532399645	13
Reactome	REACTOME_SIGNALING_BY_FGFR3	0.0136119187668696	0.0816097432325165	0.3807304007227924	-0.5316671373105015	-1.4949802069525908	35
Reactome	REACTOME_MEIOSIS	0.0136610196095187	0.0816097432325165	0.3807304007227924	0.4278803607861753	1.5057594959249403	91
Reactome	REACTOME_APC_CDC20_MEDIATED_DEGRADATION_OF_NEK2A	0.0140283658129097	0.0834013545959737	0.3807304007227924	0.5826709414474315	1.6113280450976033	26
Reactome	REACTOME_PI_3K_CASCADE_FGFR1	0.0140823247934977	0.0834013545959737	0.3807304007227924	-0.6974672461717678	-1.6065014853898556	14
Reactome	REACTOME_PRC2_METHYLATES_HISTONES_AND_DNA	0.0146250070361632	0.0862436037239838	0.3807304007227924	0.4960186844990455	1.5855742241589572	54
Reactome	REACTOME_DNA_DAMAGE_TELOMERE_STRESS_INDUCED_SENESCENCE	0.01482753409986	0.087064238688922	0.3807304007227924	0.4609205644799579	1.5207065078044733	62
Reactome	REACTOME_GAP_FILLING_DNA_REPAIR_SYNTHESIS_AND_LIGATION_IN_GG_NER	0.0149429141314027	0.0873683575172231	0.3807304007227924	0.5962782645121315	1.6351619949170948	25
Reactome	REACTOME_FORMATION_OF_THE_CANONICAL_BAF_CBAF_COMPLEX	0.0150494289117746	0.0876182852744844	0.3807304007227924	0.6304343496670941	1.6080027309821308	18
Reactome	REACTOME_ENDOGENOUS_STEROLS	0.0160828547563632	0.0932398414989159	0.3524878575836191	-0.6467709868963194	-1.6045835494922094	19
Reactome	REACTOME_DETOXIFICATION_OF_REACTIVE_OXYGEN_SPECIES	0.0168278046346926	0.0971487544876794	0.3524878575836191	-0.5749010039774951	-1.5761591123064191	31
Reactome	REACTOME_RMTS_METHYLATE_HISTONE_ARGININES	0.0172007691273029	0.0988864300456663	0.3524878575836191	0.4730827371573468	1.5473565158304774	61
Reactome	REACTOME_INITIATION_OF_NUCLEAR_ENVELOPE_NE_REFORMATION	0.0174980149168851	0.1001761353991675	0.3524878575836191	0.623485061031731	1.587679116950094	19
Reactome	REACTOME_HATS_ACETYLATE_HISTONES	0.0176681161620562	0.1007302556293164	0.3524878575836191	0.3759721089572138	1.3859992899804026	119
Reactome	REACTOME_DNA_DOUBLE_STRAND_BREAK_RESPONSE	0.0179498373447775	0.1014111908432053	0.3524878575836191	0.4582347227790268	1.512822852007713	65
Reactome	REACTOME_FORMATION_OF_DEFINITIVE_ENDODERM	0.0179580970055034	0.1014111908432053	0.3524878575836191	-0.6834300629688588	-1.5741691346021467	14
Reactome	REACTOME_REGULATION_OF_HSF1_MEDIATED_HEAT_SHOCK_RESPONSE	0.0180742797519885	0.1014111908432053	0.3524878575836191	0.4263485992152088	1.4575204818488197	80
Reactome	REACTOME_CHROMATIN_MODIFICATIONS_DURING_THE_MATERNAL_TO_ZYGOTIC_TRANSITION_MZT	0.0180827814822309	0.1014111908432053	0.3524878575836191	0.4976421062162743	1.558832341040926	46
Reactome	REACTOME_PEPTIDE_HORMONE_METABOLISM	0.0183790077621892	0.1026534823790571	0.3524878575836191	-0.4724385612834655	-1.486770647527433	66
Reactome	REACTOME_LEISHMANIA_INFECTION	0.0184849925111589	0.1028274482199689	0.3524878575836191	0.3394619418314039	1.331548757784442	193
Reactome	REACTOME_NUCLEAR_RNA_DECAY	0.0187039369248452	0.1035314755993379	0.3524878575836191	0.5158475327378074	1.5387598769058066	35
Reactome	REACTOME_INSULIN_RECEPTOR_SIGNALLING_CASCADE	0.0187622543116704	0.1035314755993379	0.3524878575836191	-0.5241213477943756	-1.5439815670756056	45
Reactome	REACTOME_POLYMERASE_SWITCHING	0.0189221317732804	0.1039960362259492	0.3524878575836191	0.6877457903818242	1.6407226171116405	14
Reactome	REACTOME_METABOLISM_OF_STEROID_HORMONES	0.0190432198504474	0.1042445580657962	0.3524878575836191	-0.5836416080700286	-1.5199308246023158	25
Reactome	REACTOME_NEURONAL_SYSTEM	0.0191473306382273	0.1043985408608112	0.3524878575836191	-0.3399110148176394	-1.2970061057767803	322
Reactome	REACTOME_NONHOMOLOGOUS_END_JOINING_NHEJ	0.0192258748478347	0.1044124586597826	0.3524878575836191	0.4955774672024138	1.5836746608353356	55
Reactome	REACTOME_ANCHORING_FIBRIL_FORMATION	0.0196100169381918	0.1060793829648647	0.3524878575836191	-0.6834306975559109	-1.5448325772855274	13
Reactome	REACTOME_RNA_POLYMERASE_III_TRANSCRIPTION_INITIATION_FROM_TYPE_3_PROMOTER	0.0197560342523524	0.1064501610303224	0.3524878575836191	0.5554959328663682	1.5361778182068295	26
Reactome	REACTOME_TRANSCRIPTION_COUPLED_NUCLEOTIDE_EXCISION_REPAIR_TC_NER	0.0203103923017423	0.1090096836820076	0.3524878575836191	0.4372293661827673	1.4889532738141835	76
Reactome	REACTOME_CARDIAC_CONDUCTION	0.0204113524129369	0.1091252848847292	0.3524878575836191	-0.4294756055955561	-1.444559858107	104
Reactome	REACTOME_MITOTIC_TELOPHASE_CYTOKINESIS	0.0205447982335064	0.1094129952435574	0.3524878575836191	0.6641885401455209	1.552750089902449	13
Reactome	REACTOME_REGULATION_OF_CHOLESTEROL_BIOSYNTHESIS_BY_SREBP_SREBF	0.0208708544252313	0.1107202856380997	0.3524878575836191	0.4936358678671055	1.5774700573730749	55
Reactome	REACTOME_OTHER_INTERLEUKIN_SIGNALING	0.0215683837326743	0.1138309669816676	0.3524878575836191	-0.626559259261976	-1.5579829040102229	20
Reactome	REACTOME_DEVELOPMENTAL_CELL_LINEAGES_OF_THE_INTEGUMENTARY_SYSTEM	0.0216229129419324	0.1138309669816676	0.3524878575836191	-0.4983387101310444	-1.527526442497732	55
Reactome	REACTOME_O_GLYCOSYLATION_OF_TSR_DOMAIN_CONTAINING_PROTEINS	0.0222688369510391	0.1167415486196801	0.3524878575836191	-0.5759076696183557	-1.5705544878718138	30
Reactome	REACTOME_INTEGRIN_CELL_SURFACE_INTERACTIONS	0.0225125410230471	0.1167415486196801	0.3524878575836191	-0.4808439543144209	-1.4896138330303932	62
Reactome	REACTOME_LDL_CLEARANCE	0.0225156553014666	0.1167415486196801	0.3524878575836191	0.6103260330864887	1.5541701924003195	19
Reactome	REACTOME_PROCESSIVE_SYNTHESIS_ON_THE_C_STRAND_OF_THE_TELOMERE	0.0225156553014666	0.1167415486196801	0.3524878575836191	0.6108622301527928	1.5555355962214348	19
Reactome	REACTOME_ASSEMBLY_OF_THE_ORC_COMPLEX_AT_THE_ORIGIN_OF_REPLICATION	0.0228456078731752	0.1180070120967771	0.3524878575836191	0.4848047925608987	1.5201032957937946	48
Reactome	REACTOME_SIRT1_NEGATIVELY_REGULATES_RRNA_EXPRESSION	0.0238984369063417	0.1229266931188852	0.3524878575836191	0.4867266150560558	1.5274583421006451	47
Reactome	REACTOME_CELLULAR_SENESCENCE	0.0239769677990256	0.1229266931188852	0.3524878575836191	0.3385322072004304	1.2949375347632182	166
Reactome	REACTOME_COPI_DEPENDENT_GOLGI_TO_ER_RETROGRADE_TRAFFIC	0.0247234012640501	0.1256417279454948	0.3524878575836191	0.3937328043279989	1.3861179166080666	93
Reactome	REACTOME_MET_PROMOTES_CELL_MOTILITY	0.0247294581282015	0.1256417279454948	0.3524878575836191	-0.5511293294219761	-1.5278424007362963	33
Reactome	REACTOME_GLOBAL_GENOME_NUCLEOTIDE_EXCISION_REPAIR_GG_NER	0.0248638751348685	0.1256417279454948	0.3524878575836191	0.4143481469449084	1.4302171832547017	84
Reactome	REACTOME_TELOMERE_EXTENSION_BY_TELOMERASE	0.0248723071333148	0.1256417279454948	0.3524878575836191	0.5992777207115376	1.5816734089923348	22
Reactome	REACTOME_CONSTITUTIVE_SIGNALING_BY_ABERRANT_PI3K_IN_CANCER	0.0250579032067743	0.126115600754974	0.3524878575836191	-0.468247450049419	-1.4772833209135967	67
Reactome	REACTOME_STIMULI_SENSING_CHANNELS	0.0254398572317001	0.1275706709356059	0.3524878575836191	-0.4271266155508012	-1.421267859672407	92
Reactome	REACTOME_MITOCHONDRIAL_TRNA_AMINOACYLATION	0.0258139370844529	0.1289758165601394	0.3524878575836191	0.6060014457758112	1.57109806413419	21
Reactome	REACTOME_DEFENSINS	0.0261637662245237	0.1302500535959988	0.3524878575836191	0.7061448267931005	1.6008754131595129	11
Reactome	REACTOME_RECRUITMENT_OF_NUMA_TO_MITOTIC_CENTROSOMES	0.0279980509468251	0.1388784187759487	0.3524878575836191	0.401058636636143	1.400784799417863	89
Reactome	REACTOME_APC_C_CDH1_MEDIATED_DEGRADATION_OF_CDC20_AND_OTHER_APC_C_CDH1_TARGETED_PROTEINS_IN_LATE_MITOSIS_EARLY_G1	0.0281019950437473	0.1388925942090245	0.3524878575836191	0.4532097704365594	1.482356121334863	61
Reactome	REACTOME_RECOGNITION_OF_DNA_DAMAGE_BY_PCNA_CONTAINING_REPLICATION_COMPLEX	0.0282887421615409	0.1393144506450081	0.3524878575836191	0.5371391743701287	1.5288899084446492	30
Reactome	REACTOME_INHIBITION_OF_THE_PROTEOLYTIC_ACTIVITY_OF_APC_C_REQUIRED_FOR_THE_ONSET_OF_ANAPHASE_BY_MITOTIC_SPINDLE_CHECKPOINT_COMPONENTS	0.0284518129884093	0.1394874777214323	0.3524878575836191	0.6013813523392396	1.5591201721589918	21
Reactome	REACTOME_REGULATION_OF_ENDOGENOUS_RETROELEMENTS_BY_KRAB_ZFP_PROTEINS	0.028526915021632	0.1394874777214323	0.3524878575836191	0.3915483509891802	1.3560235628929875	86
Reactome	REACTOME_DEFECTIVE_B4GALT7_CAUSES_EDS_PROGEROID_TYPE	0.0295049819387827	0.1437583162549201	0.3524878575836191	-0.6507226006578001	-1.546503333601123	16
Reactome	REACTOME_NEGATIVE_REGULATION_OF_FGFR3_SIGNALING	0.0305663918876975	0.1484036129105883	0.3524878575836191	-0.5984093702640965	-1.5536913074672558	24
Reactome	REACTOME_POLYMERASE_SWITCHING_ON_THE_C_STRAND_OF_THE_TELOMERE	0.0308805048541058	0.14940075235754	0.3524878575836191	0.5312026387260211	1.4689967330150633	26
Reactome	REACTOME_CDK_MEDIATED_PHOSPHORYLATION_AND_REMOVAL_OF_CDC6	0.031270423852784	0.1507563592060534	0.3217759180753611	0.4391074424853911	1.4207770994731757	59
Reactome	REACTOME_FORMATION_OF_WDR5_CONTAINING_HISTONE_MODIFYING_COMPLEXES	0.0314862446984829	0.1512660846703343	0.3217759180753611	0.4776624029354739	1.4745274229766785	42
Reactome	REACTOME_FORMATION_OF_THE_NEPHRIC_DUCT	0.0330968071710546	0.158449522832854	0.3217759180753611	-0.6493045007774747	-1.5194052884609497	15
Reactome	REACTOME_PHOSPHORYLATION_OF_THE_APC_C	0.0336802310105269	0.1606827687793887	0.3217759180753611	0.5915278626287869	1.5211577618301408	20
Reactome	REACTOME_MISMATCH_REPAIR	0.0347045367817871	0.1644277018557776	0.3217759180753611	0.6503923963818532	1.5922875263963616	15
Reactome	REACTOME_RECYCLING_OF_BILE_ACIDS_AND_SALTS	0.0347045367817871	0.1644277018557776	0.3217759180753611	0.6169841002745056	1.5562439818824374	17
Reactome	REACTOME_PROCESSING_OF_INTRONLESS_PRE_MRNAS	0.0351688451802826	0.1660549597172106	0.3217759180753611	0.588481269098061	1.513323220654329	20
Reactome	REACTOME_IMMUNOREGULATORY_INTERACTIONS_BETWEEN_A_LYMPHOID_AND_A_NON_LYMPHOID_CELL	0.0353239973151819	0.1662163435310273	0.3217759180753611	0.3447592546237522	1.3120491095661049	159
Reactome	REACTOME_RNA_POLYMERASE_III_TRANSCRIPTION	0.0356485900166588	0.1671712036958679	0.3217759180753611	0.4816189039982251	1.4458685444206154	38
Reactome	REACTOME_KINESINS	0.0362868487341102	0.1693647239543811	0.3217759180753611	0.463151588484994	1.480511205584426	54
Reactome	REACTOME_CYCLIN_A_CDK2_ASSOCIATED_EVENTS_AT_S_PHASE_ENTRY	0.0363628774137863	0.1693647239543811	0.3217759180753611	0.412007320119977	1.4007480585552288	73
Reactome	REACTOME_RNA_POLYMERASE_III_TRANSCRIPTION_INITIATION_FROM_TYPE_1_PROMOTER	0.0366345680120294	0.1700537042180017	0.3217759180753611	0.5222647172845203	1.4442796543706515	26
Reactome	REACTOME_DEADENYLATION_DEPENDENT_MRNA_DECAY	0.0375020643834557	0.1734943988648762	0.3217759180753611	0.4498428911977631	1.4361478984050242	53
Reactome	REACTOME_TRANSCRIPTIONAL_REGULATION_BY_SMALL_RNAS	0.0377075321058223	0.1738595607832211	0.3217759180753611	0.4282997498946507	1.374727418667404	56
Reactome	REACTOME_DUAL_INCISION_IN_TC_NER	0.0386148149315986	0.1769098712446352	0.3217759180753611	0.4342632511054141	1.43590657921847	63
Reactome	REACTOME_CLASS_A_1_RHODOPSIN_LIKE_RECEPTORS	0.03862660944206	0.1769098712446352	0.2765005992544715	-0.361002113486567	-1.3119984783905492	203
Reactome	REACTOME_CELLULAR_RESPONSES_TO_MECHANICAL_STIMULI	0.0398591953303687	0.1819486192157034	0.3217759180753611	-0.4298694375146831	-1.4020345688885636	85
Reactome	REACTOME_AFLATOXIN_ACTIVATION_AND_DETOXIFICATION	0.04079359945012	0.1855973696836589	0.3217759180753611	-0.6327264433683566	-1.5037337767853605	16
Reactome	REACTOME_BETA_CATENIN_INDEPENDENT_WNT_SIGNALING	0.0411585365853658	0.1866397005554214	0.2765005992544715	-0.3909060190844071	-1.3432299396196783	126
Reactome	REACTOME_HIGH_LAMINAR_FLOW_SHEAR_STRESS_ACTIVATES_SIGNALING_BY_PIEZO1_AND_PECAM1_CDH5_KDR_IN_ENDOTHELIAL_CELLS	0.0413354531001589	0.1868253702619027	0.282013350011725	-0.4546906324814193	-1.4056306377365129	60
Reactome	REACTOME_G_ALPHA_Q_SIGNALLING_EVENTS	0.0422125181950509	0.1901639344262295	0.2663506570885255	-0.3697209344083659	-1.317509368801932	164
Reactome	REACTOME_PERK_REGULATES_GENE_EXPRESSION	0.0423567166091251	0.1901899628135226	0.3217759180753611	0.5128135641051326	1.459650534692917	30
Reactome	REACTOME_NUCLEAR_ENVELOPE_NE_REASSEMBLY	0.0432564302478995	0.1935971829335961	0.3217759180753611	0.4039368174221722	1.3573554829533891	71
Reactome	REACTOME_CHONDROITIN_SULFATE_DERMATAN_SULFATE_METABOLISM	0.0438311688311688	0.1955325518637206	0.2765005992544715	-0.5540337515897503	-1.4794544172747728	27
Reactome	REACTOME_NETRIN_1_SIGNALING	0.0439739413680781	0.1955346130735903	0.2765005992544715	-0.5008644337953105	-1.4428959575950195	40
Reactome	REACTOME_ION_CHANNEL_TRANSPORT	0.0442477876106194	0.196117613474165	0.2616635217115731	-0.3706656372598934	-1.3127865677639847	159
Reactome	REACTOME_PLATELET_ACTIVATION_SIGNALING_AND_AGGREGATION	0.0448179271708683	0.1980058904590775	0.2529611230696109	-0.3459449984323316	-1.278875031778269	230
Reactome	REACTOME_NOTCH4_INTRACELLULAR_DOMAIN_REGULATES_TRANSCRIPTION	0.045	0.1981730769230769	0.2765005992544715	-0.5938474217721048	-1.4732847069354276	19
Reactome	REACTOME_DUAL_INCISION_IN_GG_NER	0.0455484411134409	0.1999474699356802	0.3217759180753611	0.4767767971932758	1.4656290265235918	41
Reactome	REACTOME_SYNTHESIS_OF_BILE_ACIDS_AND_BILE_SALTS	0.0458976949338013	0.2008389580861243	0.3217759180753611	-0.5683193156559685	-1.5301847721627544	29
Reactome	REACTOME_CYTOSOLIC_TRNA_AMINOACYLATION	0.0465810254207985	0.2027611989243785	0.3217759180753611	0.5692645215245062	1.544788721412317	24
Reactome	REACTOME_SIGNALING_BY_LTK	0.0466321243523316	0.2027611989243785	0.2765005992544715	-0.6829273495113946	-1.5319905173848132	12
Reactome	REACTOME_DENGUE_VIRUS_INFECTION	0.0472278153035895	0.2047035275303849	0.3217759180753611	0.2905447693892172	1.2184614155261435	368
Reactome	REACTOME_PI3K_AKT_SIGNALING_IN_CANCER	0.0478395061728395	0.2066726833311886	0.2572064664688381	-0.4137577200544568	-1.376164844054642	93
Reactome	REACTOME_GOLGI_CISTERNAE_PERICENTRIOLAR_STACK_REORGANIZATION	0.0479829592304579	0.2066726833311886	0.3217759180753611	0.6255845655933998	1.4924275219703005	14
Reactome	REACTOME_RUNX2_REGULATES_OSTEOBLAST_DIFFERENTIATION	0.05	0.2146875	0.2616635217115731	-0.5871531717232409	-1.4566768446128766	19
Reactome	REACTOME_HEPARAN_SULFATE_HEPARIN_HS_GAG_METABOLISM	0.0509031198686371	0.217884382241456	0.2572064664688381	-0.5248118268323474	-1.4388337076905915	31
Reactome	REACTOME_ADP_SIGNALLING_THROUGH_P2Y_PURINOCEPTOR_12	0.0526315789473684	0.2245831971232428	0.2572064664688381	-0.5969835647881446	-1.4631689425207552	18
Reactome	REACTOME_BACTERIAL_INFECTION_PATHWAYS	0.0535987748851454	0.228002218861269	0.2413399768150909	-0.408653745088182	-1.361930794350778	95
Reactome	REACTOME_ATP_DEPENDENT_CHROMATIN_REMODELERS	0.0538042011200779	0.2281696677129232	0.3217759180753611	0.5007630976740427	1.4253506038786194	30
Reactome	REACTOME_GLUTATHIONE_CONJUGATION	0.0542763157894736	0.2287596867936713	0.2489111144347024	-0.5150396008216477	-1.4277943455103526	33
Reactome	REACTOME_SMOOTH_MUSCLE_CONTRACTION	0.0542763157894736	0.2287596867936713	0.2489111144347024	-0.5176175511435457	-1.4349409472216397	33
Reactome	REACTOME_FORMATION_OF_NEURONAL_PROGENITOR_AND_NEURONAL_BAF_NPBAF_AND_NBAF	0.0556698220976859	0.2339153992728454	0.3217759180753611	0.5617283653373422	1.5243381775253455	24
Reactome	REACTOME_PURINERGIC_SIGNALING_IN_LEISHMANIASIS_INFECTION	0.0560271646859083	0.2346991593854818	0.2489111144347024	-0.5922860219759991	-1.4516555623302436	18
Reactome	REACTOME_SURFACTANT_METABOLISM	0.056198347107438	0.2347006958225527	0.2450417854309961	-0.5791738270060008	-1.447234144007501	21
Reactome	REACTOME_TP53_REGULATES_TRANSCRIPTION_OF_CELL_CYCLE_GENES	0.0568147027577925	0.2361914910619844	0.3217759180753611	0.4533804944491643	1.4201856489155955	46
Reactome	REACTOME_ERCC6_CSB_AND_EHMT2_G9A_POSITIVELY_REGULATE_RRNA_EXPRESSION	0.056899114659037	0.2361914910619844	0.3217759180753611	0.4510195913788357	1.4412848559057534	55
Reactome	REACTOME_RET_SIGNALING	0.0572831423895253	0.2363926426426426	0.2413399768150909	-0.4976711113358657	-1.4093804235397502	37
Reactome	REACTOME_NOTCH2_INTRACELLULAR_DOMAIN_REGULATES_TRANSCRIPTION	0.0572916666666666	0.2363926426426426	0.2489111144347024	-0.676638267239771	-1.4920946982244196	11
Reactome	REACTOME_REGULATION_OF_ENDOGENOUS_RETROELEMENTS_BY_THE_HUMAN_SILENCING_HUB_HUSH_COMPLEX	0.0581068735608481	0.2390384559060039	0.3217759180753611	0.4510334096122302	1.4239029915158945	50
Reactome	REACTOME_OXIDATIVE_STRESS_INDUCED_SENESCENCE	0.0583241142370221	0.2392159192885624	0.3217759180753611	0.3622261802109047	1.2862684208104036	101
Reactome	REACTOME_ESTABLISHMENT_OF_SISTER_CHROMATID_COHESION	0.0586854460093896	0.2399815560026827	0.2878571172551493	0.6565688152026021	1.4884834292117302	11
Reactome	REACTOME_TRANSCRIPTIONAL_REGULATION_BY_TP53	0.0599036540466901	0.2442362630865051	0.3217759180753611	0.2858887396412813	1.1970745447881863	344
Reactome	REACTOME_RNA_POLYMERASE_I_TRANSCRIPTION_INITIATION	0.0622255469966254	0.25183284457478	0.3217759180753611	0.4483466270197146	1.4044173784024725	46
Reactome	REACTOME_ATF4_ACTIVATES_GENES_IN_RESPONSE_TO_ENDOPLASMIC_RETICULUM_STRESS	0.0623441396508728	0.25183284457478	0.2878571172551493	0.533155561539941	1.4620618652301334	25
Reactome	REACTOME_APC_C_CDC20_MEDIATED_DEGRADATION_OF_CYCLIN_B	0.0624864355966722	0.25183284457478	0.3217759180753611	0.5497752393996312	1.4919014922305254	24
Reactome	REACTOME_FIBRONECTIN_MATRIX_FORMATION	0.0625	0.25183284457478	0.2377938344236881	-0.6553831631537173	-1.4814336913238668	13
Reactome	REACTOME_PIWI_INTERACTING_RNA_PIRNA_BIOGENESIS	0.0629722921914357	0.2529939458217332	0.2878571172551493	0.548969443646279	1.4897148388480046	24
Reactome	REACTOME_SIGNAL_AMPLIFICATION	0.0633278240204849	0.253326236007752	0.2878051305355643	-0.551268679859622	-1.4842763848661724	29
Reactome	REACTOME_PHASE_I_FUNCTIONALIZATION_OF_COMPOUNDS	0.0635658914728682	0.253326236007752	0.2220560461452483	-0.4092174018294785	-1.3346772147207924	85
Reactome	REACTOME_HCMV_INFECTION	0.0636081160281473	0.253326236007752	0.2878051305355643	0.3356028999959499	1.2500241402205716	134
Reactome	REACTOME_DEVELOPMENTAL_LINEAGE_OF_MULTIPOTENT_PANCREATIC_PROGENITOR_CELLS	0.0642361111111111	0.2550879094412331	0.2343926472946861	-0.647147467036089	-1.4628176535827535	13
Reactome	REACTOME_SYNTHESIS_OF_BILE_ACIDS_AND_BILE_SALTS_VIA_24_HYDROXYCHOLESTEROL	0.0645724258289703	0.255684475760822	0.2343926472946861	-0.6893509635584315	-1.4982955897584491	10
Reactome	REACTOME_RNA_POLYMERASE_III_CHAIN_ELONGATION	0.0649038461538461	0.2562582891246684	0.2765005992544715	0.5850764655244445	1.475762062601547	17
Reactome	REACTOME_MRNA_SPLICING_MINOR_PATHWAY	0.0654209129234791	0.2570996761424973	0.2878051305355643	0.4452257604611285	1.4055683652472148	50
Reactome	REACTOME_TRANSCRIPTIONAL_REGULATION_BY_E2F6	0.0654911838790932	0.2570996761424973	0.282013350011725	0.4749084412809872	1.405186632449715	34
Reactome	REACTOME_HS_GAG_BIOSYNTHESIS	0.0682196339434276	0.2670477978298277	0.2220560461452483	-0.5522538369276904	-1.4381901806606336	25
Reactome	REACTOME_COLLAGEN_CHAIN_TRIMERIZATION	0.0693114371075029	0.2705508937094006	0.2878051305355643	-0.5430392470119906	-1.462118853914674	29
Reactome	REACTOME_CS_DS_DEGRADATION	0.0716723549488054	0.2789739821520076	0.2192503467037551	-0.6084451260470194	-1.4460269472642786	16
Reactome	REACTOME_CELLULAR_RESPONSE_TO_HEAT_STRESS	0.072463768115942	0.2812576762466224	0.2878571172551493	0.3592049698196033	1.268069448131926	98
Reactome	REACTOME_CARGO_CONCENTRATION_IN_THE_ER	0.0738916256157635	0.2859918129466454	0.2114001893849227	-0.5095330072813069	-1.3969450164306254	31
Reactome	REACTOME_RUNX1_INTERACTS_WITH_CO_FACTORS_WHOSE_PRECISE_EFFECT_ON_RUNX1_TARGETS_IS_NOT_KNOWN	0.0745501285347043	0.2877299904682129	0.2663506570885255	0.4575318140848728	1.367973146451469	36
Reactome	REACTOME_G_BETA_GAMMA_SIGNALLING_THROUGH_CDC42	0.0750853242320819	0.288476284368496	0.2139278554923562	-0.5859333287200501	-1.404078523000272	17
Reactome	REACTOME_EFFECTS_OF_PIP2_HYDROLYSIS	0.0751633986928104	0.288476284368496	0.2089550275493539	-0.5376843494655315	-1.4181808464232195	26
Reactome	REACTOME_MITOCHONDRIAL_TRANSLATION_ELONGATION	0.0760233918128654	0.2909641792503543	0.282013350011725	0.3733944048182844	1.288036655159149	87
Reactome	REACTOME_GLUCAGON_TYPE_LIGAND_RECEPTORS	0.0765391014975041	0.2921242373821409	0.2089550275493539	-0.5439891581393993	-1.4166671434541205	25
Reactome	REACTOME_SUMOYLATION_OF_DNA_METHYLATION_PROTEINS	0.0769230769230769	0.2927764756019604	0.2529611230696109	0.5750612022347863	1.4286866289160278	16
Reactome	REACTOME_CYTOSOLIC_IRON_SULFUR_CLUSTER_ASSEMBLY	0.0774647887323943	0.2940238113765465	0.2489111144347024	0.6260087770997389	1.4634928580796844	13
Reactome	REACTOME_PEROXISOMAL_PROTEIN_IMPORT	0.0780254777070063	0.2953361057009001	0.2020717090211599	-0.4274660254301891	-1.324253531562463	62
Reactome	REACTOME_MATERNAL_TO_ZYGOTIC_TRANSITION_MZT	0.0789473684210526	0.2971881759192502	0.2765005992544715	0.3712717987553128	1.2807146536018383	87
Reactome	REACTOME_TRANSPORT_OF_VITAMINS_NUCLEOSIDES_AND_RELATED_MOLECULES	0.0789473684210526	0.2971881759192502	0.204294756516886	-0.5094984823313586	-1.3894503758209529	30
Reactome	REACTOME_EPIGENETIC_REGULATION_BY_WDR5_CONTAINING_HISTONE_MODIFYING_COMPLEXES	0.0791788856304985	0.2972453247440026	0.2765005992544715	0.3227367092003291	1.2134663308955358	143
Reactome	REACTOME_TP53_REGULATES_TRANSCRIPTION_OF_DNA_REPAIR_GENES	0.081081081081081	0.3032443169278305	0.2616635217115731	0.3977686692578699	1.3010196606786602	61
Reactome	REACTOME_RNA_POLYMERASE_I_TRANSCRIPTION_TERMINATION	0.0812182741116751	0.3032443169278305	0.2529611230696109	0.4762911108181923	1.3556945900766584	30
Reactome	REACTOME_KERATAN_SULFATE_DEGRADATION	0.0815972222222222	0.303833559168925	0.206587922696891	-0.6498502831913293	-1.4330229446597686	11
Reactome	REACTOME_RESPIRATORY_SYNCYTIAL_VIRUS_RSV_ATTACHMENT_AND_ENTRY	0.0830564784053156	0.3084313549429828	0.1999152313096615	-0.5529043115590252	-1.3958963611488673	22
Reactome	REACTOME_NUCLEAR_SIGNALING_BY_ERBB4	0.0841584158415841	0.3116810333324438	0.1978220213151033	-0.5098358413182916	-1.372719559579944	29
Reactome	REACTOME_HIV_INFECTION	0.0844594594594594	0.3119551002615519	0.2878571172551493	0.2936178674118411	1.171779397791006	215
Reactome	REACTOME_APOPTOSIS_INDUCED_DNA_FRAGMENTATION	0.0851063829787234	0.3135017968170668	0.2377938344236881	0.6322525572360367	1.45953402674633	12
Reactome	REACTOME_GRB2_SOS_PROVIDES_LINKAGE_TO_MAPK_SIGNALING_FOR_INTEGRINS	0.0868544600938967	0.3190856368155457	0.2343926472946861	0.618503980937367	1.445948031254956	13
Reactome	REACTOME_TRAFFICKING_AND_PROCESSING_OF_ENDOSOMAL_TLR	0.0885416666666666	0.3242683900951274	0.1978220213151033	-0.6443486517927693	-1.4208909748336112	11
Reactome	REACTOME_PROSTACYCLIN_SIGNALLING_THROUGH_PROSTACYCLIN_RECEPTOR	0.0887372013651877	0.3242683900951274	0.1957890021489494	-0.5875812935184782	-1.396442091099044	16
Reactome	REACTOME_GABA_RECEPTOR_ACTIVATION	0.0889967637540453	0.3243542530452473	0.1900233052791083	-0.462569645784911	-1.3500433173217694	43
Reactome	REACTOME_TRANSMISSION_ACROSS_CHEMICAL_SYNAPSES	0.0892351274787535	0.3243626062322945	0.176694268938498	-0.3346037154631067	-1.2236111727800665	216
Reactome	REACTOME_SYNTHESIS_OF_BILE_ACIDS_AND_BILE_SALTS_VIA_7ALPHA_HYDROXYCHOLESTEROL	0.09	0.3262796833773086	0.1918922403848379	-0.5609019156924249	-1.394721381190215	20
Reactome	REACTOME_OTHER_SEMAPHORIN_INTERACTIONS	0.0904436860068259	0.3270253278246811	0.1938133027253105	-0.6000661000813742	-1.404184946813181	15
Reactome	REACTOME_P130CAS_LINKAGE_TO_MAPK_SIGNALING_FOR_INTEGRINS	0.0915492957746478	0.330154153266053	0.2279872028504422	0.6161578682066194	1.4404632531634949	13
Reactome	REACTOME_REPRODUCTION	0.0919540229885057	0.3307456219534212	0.2529611230696109	0.3376587753430531	1.2315224037597825	116
Reactome	REACTOME_SIGNALLING_TO_ERKS	0.0922570016474464	0.3309689824114659	0.1882041463084906	-0.4957161315625935	-1.3656759375819831	32
Reactome	REACTOME_HS_GAG_DEGRADATION	0.0938566552901023	0.3358308447098976	0.1900233052791083	-0.5666765405577374	-1.357933268317913	17
Reactome	REACTOME_NEGATIVE_REGULATION_OF_THE_PI3K_AKT_NETWORK	0.095679012345679	0.3414622414622414	0.1782198749519731	-0.3835508331045357	-1.283064018269371	100
Reactome	REACTOME_ACTIVATION_OF_ANTERIOR_HOX_GENES_IN_HINDBRAIN_DEVELOPMENT_DURING_EARLY_EMBRYOGENESIS	0.096045197740113	0.3417039705935873	0.2450417854309961	0.3470918976743946	1.2349793539437817	100
Reactome	REACTOME_SLBP_DEPENDENT_PROCESSING_OF_REPLICATION_DEPENDENT_HISTONE_PRE_MRNAS	0.096244131455399	0.3417039705935873	0.2220560461452483	0.6308609613209217	1.4302020828890758	11
Reactome	REACTOME_REGULATION_OF_INSULIN_LIKE_GROWTH_FACTOR_IGF_TRANSPORT_AND_UPTAKE_BY_INSULIN_LIKE_GROWTH_FACTOR_BINDING_PROTEINS_IGFBPS	0.0977011494252873	0.3459829363668681	0.2450417854309961	0.3445781183360383	1.2248263842786111	103
Reactome	REACTOME_RIBAVIRIN_ADME	0.0985915492957746	0.3482385314457438	0.2192503467037551	0.6296984016669743	1.4275664859184265	11
Reactome	REACTOME_MITOCHONDRIAL_TRANSLATION	0.0997067448680351	0.3512745319196931	0.2450417854309961	0.3500422032950497	1.2343127985416364	97
Reactome	REACTOME_SIGNALING_BY_RETINOIC_ACID	0.1003236245954692	0.3525438879646413	0.1782198749519731	-0.464920901734758	-1.335089385533112	39
Reactome	REACTOME_BETA_OXIDATION_OF_VERY_LONG_CHAIN_FATTY_ACIDS	0.1024305555555555	0.3586062899647657	0.1830239383844872	-0.6288045958597448	-1.3866138661191094	11
Reactome	REACTOME_TRANSCRIPTION_OF_THE_HIV_GENOME	0.1027777777777777	0.3586062899647657	0.2343926472946861	0.381253807740705	1.272775610753717	69
Reactome	REACTOME_CREATINE_METABOLISM	0.1029668411867364	0.3586062899647657	0.1830239383844872	-0.6502109251898667	-1.4132252120108355	10
Reactome	REACTOME_SIGNALING_BY_MODERATE_KINASE_ACTIVITY_BRAF_MUTANTS	0.1030927835051546	0.3586062899647657	0.2249660935403137	0.4302225845560015	1.3025672526343377	40
Reactome	REACTOME_SEMAPHORIN_INTERACTIONS	0.1039370078740157	0.3606299212598425	0.1723243449009459	-0.4241726790397589	-1.2981442273433577	56
Reactome	REACTOME_ACTIVATED_PKN1_STIMULATES_TRANSCRIPTION_OF_AR_ANDROGEN_RECEPTOR_REGULATED_GENES_KLK2_AND_KLK3	0.1045918367346938	0.3615543935895695	0.2220560461452483	0.4160591630285176	1.303590924126768	45
Reactome	REACTOME_INTRA_GOLGI_AND_RETROGRADE_GOLGI_TO_ER_TRAFFIC	0.1047297297297297	0.3615543935895695	0.2572064664688381	0.2971730262775667	1.164309335468203	192
Reactome	REACTOME_SPHINGOLIPID_METABOLISM	0.1050228310502283	0.3616575685789817	0.1682381656896396	-0.3828464910364795	-1.2801339733975488	98
Reactome	REACTOME_HOST_INTERACTIONS_OF_HIV_FACTORS	0.1063218390804597	0.3651838026838027	0.2343926472946861	0.3309289988242027	1.2067682892241416	117
Reactome	REACTOME_GOLGI_TO_ER_RETROGRADE_TRANSPORT	0.1069364161849711	0.3651838026838027	0.2343926472946861	0.3238199180888031	1.1916912161433102	126
Reactome	REACTOME_MITOCHONDRIAL_RNA_DEGRADATION	0.1072261072261072	0.3651838026838027	0.2089550275493539	0.6435539982200169	1.4224429048854563	10
Reactome	REACTOME_RNA_POLYMERASE_III_TRANSCRIPTION_TERMINATION	0.1075	0.3651838026838027	0.2165428367353481	0.530536733355983	1.400245353100208	22
Reactome	REACTOME_KERATAN_SULFATE_BIOSYNTHESIS	0.1078431372549019	0.3651838026838027	0.1723243449009459	-0.5185018760928437	-1.367585703843357	26
Reactome	REACTOME_ADP_SIGNALLING_THROUGH_P2Y_PURINOCEPTOR_1	0.1079734219269103	0.3651838026838027	0.1737478389995708	-0.540868238630998	-1.3655093483303535	22
Reactome	REACTOME_RESPIRATORY_SYNCYTIAL_VIRUS_RSV_GENOME_REPLICATION_TRANSCRIPTION_AND_TRANSLATION	0.1081730769230769	0.3651838026838027	0.2114001893849227	0.5453720620837175	1.3756140379095452	17
Reactome	REACTOME_TRISTETRAPROLIN_TTP_ZFP36_BINDS_AND_DESTABILIZES_MRNA	0.1081730769230769	0.3651838026838027	0.2114001893849227	0.5529310428367942	1.3737062847286223	16
Reactome	REACTOME_OLFACTORY_SIGNALING_PATHWAY	0.109090909090909	0.367379679144385	0.1723243449009459	-0.5437101099747363	-1.3586177394534766	21
Reactome	REACTOME_TRNA_MODIFICATION_IN_THE_MITOCHONDRION	0.1103286384976525	0.3699039659259854	0.206587922696891	0.6210162226803078	1.4078834317558315	11
Reactome	REACTOME_FORMATION_OF_THE_DYSTROPHIN_GLYCOPROTEIN_COMPLEX_DGC	0.1103789126853377	0.3699039659259854	0.1709323353700561	-0.4842244360749561	-1.3340168266306904	32
Reactome	REACTOME_NOTCH3_INTRACELLULAR_DOMAIN_REGULATES_TRANSCRIPTION	0.1112956810631229	0.3720687731891263	0.1709323353700561	-0.5308075573016107	-1.360029531937632	23
Reactome	REACTOME_G_PROTEIN_ACTIVATION	0.1116666666666666	0.3724029126213592	0.1709323353700561	-0.5498784928295831	-1.364201551538304	19
Reactome	REACTOME_PEROXISOMAL_LIPID_METABOLISM	0.1125827814569536	0.3739538681363544	0.1695706444056283	-0.5002020070206263	-1.3426506654710153	28
Reactome	REACTOME_LANOSTEROL_BIOSYNTHESIS	0.1126760563380281	0.3739538681363544	0.204294756516886	0.5960819667670727	1.393529504866213	13
Reactome	REACTOME_INTERACTION_BETWEEN_L1_AND_ANKYRINS	0.1139896373056994	0.3757892859266306	0.2139278554923562	0.4804770628363216	1.3367733270197122	27
Reactome	REACTOME_REPLACEMENT_OF_PROTAMINES_BY_NUCLEOSOMES_IN_THE_MALE_PRONUCLEUS	0.1139896373056994	0.3757892859266306	0.2139278554923562	0.4805846883373981	1.3370727604584218	27
Reactome	REACTOME_THROMBOXANE_SIGNALLING_THROUGH_TP_RECEPTOR	0.1140495867768595	0.3757892859266306	0.1682381656896396	-0.5421279390656752	-1.3546642255782286	21
Reactome	REACTOME_REGULATION_OF_COMMISSURAL_AXON_PATHFINDING_BY_SLIT_AND_ROBO	0.1151832460732984	0.3786166988151005	0.1723243449009459	-0.6387077671779496	-1.388223243741172	10
Reactome	REACTOME_NEUROTRANSMITTER_RELEASE_CYCLE	0.116504854368932	0.3812853812853812	0.1644057558382101	-0.4440244893986048	-1.2959179230678162	43
Reactome	REACTOME_COHESIN_LOADING_ONTO_CHROMATIN	0.1165501165501165	0.3812853812853812	0.1999152313096615	0.6285691089153393	1.389321908774971	10
Reactome	REACTOME_MAP2K_AND_MAPK_ACTIVATION	0.1176470588235294	0.382566823899371	0.2089550275493539	0.426966948644605	1.2828431931679205	37
Reactome	REACTOME_BUTYRATE_RESPONSE_FACTOR_1_BRF1_BINDS_AND_DESTABILIZES_MRNA	0.1177884615384615	0.382566823899371	0.2020717090211599	0.5384446736424036	1.3581408055083208	17
Reactome	REACTOME_GPER1_SIGNALING	0.1178396072013093	0.382566823899371	0.1644057558382101	-0.4628315556520696	-1.3107164934318452	37
Reactome	REACTOME_INDUCTION_OF_CELL_CELL_FUSION	0.1180555555555555	0.382566823899371	0.1695706444056283	-0.6071451600955964	-1.3723960978211436	13
Reactome	REACTOME_ACTIVATION_OF_KAINATE_RECEPTORS_UPON_GLUTAMATE_BINDING	0.1214642262895174	0.3926866986395224	0.163180127180689	-0.5189851279252565	-1.351551161768998	25
Reactome	REACTOME_AMINE_LIGAND_BINDING_RECEPTORS	0.1223140495867768	0.3945058782446746	0.1619789488834018	-0.5177173565863576	-1.3441850957282888	24
Reactome	REACTOME_DEFECTIVE_EXT2_CAUSES_EXOSTOSES_2	0.125	0.4003496503496503	0.1644057558382101	-0.6008555077526865	-1.358178914024929	13
Reactome	REACTOME_DISEASES_OF_MITOTIC_CELL_CYCLE	0.125	0.4003496503496503	0.204294756516886	0.4234029928067878	1.2710985051266563	38
Reactome	REACTOME_G_PROTEIN_BETA_GAMMA_SIGNALLING	0.125	0.4003496503496503	0.1585141054248243	-0.4956396199890842	-1.3235226609663575	27
Reactome	REACTOME_SENSORY_PERCEPTION_OF_TASTE	0.1259445843828715	0.4024368812606174	0.1999152313096615	0.4941608030642245	1.340982981151417	24
Reactome	REACTOME_AMYLOID_FIBER_FORMATION	0.1264044943820224	0.4029693161969812	0.2114001893849227	0.353323711992033	1.2177626603722755	83
Reactome	REACTOME_MRNA_DECAY_BY_3_TO_5_EXORIBONUCLEASE	0.1267605633802817	0.403169014084507	0.1918922403848379	0.5806578457555558	1.357470759736326	13
Reactome	REACTOME_CYTOSOLIC_SULFONATION_OF_SMALL_MOLECULES	0.1279863481228668	0.4054420572834918	0.1608014010700223	-0.5793509062906483	-1.3557103482859345	15
Reactome	REACTOME_FORMATION_OF_RNA_POL_II_ELONGATION_COMPLEX	0.1280653950953678	0.4054420572834918	0.206587922696891	0.3871520332855684	1.2426542753793788	56
Reactome	REACTOME_CYTOCHROME_P450_ARRANGED_BY_SUBSTRATE_TYPE	0.1288743882544861	0.4070653091072734	0.1563124030731863	-0.4325635988565129	-1.277523237795033	46
Reactome	REACTOME_GASTRIN_CREB_SIGNALLING_PATHWAY_VIA_PKC_AND_MAPK	0.1296928327645051	0.408710899583555	0.1596467019199062	-0.5612341343302585	-1.3338255944930983	16
Reactome	REACTOME_UBIQUINOL_BIOSYNTHESIS	0.1314553990610328	0.4129703485347668	0.1882041463084906	0.5718493043414774	1.3368780173959915	13
Reactome	REACTOME_HIV_ELONGATION_ARREST_AND_RECOVERY	0.1316455696202531	0.4129703485347668	0.1957890021489494	0.4418367326375554	1.2863604890540734	32
Reactome	REACTOME_FORMATION_OF_THE_BETA_CATENIN_TCF_TRANSACTIVATING_COMPLEX	0.1337047353760445	0.4184745020653422	0.204294756516886	0.3704046942749395	1.2514487386444164	72
Reactome	REACTOME_DNA_DAMAGE_BYPASS	0.1351351351351351	0.4212295640867069	0.1999152313096615	0.4048195254707553	1.2693098424609237	48
Reactome	REACTOME_STRAND_ASYNCHRONOUS_MITOCHONDRIAL_DNA_REPLICATION	0.1351981351981352	0.4212295640867069	0.1847064712077387	0.6179881856010373	1.365934967916559	10
Reactome	REACTOME_GLUCOSE_METABOLISM	0.1367521367521367	0.4251073210349229	0.204294756516886	0.3674880815432014	1.248120221917579	74
Reactome	REACTOME_G_ALPHA_I_SIGNALLING_EVENTS	0.1374474053295932	0.4263041420380613	0.1388051093911396	-0.3193616223953108	-1.1741400061216472	221
Reactome	REACTOME_RNA_POLYMERASE_II_TRANSCRIBES_SNRNA_GENES	0.1396011396011396	0.4319497001804738	0.2020717090211599	0.3659884495433088	1.2430269383023915	74
Reactome	REACTOME_ASSEMBLY_OF_ACTIVE_LPL_AND_LIPC_LIPASE_COMPLEXES	0.1398963730569948	0.4319497001804738	0.1541909665814243	-0.5717425437286128	-1.3169152398224406	14
Reactome	REACTOME_G_BETA_GAMMA_SIGNALLING_THROUGH_PI3KGAMMA	0.1416666666666666	0.4359512132163138	0.1501698021284059	-0.5324741018238401	-1.3240336571626283	20
Reactome	REACTOME_FORMATION_OF_SENESCENCE_ASSOCIATED_HETEROCHROMATIN_FOCI_SAHF	0.141826923076923	0.4359512132163138	0.1830239383844872	0.5278206885739701	1.3113219206935849	16
Reactome	REACTOME_SIGNALING_BY_BMP	0.1421487603305785	0.4359651711924439	0.1492075424353217	-0.5050578481728871	-1.3113163454108645	24
Reactome	REACTOME_GLYOXYLATE_METABOLISM_AND_GLYCINE_DEGRADATION	0.1433506044905008	0.4383498349834983	0.1521449223675647	-0.5700054222172878	-1.31291406513852	14
Reactome	REACTOME_DIFFERENTIATION_OF_KERATINOCYTES_IN_INTERFOLLICULAR_EPIDERMIS_IN_MAMMALIAN_SKIN	0.1435643564356435	0.4383498349834983	0.1482615004751065	-0.4814330310894603	-1.296245741953982	29
Reactome	REACTOME_CHK1_CHK2_CDS1_MEDIATED_INACTIVATION_OF_CYCLIN_B_CDK1_COMPLEX	0.1442080378250591	0.4393389001588275	0.1797823162983236	0.5515078688997914	1.3157062488402305	14
Reactome	REACTOME_CASPASE_ACTIVATION_VIA_EXTRINSIC_APOPTOTIC_SIGNALLING_PATHWAY	0.1447587354409318	0.4396192862627814	0.1482615004751065	-0.500513532235662	-1.303447073095393	25
Reactome	REACTOME_RECEPTOR_TYPE_TYROSINE_PROTEIN_PHOSPHATASES	0.1450511945392491	0.4396192862627814	0.1501698021284059	-0.5680553156679108	-1.329278096379584	15
Reactome	REACTOME_POTASSIUM_CHANNELS	0.1452599388379205	0.4396192862627814	0.1412251196425309	-0.3815189974624033	-1.2290929123942094	77
Reactome	REACTOME_TRANSLESION_SYNTHESIS_BY_POLK	0.1466346153846154	0.4428043110735418	0.1797823162983236	0.5193516687753026	1.3099817461301977	17
Reactome	REACTOME_CRMPS_IN_SEMA3A_SIGNALING	0.1475694444444444	0.4440944881889763	0.1501698021284059	-0.5884782216155007	-1.3302011908827154	13
Reactome	REACTOME_INHIBITION_OF_REPLICATION_INITIATION_OF_DAMAGED_DNA_BY_RB1_E2F1	0.1478873239436619	0.4440944881889763	0.176694268938498	0.5589126037300558	1.3066344015801798	13
Reactome	REACTOME_DISEASES_ASSOCIATED_WITH_O_GLYCOSYLATION_OF_PROTEINS	0.1480314960629921	0.4440944881889763	0.1420566435758211	-0.4059853613516604	-1.2424834961498434	56
Reactome	REACTOME_TERMINATION_OF_TRANSLESION_DNA_SYNTHESIS	0.1493670886075949	0.4465038099506947	0.1830239383844872	0.4341714022025316	1.2640436976268494	32
Reactome	REACTOME_RECOGNITION_AND_ASSOCIATION_OF_DNA_GLYCOSYLASE_WITH_SITE_CONTAINING_AN_AFFECTED_PURINE	0.1494845360824742	0.4465038099506947	0.1847064712077387	0.4086553581151001	1.2372690467740854	40
Reactome	REACTOME_DEFECTIVE_C1GALT1C1_CAUSES_TNPS	0.1513002364066193	0.4503100892451974	0.1752040475585512	0.539021131985834	1.2859172309281344	14
Reactome	REACTOME_ADRENALINE_NORADRENALINE_INHIBITS_INSULIN_SECRETION	0.151414309484193	0.4503100892451974	0.1446305280344838	-0.4947851726330892	-1.2885291676308597	25
Reactome	REACTOME_DRUG_ADME	0.1526717557251908	0.4530690979836116	0.1372507796101328	-0.3688008545956352	-1.2234812481979196	90
Reactome	REACTOME_SYNDECAN_INTERACTIONS	0.1533333333333333	0.454051724137931	0.1437589890392754	-0.5297941131599877	-1.314373921863328	19
Reactome	REACTOME_INTEGRIN_SIGNALING	0.1546134663341646	0.4568095266880251	0.1782198749519731	0.4714673442314869	1.2928954969750337	25
Reactome	REACTOME_DEFECTIVE_GALNT3_CAUSES_HFTC	0.1549295774647887	0.4568095266880251	0.1723243449009459	0.5545039352020056	1.29632774911704	13
Reactome	REACTOME_HDMS_DEMETHYLATE_HISTONES	0.15625	0.4593797511121122	0.1813831284984075	0.4133626324856624	1.237917462271395	39
Reactome	REACTOME_DEVELOPMENTAL_LINEAGES_OF_THE_MAMMARY_GLAND	0.1565074135090609	0.4593797511121122	0.1412251196425309	-0.462698016956113	-1.2747124975174935	32
Reactome	REACTOME_SIGNALING_BY_INSULIN_RECEPTOR	0.1570762052877138	0.4593797511121122	0.1364904377804126	-0.381925533290756	-1.2143958102315064	72
Reactome	REACTOME_CS_GAG_BIOSYNTHESIS	0.157167530224525	0.4593797511121122	0.1446305280344838	-0.5657797137594656	-1.3031808383073291	14
Reactome	REACTOME_ABORTIVE_ELONGATION_OF_HIV_1_TRANSCRIPT_IN_THE_ABSENCE_OF_TAT	0.1575	0.4593797511121122	0.176694268938498	0.4904764348808098	1.3110216795276604	23
Reactome	REACTOME_GLUTAMATE_NEUROTRANSMITTER_RELEASE_CYCLE	0.1578073089700996	0.4593797511121122	0.1412251196425309	-0.5121091361143542	-1.2929023425363595	22
Reactome	REACTOME_ACTIVATION_OF_THE_TFAP2_AP_2_FAMILY_OF_TRANSCRIPTION_FACTORS	0.1585081585081585	0.4603574347758853	0.1695706444056283	0.606624344651793	1.3408175496809367	10
Reactome	REACTOME_ACTIVATION_OF_THE_AP_1_FAMILY_OF_TRANSCRIPTION_FACTORS	0.1588132635253054	0.4603574347758853	0.1446305280344838	-0.6072678257276173	-1.319888929135831	10
Reactome	REACTOME_BIOSYNTHESIS_OF_SPECIALIZED_PRORESOLVING_MEDIATORS_SPMS	0.1610576923076923	0.4650812368972746	0.1709323353700561	0.5198430340076454	1.2915021721785986	16
Reactome	REACTOME_TRP_CHANNELS	0.1611295681063123	0.4650812368972746	0.1395996734519222	-0.5003582688227218	-1.2820126857414382	23
Reactome	REACTOME_TRANSLESION_SYNTHESIS_BY_Y_FAMILY_DNA_POLYMERASES_BYPASSES_LESIONS_ON_DNA_TEMPLATE	0.1614583333333333	0.4650812368972746	0.1782198749519731	0.4091382296116437	1.2252664346398672	39
Reactome	REACTOME_FOXO_MEDIATED_TRANSCRIPTION_OF_CELL_CYCLE_GENES	0.1621160409556314	0.4659883720930232	0.1412251196425309	-0.5356105912222954	-1.2834895899666696	17
Reactome	REACTOME_DEFECTIVE_INTRINSIC_PATHWAY_FOR_APOPTOSIS	0.1625	0.4659883720930232	0.1737478389995708	0.4816807022243241	1.2875110776313952	23
Reactome	REACTOME_MYOGENESIS	0.1627906976744186	0.4659883720930232	0.1388051093911396	-0.4997807802679452	-1.280533050649495	23
Reactome	REACTOME_REGULATION_OF_MITF_M_DEPENDENT_GENES_INVOLVED_IN_LYSOSOME_BIOGENESIS_AND_AUTOPHAGY	0.1655290102389078	0.4728417049236161	0.1395996734519222	-0.5338378249777119	-1.2792414905869045	17
Reactome	REACTOME_ABERRANT_REGULATION_OF_MITOTIC_EXIT_IN_CANCER_DUE_TO_RB1_DEFECTS	0.1666666666666666	0.4741200828157349	0.1709323353700561	0.4959351320169033	1.2753339666523686	20
Reactome	REACTOME_CONVERSION_FROM_APC_C_CDC20_TO_APC_C_CDH1_IN_LATE_ANAPHASE	0.1666666666666666	0.4741200828157349	0.1709323353700561	0.4970712842012341	1.2782556662425355	20
Reactome	REACTOME_NOTCH2_ACTIVATION_AND_TRANSMISSION_OF_SIGNAL_TO_THE_NUCLEUS	0.1697171381031613	0.48180030527633	0.1357409438104248	-0.4864402309141641	-1.2667971081396827	25
Reactome	REACTOME_NEUROTRANSMITTER_RECEPTORS_AND_POSTSYNAPTIC_SIGNAL_TRANSMISSION	0.1710144927536231	0.4844822949350067	0.1250333675552724	-0.3248602630068147	-1.1571559081623246	160
Reactome	REACTOME_REGULATION_OF_MRNA_STABILITY_BY_PROTEINS_THAT_BIND_AU_RICH_ELEMENTS	0.1722222222222222	0.4868998628257888	0.1782198749519731	0.3559723825622697	1.2102397200811323	73
Reactome	REACTOME_ACTIVATION_OF_MATRIX_METALLOPROTEINASES	0.1748726655348047	0.4933779105643157	0.1350020338286313	-0.5206232341259964	-1.276014603849606	18
Reactome	REACTOME_SIGNALING_BY_FGFR2	0.1763779527559055	0.49660513747257	0.1287887130617136	-0.3889642031969045	-1.2209258060695196	65
Reactome	REACTOME_DECTIN_2_FAMILY	0.1767554479418886	0.4966502770391717	0.163180127180689	0.5050253838295636	1.2881312651223138	18
Reactome	REACTOME_SENESCENCE_ASSOCIATED_SECRETORY_PHENOTYPE_SASP	0.1779661016949152	0.4990314769975786	0.176694268938498	0.3410925613823933	1.1812833566877394	86
Reactome	REACTOME_LYSINE_CATABOLISM	0.1813471502590673	0.5074765467534798	0.1335549545575919	-0.5760166406034809	-1.292160918568784	12
Reactome	REACTOME_SIGNALING_BY_VEGF	0.1841704718417047	0.5139182598938328	0.1232572263813373	-0.3546983314822445	-1.187820618647769	99
Reactome	REACTOME_HEME_BIOSYNTHESIS	0.1843971631205673	0.5139182598938328	0.1574028993052832	0.5221621579954564	1.2456975737319012	14
Reactome	REACTOME_TP53_REGULATES_TRANSCRIPTION_OF_GENES_INVOLVED_IN_G2_CELL_CYCLE_ARREST	0.1864406779661017	0.5166697185309197	0.1585141054248243	0.4951371460268753	1.26291006104338	18
Reactome	REACTOME_ANTIMICROBIAL_MECHANISM_OF_IFN_STIMULATED_GENES	0.1869158878504672	0.5166697185309197	0.1813831284984075	0.2957106395452337	1.1185245750110748	156
Reactome	REACTOME_PLASMA_LIPOPROTEIN_CLEARANCE	0.1876606683804627	0.5166697185309197	0.163180127180689	0.4068405134293024	1.2164113622852326	36
Reactome	REACTOME_REGULATION_OF_CDH1_GENE_TRANSCRIPTION	0.188034188034188	0.5166697185309197	0.1723243449009459	0.3435895699760339	1.1788781672845567	81
Reactome	REACTOME_ACYL_CHAIN_REMODELLING_OF_PS	0.1883333333333333	0.5166697185309197	0.1281429168984153	-0.5071955606904557	-1.2611768174591946	20
Reactome	REACTOME_TRANSCRIPTIONAL_REGULATION_OF_GRANULOPOIESIS	0.1888888888888888	0.5166697185309197	0.1695706444056283	0.3574955988601584	1.189502493806828	67
Reactome	REACTOME_FGFR2_ALTERNATIVE_SPLICING	0.1891191709844559	0.5166697185309197	0.163180127180689	0.4476095136677719	1.2453299128561657	27
Reactome	REACTOME_IRAK4_DEFICIENCY_TLR2_4	0.1891252955082742	0.5166697185309197	0.1552419662288392	0.5161880692149802	1.231445472569176	14
Reactome	REACTOME_GLYCOSPHINGOLIPID_CATABOLISM	0.1891447368421052	0.5166697185309197	0.1268757299298573	-0.4446238980708997	-1.2325877205008102	33
Reactome	REACTOME_KERATAN_SULFATE_KERATIN_METABOLISM	0.1891447368421052	0.5166697185309197	0.1268757299298573	-0.4447273875208381	-1.2328746142682143	33
Reactome	REACTOME_RUNX2_REGULATES_BONE_DEVELOPMENT	0.1896838602329451	0.5171143332541003	0.1275053153001827	-0.4779961790662088	-1.2448069441232965	25
Reactome	REACTOME_PRESYNAPTIC_FUNCTION_OF_KAINATE_RECEPTORS	0.1901528013582342	0.517366235774681	0.1287887130617136	-0.5151341518048279	-1.2625612104079895	18
Reactome	REACTOME_THE_ACTIVATION_OF_ARYLSULFATASES	0.1909722222222222	0.5185688405797101	0.1301056307511285	-0.5711655462400715	-1.2595106198025172	11
Reactome	REACTOME_DEVELOPMENTAL_LINEAGE_OF_MAMMARY_STEM_CELLS	0.1934369602763385	0.5242256083228582	0.1287887130617136	-0.5476820433131226	-1.2614958206757116	14
Reactome	REACTOME_ION_TRANSPORT_BY_P_TYPE_ATPASES	0.1941272430668841	0.5250606928620056	0.1244341686303933	-0.4056372831185914	-1.1979996852946952	46
Reactome	REACTOME_SARS_COV_2_ACTIVATES_MODULATES_INNATE_AND_ADAPTIVE_IMMUNE_RESPONSES	0.1954022988505747	0.5274710385475239	0.1695706444056283	0.32353031976595	1.1500105510965264	103
Reactome	REACTOME_PHASE_4_RESTING_MEMBRANE_POTENTIAL	0.1961805555555555	0.5280075952800759	0.1281429168984153	-0.554401158117992	-1.2531731059321236	13
Reactome	REACTOME_SUMOYLATION_OF_INTRACELLULAR_RECEPTORS	0.1963696369636963	0.5280075952800759	0.1244341686303933	-0.4595182948494708	-1.237240892467756	29
Reactome	REACTOME_BASE_EXCISION_REPAIR_AP_SITE_FORMATION	0.1974025974025974	0.5297483766233767	0.1596467019199062	0.3838400747806679	1.2045770790420889	47
Reactome	REACTOME_SARS_COV_INFECTIONS	0.198237885462555	0.5309529329932762	0.2114001893849227	0.2520945927722468	1.0745014022273076	438
Reactome	REACTOME_TERMINATION_OF_O_GLYCAN_BIOSYNTHESIS	0.1990049751243781	0.5319704977060224	0.1552419662288392	0.4765774228629761	1.225554182146722	20
Reactome	REACTOME_FOXO_MEDIATED_TRANSCRIPTION_OF_OXIDATIVE_STRESS_METABOLIC_AND_NEURONAL_GENES	0.2	0.533439858308948	0.1232572263813373	-0.4742470154863073	-1.231320066442438	24
Reactome	REACTOME_DAP12_SIGNALING	0.2003311258278145	0.533439858308948	0.1232572263813373	-0.4623223633747823	-1.2409734869810054	28
Reactome	REACTOME_PROTEIN_PROTEIN_INTERACTIONS_AT_SYNAPSES	0.2009345794392523	0.5340118223395217	0.1188150394122628	-0.3660604185040539	-1.161761806993306	73
Reactome	REACTOME_PLATELET_AGGREGATION_PLUG_FORMATION	0.2015113350125944	0.534125272907259	0.1552419662288392	0.4096667794765936	1.2121458206270064	34
Reactome	REACTOME_SYNTHESIS_OF_PROSTAGLANDINS_PG_AND_THROMBOXANES_TX	0.2020725388601036	0.534125272907259	0.1256399213098404	-0.5564094460462539	-1.2481766848787996	12
Reactome	REACTOME_NEUROTOXICITY_OF_CLOSTRIDIUM_TOXINS	0.2024432809773124	0.534125272907259	0.1262539878491153	-0.5837782521967502	-1.268834638524657	10
Reactome	REACTOME_VISUAL_PHOTOTRANSDUCTION	0.203030303030303	0.534125272907259	0.1162341487797164	-0.3616196897754434	-1.1679450346481413	78
Reactome	REACTOME_SPHINGOLIPID_CATABOLISM	0.203125	0.534125272907259	0.1256399213098404	-0.5675218879851124	-1.251475775443885	11
Reactome	REACTOME_NUCLEOTIDE_BIOSYNTHESIS	0.2033096926713948	0.534125272907259	0.1492075424353217	0.5072936016932179	1.210226361911998	14
Reactome	REACTOME_HIV_TRANSCRIPTION_ELONGATION	0.2040816326530612	0.5351300825673782	0.1552419662288392	0.3850930514089343	1.1887690159632431	42
Reactome	REACTOME_DEGRADATION_OF_CYSTEINE_AND_HOMOCYSTEINE	0.2055267702936096	0.5377991500782823	0.1244341686303933	-0.5404467142214643	-1.2448304259968466	14
Reactome	REACTOME_INHIBITION_OF_DNA_RECOMBINATION_AT_TELOMERE	0.2058823529411764	0.5377991500782823	0.1585141054248243	0.3673142047233074	1.172179980195566	52
Reactome	REACTOME_METABOLISM_OF_ANGIOTENSINOGEN_TO_ANGIOTENSINS	0.2064846416382252	0.5383489518233805	0.1232572263813373	-0.5154551406020659	-1.2250275193409714	16
Reactome	REACTOME_TRANSCRIPTIONAL_REGULATION_OF_TESTIS_DIFFERENTIATION	0.2076788830715532	0.5404370934475646	0.1244341686303933	-0.5791061829454051	-1.2586799551711998	10
Reactome	REACTOME_DAG1_GLYCOSYLATIONS	0.2082324455205811	0.5406863985158951	0.1492075424353217	0.4735425731907595	1.2078303654125773	18
Reactome	REACTOME_GLYCOSPHINGOLIPID_METABOLISM	0.2088607594936709	0.5406863985158951	0.1172497167497922	-0.3915629459150772	-1.1814237797352198	51
Reactome	REACTOME_TRIGLYCERIDE_CATABOLISM	0.208955223880597	0.5406863985158951	0.1511487613854837	0.4743254843256539	1.2197631552118473	20
Reactome	REACTOME_TCR_SIGNALING	0.211890243902439	0.5472503667705849	0.11378726182188	-0.3399302582739773	-1.1433701920685144	104
Reactome	REACTOME_INFLAMMASOMES	0.2133105802047781	0.5498850604153193	0.1209851421452523	-0.5114085182485066	-1.2154103415246822	16
Reactome	REACTOME_SIGNALING_BY_MET	0.2149532710280373	0.5530820119710175	0.1142665024844328	-0.3659671113672699	-1.1591362777059988	69
Reactome	REACTOME_MRNA_DECAY_BY_5_TO_3_EXORIBONUCLEASE	0.2163461538461538	0.554710056275997	0.1455161460903603	0.4897277009334373	1.1989489942764606	15
Reactome	REACTOME_METABOLISM_OF_FAT_SOLUBLE_VITAMINS	0.2163934426229508	0.554710056275997	0.1172497167497922	-0.4033780023155225	-1.1652088491140558	42
Reactome	REACTOME_PHASE_II_CONJUGATION_OF_COMPOUNDS	0.2170542635658914	0.5553678922523927	0.1133129084220803	-0.357386468496206	-1.1656287690086582	85
Reactome	REACTOME_POST_TRANSLATIONAL_MODIFICATION_SYNTHESIS_OF_GPI_ANCHORED_PROTEINS	0.2181259600614439	0.5570726191903791	0.112378519110475	-0.3572093096520284	-1.142986666803451	75
Reactome	REACTOME_COMMON_PATHWAY_OF_FIBRIN_CLOT_FORMATION	0.2189054726368159	0.5580261955528479	0.1473312136993771	0.4677826844878416	1.1911894058908388	19
Reactome	REACTOME_REGULATION_OF_NPAS4_GENE_EXPRESSION	0.2193436960276338	0.5581078487814238	0.1198878451154234	-0.549317292563871	-1.2322670688843285	12
Reactome	REACTOME_TYPE_I_HEMIDESMOSOME_ASSEMBLY	0.2216404886561954	0.5629094850528883	0.1198878451154234	-0.5732488597899498	-1.2459491374665186	10
Reactome	REACTOME_ACTIVATED_NOTCH1_TRANSMITS_SIGNAL_TO_THE_NUCLEUS	0.226072607260726	0.5721952594169771	0.1147507192270233	-0.4469297972424073	-1.203346694589751	29
Reactome	REACTOME_GLUCAGON_LIKE_PEPTIDE_1_GLP1_REGULATES_INSULIN_SECRETION	0.2262295081967213	0.5721952594169771	0.1142665024844328	-0.4237480471978213	-1.1915254843475207	35
Reactome	REACTOME_PEPTIDE_LIGAND_BINDING_RECEPTORS	0.2267884322678843	0.5721952594169771	0.1092500394807109	-0.3374776090221265	-1.1542011680208104	122
Reactome	REACTOME_NOREPINEPHRINE_NEUROTRANSMITTER_RELEASE_CYCLE	0.2269624573378839	0.5721952594169771	0.1167392047912217	-0.5008292044398891	-1.2001425677243571	17
Reactome	REACTOME_METAL_ION_SLC_TRANSPORTERS	0.2281553398058252	0.573364597408791	0.1128433556755624	-0.409584510648606	-1.1761827239974274	39
Reactome	REACTOME_SIGNALING_BY_NOTCH1	0.2282608695652173	0.573364597408791	0.1101222638355359	-0.3597048644030066	-1.141938834251475	71
Reactome	REACTOME_PHOSPHORYLATION_OF_CD3_AND_TCR_ZETA_CHAINS	0.2297520661157024	0.5760571876696627	0.11378726182188	-0.4557671246388066	-1.1833394578499723	24
Reactome	REACTOME_TRIGLYCERIDE_METABOLISM	0.230379746835443	0.5765788199488138	0.1446305280344838	0.405556922708703	1.1807356946548475	32
Reactome	REACTOME_REGULATION_OF_IFNG_SIGNALING	0.2316784869976359	0.5787749838813668	0.1388051093911396	0.5287997767611425	1.220716719427387	12
Reactome	REACTOME_ION_HOMEOSTASIS	0.2350081037277147	0.5854369279176201	0.1110114924504502	-0.3890988367596682	-1.1549239420552635	47
Reactome	REACTOME_SLC_MEDIATED_TRANSPORT_OF_ORGANIC_ANIONS	0.2351973684210526	0.5854369279176201	0.1119183163251045	-0.4352548847803232	-1.1869810886749788	30
Reactome	REACTOME_RA_BIOSYNTHESIS_PATHWAY	0.2363636363636363	0.5872760151241164	0.1119183163251045	-0.4713510705194431	-1.1778076481746087	21
Reactome	REACTOME_RESPONSE_TO_ELEVATED_PLATELET_CYTOSOLIC_CA2	0.2370030581039755	0.5878018083661777	0.1067298843646055	-0.3342933887605604	-1.1377545172878152	117
Reactome	REACTOME_INTERLEUKIN_10_SIGNALING	0.2375415282392026	0.5880757834246206	0.1119183163251045	-0.4685462056431623	-1.1829206787033293	22
Reactome	REACTOME_RRNA_PROCESSING_IN_THE_MITOCHONDRION	0.2379807692307692	0.5881035556170449	0.1380222424966427	0.4662230798733482	1.1759733548154352	17
Reactome	REACTOME_SHC1_EVENTS_IN_EGFR_SIGNALING	0.2387706855791962	0.5889962692743548	0.1364904377804126	0.4945344550860835	1.1797874690737788	14
Reactome	REACTOME_LGI_ADAM_INTERACTIONS	0.2400932400932401	0.591197333132817	0.1350020338286313	0.5626930144005814	1.2437164374341725	10
Reactome	REACTOME_PLASMA_LIPOPROTEIN_ASSEMBLY_REMODELING_AND_CLEARANCE	0.2479564032697547	0.6094248198639252	0.1446305280344838	0.3454565948648326	1.1404954821381097	65
Reactome	REACTOME_INTRA_GOLGI_TRAFFIC	0.2487684729064039	0.6094248198639252	0.1364904377804126	0.3790729514663138	1.1652838898822862	41
Reactome	REACTOME_CARNITINE_SHUTTLE	0.2488262910798122	0.6094248198639252	0.1328463006061833	0.5120491103132675	1.1970762125754164	13
Reactome	REACTOME_CD209_DC_SIGN_SIGNALING	0.25	0.6111780892516957	0.1088201267691612	-0.4769690207651087	-1.1833193817331649	19
Reactome	REACTOME_REGULATION_OF_TBK1_IKK_IKBKE_MEDIATED_ACTIVATION_OF_IRF3_IRF7	0.2504317789291883	0.6111780892516957	0.1110114924504502	-0.5219757942254685	-1.2022856892038924	14
Reactome	REACTOME_TGFBR3_PTM_REGULATION	0.2513089005235602	0.6122312576584605	0.1114626669229801	-0.5581471691345977	-1.2131258040660533	10
Reactome	REACTOME_APOPTOTIC_CLEAVAGE_OF_CELL_ADHESION_PROTEINS	0.2534722222222222	0.6164085545722714	0.1105647163366185	-0.5481537675672543	-1.2087659980203482	11
Reactome	REACTOME_REGULATION_OF_TP53_EXPRESSION_AND_DEGRADATION	0.2551020408163265	0.6192759789428138	0.1372507796101328	0.3887869191218904	1.159741345733379	35
Reactome	REACTOME_TRANSCRIPTIONAL_REGULATION_BY_RUNX2	0.2560975609756097	0.6205962059620597	0.1017139022823109	-0.3346574430462952	-1.1141103114528963	94
Reactome	REACTOME_MUCOPOLYSACCHARIDOSES	0.2569444444444444	0.6215522300469484	0.1096840619705492	-0.5476204519837988	-1.207589952571721	11
Reactome	REACTOME_GASTRULATION	0.2588055130168453	0.6249539101672154	0.1013507437970988	-0.3336337175940738	-1.1119096288400576	95
Reactome	REACTOME_EPIGENETIC_REGULATION_OF_GENE_EXPRESSION_BY_MLL3_AND_MLL4_COMPLEXES	0.2597765363128491	0.6261981770067626	0.1429011493869481	0.3007838308727094	1.0934481707327932	111
Reactome	REACTOME_TP53_REGULATES_TRANSCRIPTION_OF_GENES_INVOLVED_IN_G1_CELL_CYCLE_ARREST	0.2605633802816901	0.6269948940578673	0.1294428877450462	0.5044734778819902	1.179365783641854	13
Reactome	REACTOME_TNF_RECEPTOR_SUPERFAMILY_TNFSF_MEMBERS_MEDIATING_NON_CANONICAL_NF_KB_PATHWAY	0.2610921501706484	0.6271689061791451	0.1075543752651693	-0.5096171405925665	-1.1925298185666833	15
Reactome	REACTOME_HIV_TRANSCRIPTION_INITIATION	0.2623376623376623	0.6290609913646563	0.1364904377804126	0.3559448885988878	1.1170356676629234	47
Reactome	REACTOME_PRE_NOTCH_EXPRESSION_AND_PROCESSING	0.2630057803468208	0.6295643592274074	0.1446305280344838	0.3159331870679324	1.110852653579468	92
Reactome	REACTOME_FORMATION_OF_ATP_BY_CHEMIOSMOTIC_COUPLING	0.2645051194539249	0.6320522332690309	0.1067298843646055	-0.4973949329241158	-1.1821057407655164	16
Reactome	REACTOME_PHYSIOLOGICAL_FACTORS	0.268760907504363	0.6411067481093659	0.1071402372767247	-0.5515550160856719	-1.1987978428933683	10
Reactome	REACTOME_SUMOYLATION_OF_IMMUNE_RESPONSE_PROTEINS	0.272300469483568	0.6468577391554668	0.1262539878491153	0.5319838216311734	1.206041293420833	11
Reactome	REACTOME_THE_NLRP3_INFLAMMASOME	0.2728842832469775	0.6468577391554668	0.1055209368431984	-0.5312871564612139	-1.1918206033031935	12
Reactome	REACTOME_RND2_GTPASE_CYCLE	0.2733990147783251	0.6468577391554668	0.1294428877450462	0.3702193450058879	1.1380675851161868	41
Reactome	REACTOME_SIGNALING_BY_CSF1_M_CSF_IN_MYELOID_CELLS	0.2739273927392739	0.6468577391554668	0.1024494056298262	-0.4294759329441402	-1.1563526251839331	29
Reactome	REACTOME_CD28_DEPENDENT_VAV1_PATHWAY	0.2739965095986038	0.6468577391554668	0.1059202927362528	-0.5483970106446994	-1.1919339580585409	10
Reactome	REACTOME_SYNTHESIS_OF_PYROPHOSPHATES_IN_THE_CYTOSOL	0.2739965095986038	0.6468577391554668	0.1059202927362528	-0.5484326831573505	-1.1920114918130524	10
Reactome	REACTOME_MITOCHONDRIAL_PROTEIN_IMPORT	0.2771739130434782	0.6524216524216525	0.1357409438104248	0.3380720436587948	1.1154993076340858	64
Reactome	REACTOME_ISG15_ANTIVIRAL_MECHANISM	0.2777777777777778	0.6524216524216525	0.1372507796101328	0.3229688812480983	1.0980339700039532	73
Reactome	REACTOME_MRNA_CAPPING	0.2777777777777778	0.6524216524216525	0.1301056307511285	0.3985125077086817	1.1316587278891783	29
Reactome	REACTOME_SPECIFICATION_OF_PRIMORDIAL_GERM_CELLS	0.2809773123909249	0.6572066326530612	0.1043439525819485	-0.5430787586327389	-1.1803748046577651	10
Reactome	REACTOME_TRANSLESION_SYNTHESIS_BY_POLH	0.2810945273631841	0.6572066326530612	0.1281429168984153	0.448258293700249	1.1414713461295705	19
Reactome	REACTOME_CONSTITUTIVE_SIGNALING_BY_EGFRVIII	0.28125	0.6572066326530612	0.1256399213098404	0.4616498118751194	1.130208841771892	15
Reactome	REACTOME_METABOLISM_OF_AMINO_ACIDS_AND_DERIVATIVES	0.2836218375499334	0.6616237772387241	0.0878312634480123	-0.2800035926039979	-1.0690777172247004	330
Reactome	REACTOME_SIGNALING_BY_ERBB4	0.2882165605095541	0.6678144822473021	0.0972150808846466	-0.3647401661734084	-1.1039024504346386	52
Reactome	REACTOME_GABA_SYNTHESIS_RELEASE_REUPTAKE_AND_DEGRADATION	0.2883959044368601	0.6678144822473021	0.1013507437970988	-0.4884892595050784	-1.160940572049105	16
Reactome	REACTOME_RESPONSE_OF_EIF2AK1_HRI_TO_HEME_DEFICIENCY	0.2884160756501182	0.6678144822473021	0.1226791895688083	0.4738415245454309	1.1304213229959967	14
Reactome	REACTOME_MASTL_FACILITATES_MITOTIC_PROGRESSION	0.289044289044289	0.6678144822473021	0.121543282035469	0.5442223142651201	1.2028907780044698	10
Reactome	REACTOME_GABA_B_RECEPTOR_ACTIVATION	0.2894736842105263	0.6678144822473021	0.0988903007520636	-0.4086646528730517	-1.1329013917594852	33
Reactome	REACTOME_BMAL1_CLOCK_NPAS2_ACTIVATES_CIRCADIAN_EXPRESSION	0.2896725440806045	0.6678144822473021	0.1268757299298573	0.4347313136521664	1.1270691349969293	21
Reactome	REACTOME_P38MAPK_EVENTS	0.2899305555555556	0.6678144822473021	0.1020801076627472	-0.5174732943163578	-1.169701047661489	13
Reactome	REACTOME_LYSOSOME_VESICLE_BIOGENESIS	0.2901639344262295	0.6678144822473021	0.098549980353169	-0.3986571847777559	-1.120973178099821	35
Reactome	REACTOME_MEIOTIC_SYNAPSIS	0.2978142076502732	0.6842754536981194	0.1307771379719743	0.3435303354052673	1.111527581394572	59
Reactome	REACTOME_RETINOID_CYCLE_DISEASE_EVENTS	0.300174520069808	0.6877951388888889	0.1002791067541304	-0.5303715020098031	-1.1527557433050504	10
Reactome	REACTOME_P2Y_RECEPTORS	0.3003472222222222	0.6877951388888889	0.0999276973731092	-0.5335820376073894	-1.1766330222935	11
Reactome	REACTOME_BUDDING_AND_MATURATION_OF_HIV_VIRION	0.3029801324503311	0.6917199715707179	0.0965629554309421	-0.4215586211937264	-1.1315547625490847	28
Reactome	REACTOME_SENSORY_PERCEPTION	0.3032069970845481	0.6917199715707179	0.0891647117820678	-0.2972114629694787	-1.0711115463675267	183
Reactome	REACTOME_ACYL_CHAIN_REMODELLING_OF_PE	0.3035714285714285	0.6917199715707179	0.0952879846194843	-0.4234036893186505	-1.1306286966371557	27
Reactome	REACTOME_SEROTONIN_NEUROTRANSMITTER_RELEASE_CYCLE	0.3056027164685908	0.6944607608769892	0.0975449216247199	-0.4600251702688259	-1.1274925837431284	18
Reactome	REACTOME_WNT_LIGAND_BIOGENESIS_AND_TRAFFICKING	0.3057851239669421	0.6944607608769892	0.0959206777921745	-0.4487110803887888	-1.1212350525059576	21
Reactome	REACTOME_ESTROGEN_DEPENDENT_GENE_EXPRESSION	0.3108504398826979	0.7038934426229508	0.1328463006061833	0.2890188823990846	1.063149049181222	128
Reactome	REACTOME_ACTIVATION_OF_SMO	0.3122866894197952	0.7038934426229508	0.0965629554309421	-0.486707994762998	-1.1389212615862678	15
Reactome	REACTOME_INTERLEUKIN_27_SIGNALING	0.31239092495637	0.7038934426229508	0.0978773277424561	-0.5225593019844408	-1.135776025479039	10
Reactome	REACTOME_MECHANICAL_LOAD_ACTIVATES_SIGNALING_BY_PIEZO1_AND_INTEGRINS_IN_OSTEOCYTES	0.3125	0.7038934426229508	0.0975449216247199	-0.5225611606672256	-1.1523302406620626	11
Reactome	REACTOME_NON_CANONICAL_INFLAMMASOME_ACTIVATION	0.3125	0.7038934426229508	0.0975449216247199	-0.5227583850855357	-1.1527651517854336	11
Reactome	REACTOME_EXTRA_NUCLEAR_ESTROGEN_SIGNALING	0.3130841121495327	0.7040549428698166	0.0911073131586733	-0.3427145110357976	-1.0837988924069637	68
Reactome	REACTOME_CHEMOKINE_RECEPTORS_BIND_CHEMOKINES	0.313915857605178	0.7047718763880957	0.0931454575337803	-0.389599911898233	-1.1141079327510908	38
Reactome	REACTOME_GERM_LAYER_FORMATION_AT_GASTRULATION	0.3145539906103286	0.7050525009764951	0.1162341487797164	0.4817878251769949	1.1263309190694248	13
Reactome	REACTOME_GLUCAGON_SIGNALING_IN_METABOLIC_REGULATION	0.3165584415584415	0.7076897355136558	0.0928481214159878	-0.4194821154827398	-1.1201567899752247	27
Reactome	REACTOME_CARDIOGENESIS	0.3172757475083056	0.7076897355136558	0.0940503465727812	-0.436004064661441	-1.1171250217288595	23
Reactome	REACTOME_DOPAMINE_NEUROTRANSMITTER_RELEASE_CYCLE	0.3172757475083056	0.7076897355136558	0.0940503465727812	-0.4351657301716751	-1.1149770499299658	23
Reactome	REACTOME_CASPASE_ACTIVATION_VIA_DEATH_RECEPTORS_IN_THE_PRESENCE_OF_LIGAND	0.3191126279863481	0.7100594723733035	0.0952879846194843	-0.475222713961672	-1.1294113814423716	16
Reactome	REACTOME_DISSOLUTION_OF_FIBRIN_CLOT	0.3193717277486911	0.7100594723733035	0.0965629554309421	-0.5209962804680913	-1.13237881800644	10
Reactome	REACTOME_SLC_MEDIATED_TRANSMEMBRANE_TRANSPORT	0.3210227272727273	0.712577103833162	0.0845557442441281	-0.296161223134049	-1.0761709601089997	198
Reactome	REACTOME_DEADENYLATION_OF_MRNA	0.3216957605985037	0.7129193146166841	0.1188150394122628	0.4032683818835546	1.1058748424231486	25
Reactome	REACTOME_INWARDLY_RECTIFYING_K_CHANNELS	0.323051948051948	0.7136227919989977	0.0916795246008379	-0.4155624957082541	-1.1096901013073217	27
Reactome	REACTOME_STRIATED_MUSCLE_CONTRACTION	0.323051948051948	0.7136227919989977	0.0916795246008379	-0.4161883448491009	-1.1113613267034574	27
Reactome	REACTOME_SIGNALING_BY_BRAF_AND_RAF1_FUSIONS	0.324396782841823	0.7154433059785953	0.1232572263813373	0.3306669826731741	1.0776251392440124	60
Reactome	REACTOME_ADORA2B_MEDIATED_ANTI_INFLAMMATORY_CYTOKINES_PRODUCTION	0.3262295081967213	0.7183322824716267	0.0916795246008379	-0.3896653642561192	-1.095689325175757	35
Reactome	REACTOME_UPTAKE_AND_ACTIONS_OF_BACTERIAL_TOXINS	0.3279220779220779	0.7196568613572663	0.0908241419007155	-0.4128922760884042	-1.102559726667969	27
Reactome	REACTOME_MECP2_REGULATES_NEURONAL_RECEPTORS_AND_CHANNELS	0.3281519861830743	0.7196568613572663	0.0943563635421779	-0.4946722587238199	-1.1393964702756236	14
Reactome	REACTOME_REGULATION_OF_PD_L1_CD274_TRANSCRIPTION	0.3284023668639053	0.7196568613572663	0.1294428877450462	0.3138316449114396	1.065950487769237	79
Reactome	REACTOME_SIALIC_ACID_METABOLISM	0.33003300330033	0.7209661124468426	0.0913924325943768	-0.4109630249559752	-1.1065071085675515	29
Reactome	REACTOME_ENDOSOMAL_SORTING_COMPLEX_REQUIRED_FOR_TRANSPORT_ESCRT	0.3300492610837438	0.7209661124468426	0.0911073131586733	-0.4019871240923165	-1.1020952551558922	31
Reactome	REACTOME_NUCLEOTIDE_LIKE_PURINERGIC_RECEPTORS	0.3316062176165803	0.722397476340694	0.0937465422491718	-0.4904441815598557	-1.12965778751807	14
Reactome	REACTOME_EARLY_SARS_COV_2_INFECTION_EVENTS	0.3322314049586777	0.722397476340694	0.0911073131586733	-0.3919902737911558	-1.092939306838883	34
Reactome	REACTOME_RHOC_GTPASE_CYCLE	0.3324022346368715	0.722397476340694	0.1244341686303933	0.3164245305497697	1.063286516499416	71
Reactome	REACTOME_COMPLEX_IV_ASSEMBLY	0.3333333333333333	0.722397476340694	0.0897104652742981	-0.3763477021832409	-1.098398273539421	43
Reactome	REACTOME_DISEASES_OF_IMMUNE_SYSTEM	0.3333333333333333	0.722397476340694	0.118287526124085	0.3940011458170075	1.089577411357508	26
Reactome	REACTOME_TGF_BETA_RECEPTOR_SIGNALING_ACTIVATES_SMADS	0.3360655737704918	0.7248210585440276	0.0899860794997137	-0.3777976337466755	-1.0913166892815398	42
Reactome	REACTOME_ATTACHMENT_AND_ENTRY	0.3361774744027304	0.7248210585440276	0.0922597260527354	-0.4642277598909782	-1.1032808411692498	16
Reactome	REACTOME_HYALURONAN_DEGRADATION	0.3361774744027304	0.7248210585440276	0.0922597260527354	-0.4783786267115087	-1.1194301201390475	15
Reactome	REACTOME_SIGNAL_TRANSDUCTION_BY_L1	0.3365617433414044	0.7248210585440276	0.11378726182188	0.4256384129654495	1.0856447317960392	18
Reactome	REACTOME_INTERLEUKIN_6_FAMILY_SIGNALING	0.3378607809847199	0.7264799891596324	0.0916795246008379	-0.4503058370222585	-1.1036711129570214	18
Reactome	REACTOME_THE_PHOTOTRANSDUCTION_CASCADE	0.3393782383419689	0.7279208574486324	0.1177657883626902	0.3904355743732959	1.086261763799619	27
Reactome	REACTOME_ACETYLCHOLINE_NEUROTRANSMITTER_RELEASE_CYCLE	0.3395904436860068	0.7279208574486324	0.0916795246008379	-0.4766953206960149	-1.1154910991420008	15
Reactome	REACTOME_FACTORS_INVOLVED_IN_MEGAKARYOCYTE_DEVELOPMENT_AND_PLATELET_PRODUCTION	0.3428571428571428	0.7320954269575146	0.1238421712010496	0.2779322058533074	1.0455287672713005	139
Reactome	REACTOME_O_LINKED_GLYCOSYLATION	0.3429878048780488	0.7320954269575146	0.0847985102819124	-0.3171448496055714	-1.0685510085827987	106
Reactome	REACTOME_NEUREXINS_AND_NEUROLIGINS	0.3433544303797468	0.7320954269575146	0.0867949756771719	-0.3561737091084255	-1.067127333483084	48
Reactome	REACTOME_SUMOYLATION_OF_TRANSCRIPTION_COFACTORS	0.3436692506459948	0.7320954269575146	0.1167392047912217	0.3422432356693062	1.0677860101153065	44
Reactome	REACTOME_FOLDING_OF_ACTIN_BY_CCT_TRIC	0.3449883449883449	0.7335570308558432	0.1096840619705492	0.5229301190826633	1.1558287877899869	10
Reactome	REACTOME_SHC1_EVENTS_IN_ERBB4_SIGNALING	0.3454231433506045	0.7335570308558432	0.0913924325943768	-0.5053968221535472	-1.1337415899503889	12
Reactome	REACTOME_NR1H3_NR1H2_REGULATE_GENE_EXPRESSION_LINKED_TO_CHOLESTEROL_TRANSPORT_AND_EFFLUX	0.3474714518760196	0.7367681711074859	0.0878312634480123	-0.3830362066368597	-1.080897448704507	36
Reactome	REACTOME_PKR_MEDIATED_SIGNALING	0.3491620111731843	0.7392120236547848	0.1209851421452523	0.3142385222615733	1.0559408371560453	71
Reactome	REACTOME_DENGUE_VIRUS_ATTACHMENT_AND_ENTRY	0.3506711409395973	0.7412648425400103	0.0888945288620449	-0.378397800963729	-1.084073129142325	41
Reactome	REACTOME_FORMATION_OF_THE_EARLY_ELONGATION_COMPLEX	0.3527918781725888	0.7446022129172613	0.11378726182188	0.3666073344453203	1.0788489282368467	33
Reactome	REACTOME_PHASE_0_RAPID_DEPOLARISATION	0.3538461538461538	0.745639988700397	0.1142665024844328	0.3885972355650239	1.074633346838723	26
Reactome	REACTOME_BILE_ACID_AND_BILE_SALT_METABOLISM	0.3543689320388349	0.745639988700397	0.0862865626267244	-0.375328468587301	-1.0778114140051818	39
Reactome	REACTOME_DAP12_INTERACTIONS	0.3585526315789473	0.7532894736842105	0.0865399737444124	-0.3850894045055219	-1.0675460166398592	33
Reactome	REACTOME_MITOCHONDRIAL_FATTY_ACID_BETA_OXIDATION	0.3601973684210526	0.7552004058853374	0.0862865626267244	-0.3833748691083596	-1.0627929764050104	33
Reactome	REACTOME_ELEVATION_OF_CYTOSOLIC_CA2_LEVELS	0.3609671848013817	0.7552004058853374	0.0888945288620449	-0.4997023049481369	-1.1209672496548728	12
Reactome	REACTOME_SYNTHESIS_OF_PC	0.3611111111111111	0.7552004058853374	0.0857844408075645	-0.409068287515886	-1.0789468036606222	26
Reactome	REACTOME_PLATELET_ADHESION_TO_EXPOSED_COLLAGEN	0.3626943005181347	0.7552178224671939	0.0886261133285098	-0.4972200140458804	-1.1153988006443472	12
Reactome	REACTOME_TRANSCRIPTIONAL_REGULATION_OF_PLURIPOTENT_STEM_CELLS	0.36272040302267	0.7552178224671939	0.1114626669229801	0.4138038581606264	1.0728133489106095	21
Reactome	REACTOME_SIGNALING_BY_NTRK3_TRKC	0.363481228668942	0.7552178224671939	0.0878312634480123	-0.4519510059666287	-1.0830151995489254	17
Reactome	REACTOME_DIGESTION_AND_ABSORPTION	0.3636363636363636	0.7552178224671939	0.0860347242455604	-0.4342013660458451	-1.0849783139626157	21
Reactome	REACTOME_ASPIRIN_ADME	0.3638676844783715	0.7552178224671939	0.1119183163251045	0.3654537268400801	1.0503288438565137	31
Reactome	REACTOME_REGULATION_OF_TLR_BY_ENDOGENOUS_LIGAND	0.3653846153846153	0.7572224155934564	0.1079723603173452	0.4348424946873339	1.0803261555987167	16
Reactome	REACTOME_NUCLEOTIDE_BINDING_DOMAIN_LEUCINE_RICH_REPEAT_CONTAINING_RECEPTOR_NLR_SIGNALING_PATHWAYS	0.370253164556962	0.7661563977428701	0.0826646449123752	-0.3454385923947107	-1.0422573733059115	51
Reactome	REACTOME_FORMATION_OF_FIBRIN_CLOT_CLOTTING_CASCADE	0.3753148614609571	0.7754625859358724	0.1092500394807109	0.3582665804044076	1.0600599312992238	34
Reactome	REACTOME_COPI_MEDIATED_ANTEROGRADE_TRANSPORT	0.3795731707317073	0.7830833882663151	0.0793434960134972	-0.3092253166932146	-1.029444051069677	94
Reactome	REACTOME_GLUTATHIONE_SYNTHESIS_AND_RECYCLING	0.3816925734024179	0.7862752561543062	0.0857844408075645	-0.4882042364377872	-1.095173976126291	12
Reactome	REACTOME_REGULATION_OF_FZD_BY_UBIQUITINATION	0.3830845771144278	0.7879613906515327	0.1071402372767247	0.4099779586671133	1.0542887214716408	20
Reactome	REACTOME_TRAF6_MEDIATED_INDUCTION_OF_TAK1_COMPLEX_WITHIN_TLR4_COMPLEX	0.3839590443686007	0.7885795619767674	0.0847985102819124	-0.4488566382300937	-1.0667499278957346	16
Reactome	REACTOME_VXPX_CARGO_TARGETING_TO_CILIUM	0.3855721393034826	0.7885969832959362	0.1067298843646055	0.412706991057681	1.0509414131547925	19
Reactome	REACTOME_ERYTHROCYTES_TAKE_UP_CARBON_DIOXIDE_AND_RELEASE_OXYGEN	0.3856893542757417	0.7885969832959362	0.0857844408075645	-0.4971657743505709	-1.0805835147355451	10
Reactome	REACTOME_NEF_MEDIATED_DOWNREGULATION_OF_MHC_CLASS_I_COMPLEX_CELL_SURFACE_EXPRESSION	0.3856893542757417	0.7885969832959362	0.0857844408075645	-0.496847373422887	-1.0798914743512666	10
Reactome	REACTOME_RHO_GTPASES_ACTIVATE_PAKS	0.3866666666666666	0.7894205052005943	0.083129129135339	-0.4287052979287486	-1.0660053540958552	20
Reactome	REACTOME_PEXOPHAGY	0.3888888888888889	0.7920243353612801	0.0850427463764321	-0.4947315299947602	-1.0909614910799248	11
Reactome	REACTOME_ASPARTATE_AND_ASPARAGINE_METABOLISM	0.3891797556719022	0.7920243353612801	0.0852884689790501	-0.4947120724364178	-1.0752504246973735	10
Reactome	REACTOME_MITOCHONDRIAL_MRNA_MODIFICATION	0.3896713615023474	0.7920243353612801	0.1024494056298262	0.4851848291946151	1.0999449892213613	11
Reactome	REACTOME_FORMATION_OF_THE_NON_CANONICAL_BAF_NCBAF_COMPLEX	0.3942307692307692	0.7992022934064563	0.1031974669453071	0.4192595806180607	1.0575154187816471	17
Reactome	REACTOME_PURINE_RIBONUCLEOSIDE_MONOPHOSPHATE_BIOSYNTHESIS	0.3943661971830985	0.7992022934064563	0.1017139022823109	0.4836405596628318	1.0964440315836053	11
Reactome	REACTOME_TNFS_BIND_THEIR_PHYSIOLOGICAL_RECEPTORS	0.3960066555740432	0.801344837641731	0.0817515582532144	-0.4067619175460665	-1.0592972951277848	25
Reactome	REACTOME_COOPERATION_OF_PDCL_PHLP1_AND_TRIC_CCT_IN_G_PROTEIN_BETA_FOLDING	0.396694214876033	0.8015556635877491	0.0813027345384498	-0.3737854508124067	-1.0421809897636	34
Reactome	REACTOME_TRANSCRIPTIONAL_REGULATION_BY_MECP2	0.397456279809221	0.8019161945049481	0.0791316651768348	-0.3369064481078135	-1.0236532580248598	53
Reactome	REACTOME_TRYPTOPHAN_CATABOLISM	0.3989637305699481	0.8037773692127694	0.0833634065110386	-0.4665223340475892	-1.07455773260845	14
Reactome	REACTOME_SEMA3A_PAK_DEPENDENT_AXON_REPULSION	0.4010238907849829	0.8067449867328939	0.0824344091527096	-0.4566148385104378	-1.06850175779125	15
Reactome	REACTOME_DISORDERS_OF_DEVELOPMENTAL_BIOLOGY	0.4019370460048426	0.8070833153371054	0.1024494056298262	0.4100653674358506	1.045923704928567	18
Reactome	REACTOME_INFLUENZA_VIRAL_RNA_TRANSCRIPTION_AND_REPLICATION	0.4023668639053254	0.8070833153371054	0.1152400031477806	0.2731610114123617	1.0174460901161462	134
Reactome	REACTOME_NFE2L2_REGULATING_TUMORIGENIC_GENES	0.4037558685446009	0.8082901554404145	0.1002791067541304	0.4796475978118948	1.0873917320972823	11
Reactome	REACTOME_HEME_DEGRADATION	0.4041450777202072	0.8082901554404145	0.0826646449123752	-0.4642433333155523	-1.0693084279546223	14
Reactome	REACTOME_REGULATION_OF_EXPRESSION_AND_FUNCTION_OF_TYPE_II_CLASSICAL_CADHERINS	0.4052287581699346	0.8092795257637939	0.0795564677235956	-0.399115607996023	-1.052695901100991	26
Reactome	REACTOME_REGULATION_OF_MECP2_EXPRESSION_AND_ACTIVITY	0.40625	0.8101415094339622	0.0797705918628452	-0.3805988715529794	-1.0379289898892987	30
Reactome	REACTOME_CLASS_I_PEROXISOMAL_MEMBRANE_PROTEIN_IMPORT	0.4083333333333333	0.8131159420289855	0.0802023444698144	-0.4235561674541192	-1.053201685278575	20
Reactome	REACTOME_O_LINKED_GLYCOSYLATION_OF_MUCINS	0.4101876675603217	0.8156264185642287	0.1075543752651693	0.3229411425417472	1.0310071632674804	53
Reactome	REACTOME_ACYL_CHAIN_REMODELLING_OF_PC	0.410981697171381	0.8160243524761236	0.0797705918628452	-0.4006258004680808	-1.043317499716968	25
Reactome	REACTOME_NEPHRIN_FAMILY_INTERACTIONS	0.4129353233830846	0.8178772876179217	0.1024494056298262	0.4012882631496243	1.0319425250885563	20
Reactome	REACTOME_RUNX1_REGULATES_GENES_INVOLVED_IN_MEGAKARYOCYTE_DIFFERENTIATION_AND_PLATELET_FUNCTION	0.4131054131054131	0.8178772876179217	0.1110114924504502	0.301075455377107	1.022559323832207	74
Reactome	REACTOME_TRANSFERRIN_ENDOCYTOSIS_AND_RECYCLING	0.4137055837563452	0.8178870101888033	0.1035763266125924	0.3581157203853597	1.0193252271994608	30
Reactome	REACTOME_TRANSLATION_OF_REPLICASE_AND_ASSEMBLY_OF_THE_REPLICATION_TRANSCRIPTION_COMPLEX	0.4162348877374784	0.8217050801024358	0.0810802057550866	-0.4589707409406101	-1.0571638756065485	14
Reactome	REACTOME_PURINE_SALVAGE	0.4178403755868544	0.8227504194070402	0.0982123351217437	0.4715674935500424	1.069073619781273	11
Reactome	REACTOME_SYNTHESIS_SECRETION_AND_DEACYLATION_OF_GHRELIN	0.4179620034542314	0.8227504194070402	0.0808589150280032	-0.458093754529973	-1.0551438811493348	14
Reactome	REACTOME_RSV_HOST_INTERACTIONS	0.4204892966360856	0.8265411925293014	0.0741758965588009	-0.3140755885093669	-1.0168545593255491	80
Reactome	REACTOME_ASSOCIATION_OF_TRIC_CCT_WITH_TARGET_PROTEINS_DURING_BIOSYNTHESIS	0.4215938303341902	0.8272968116049428	0.1031974669453071	0.3395581490477051	1.0152440010867951	36
Reactome	REACTOME_SIGNALING_BY_ALK	0.422077922077922	0.8272968116049428	0.0770736734944102	-0.3895202333278867	-1.0401485977366285	27
Reactome	REACTOME_REGULATION_OF_BETA_CELL_DEVELOPMENT	0.4245901639344262	0.8306543385490753	0.077274697304471	-0.3626840493534708	-1.019821307564096	35
Reactome	REACTOME_INTERLEUKIN_20_FAMILY_SIGNALING	0.425	0.8306543385490753	0.0780892306943344	-0.4197631680179988	-1.0437701300201678	20
Reactome	REACTOME_REGULATION_OF_GENE_EXPRESSION_BY_HYPOXIA_INDUCIBLE_FACTOR	0.4265734265734265	0.8325452956134773	0.0965629554309421	0.4821062471677746	1.065596068987992	10
Reactome	REACTOME_ORGANIC_ANION_TRANSPORT_BY_SLCO_TRANSPORTERS	0.4275741710296684	0.8328955344514043	0.0802023444698144	-0.4808124015175601	-1.0450396659725067	10
Reactome	REACTOME_FATTY_ACYL_COA_BIOSYNTHESIS	0.4285714285714285	0.8328955344514043	0.1017139022823109	0.3382201239197734	1.0089019006986002	35
Reactome	REACTOME_TIGHT_JUNCTION_INTERACTIONS	0.4285714285714285	0.8328955344514043	0.0774767547848577	-0.4001619163015461	-1.025290646752452	23
Reactome	REACTOME_REPRESSION_OF_WNT_TARGET_GENES	0.4300518134715025	0.8345920786862211	0.0793434960134972	-0.4509022011377164	-1.038579316619124	14
Reactome	REACTOME_NGF_STIMULATED_TRANSCRIPTION	0.4311224489795918	0.835489767133934	0.1013507437970988	0.3365608495899175	1.0039523281960216	35
Reactome	REACTOME_RUNX1_REGULATES_TRANSCRIPTION_OF_GENES_INVOLVED_IN_DIFFERENTIATION_OF_HSCS	0.4335260115606936	0.838952995916381	0.1088201267691612	0.2894573203369777	1.02051081766114	94
Reactome	REACTOME_VASOPRESSIN_REGULATES_RENAL_WATER_HOMEOSTASIS_VIA_AQUAPORINS	0.4347107438016528	0.838952995916381	0.0764767053228531	-0.3628221224624757	-1.011613260693351	34
Reactome	REACTOME_THE_CANONICAL_RETINOID_CYCLE_IN_RODS_TWILIGHT_VISION	0.4351535836177474	0.838952995916381	0.0780892306943344	-0.4296229107750268	-1.029510137827112	17
Reactome	REACTOME_AGGREPHAGY	0.4353518821603928	0.838952995916381	0.0758886900606117	-0.3617050594415978	-1.0243311662272314	37
Reactome	REACTOME_IL_6_TYPE_CYTOKINE_RECEPTOR_LIGAND_INTERACTIONS	0.4392361111111111	0.8440705128205128	0.0785029047348687	-0.4599493974010854	-1.0396735404907895	13
Reactome	REACTOME_LYSOSPHINGOLIPID_AND_LPA_RECEPTORS	0.4392361111111111	0.8440705128205128	0.0785029047348687	-0.472406959510227	-1.0417322723483369	11
Reactome	REACTOME_DEFECTS_IN_COBALAMIN_B12_METABOLISM	0.4404145077720207	0.8451529799982632	0.0780892306943344	-0.4469433452906397	-1.0294607410391508	14
Reactome	REACTOME_STAT3_NUCLEAR_EVENTS_DOWNSTREAM_OF_ALK_SIGNALING	0.4428904428904429	0.8487189240327315	0.0943563635421779	0.4732750427910197	1.0460765196695931	10
Reactome	REACTOME_ENOS_ACTIVATION	0.4461805555555556	0.8538329851439184	0.0776798560117236	-0.4559273582837732	-1.0305820889686954	13
Reactome	REACTOME_GBP_MEDIATED_HOST_DEFENSE	0.4479166666666667	0.8542104087558633	0.0774767547848577	-0.4687171940696815	-1.0335957543326055	11
Reactome	REACTOME_SCF_BETA_TRCP_MEDIATED_DEGRADATION_OF_EMI1	0.4489795918367347	0.8542104087558633	0.0988903007520636	0.3226135784492452	0.9958970300459492	42
Reactome	REACTOME_SENSORY_PROCESSING_OF_SOUND_BY_OUTER_HAIR_CELLS_OF_THE_COCHLEA	0.4496124031007752	0.8542104087558633	0.0995791200495904	0.3203421831568636	0.9994555508328816	44
Reactome	REACTOME_G_ALPHA_Z_SIGNALLING_EVENTS	0.4496644295302013	0.8542104087558633	0.0755015292281669	-0.3542094445432978	-1.0147758257047177	41
Reactome	REACTOME_REGULATION_OF_MITF_M_DEPENDENT_GENES_INVOLVED_IN_EXTRACELLULAR_MATRIX_FOCAL_ADHESION_AND_EPITHELIAL_TO_MESENCHYMAL_TRANSITION	0.4498834498834498	0.8542104087558633	0.0934449219410994	0.4658900305283336	1.029753478674425	10
Reactome	REACTOME_SIGNALING_BY_NOTCH3	0.4505672609400324	0.8542104087558633	0.0736212741014394	-0.3380591739359668	-1.0034279132302533	47
Reactome	REACTOME_ATTENUATION_PHASE	0.4512820512820513	0.8542104087558633	0.0988903007520636	0.3639511341012739	1.0064766023266158	26
Reactome	REACTOME_SCF_SKP2_MEDIATED_DEGRADATION_OF_P27_P21	0.4513513513513513	0.8542104087558633	0.1020801076627472	0.3184431977845212	1.001290223364654	49
Reactome	REACTOME_REGULATION_OF_GENE_EXPRESSION_IN_LATE_STAGE_BRANCHING_MORPHOGENESIS_PANCREATIC_BUD_PRECURSOR_CELLS	0.4539007092198581	0.8574796597633135	0.0937465422491718	0.4227122591094638	1.008444651716741	14
Reactome	REACTOME_DEPOLYMERIZATION_OF_THE_NUCLEAR_LAMINA	0.4543269230769231	0.8574796597633135	0.0946646223153342	0.4064818578455065	0.995146922925924	15
Reactome	REACTOME_PCP_CE_PATHWAY	0.4570552147239264	0.8582876228294521	0.070113215764256	-0.3087934466701724	-0.9922561991197572	76
Reactome	REACTOME_HSP90_CHAPERONE_CYCLE_FOR_STEROID_HORMONE_RECEPTORS_SHR_IN_THE_PRESENCE_OF_LIGAND	0.4572784810126582	0.8582876228294521	0.0716527366829456	-0.3283484606234585	-0.9906930251366016	51
Reactome	REACTOME_RHO_GTPASES_ACTIVATE_KTN1	0.4577464788732394	0.8582876228294521	0.0928481214159878	0.4489185611616764	1.0177270438111414	11
Reactome	REACTOME_SERINE_METABOLISM	0.4583333333333333	0.8582876228294521	0.0762797180809272	-0.4636773690722585	-1.02248214086627	11
Reactome	REACTOME_SENSORY_PROCESSING_OF_SOUND	0.4592391304347826	0.8582876228294521	0.1013507437970988	0.2974957974706824	0.9816143106986046	64
Reactome	REACTOME_SYNTHESIS_OF_IP3_AND_IP4_IN_THE_CYTOSOL	0.4595041322314049	0.8582876228294521	0.0736212741014394	-0.3851157779534028	-0.9999025187567184	24
Reactome	REACTOME_INFLUENZA_INFECTION	0.4596273291925465	0.8582876228294521	0.1096840619705492	0.2645157616650726	1.0009217544773872	155
Reactome	REACTOME_INTERLEUKIN_4_AND_INTERLEUKIN_13_SIGNALING	0.4597523219814241	0.8582876228294521	0.0702812841717392	-0.3057620187019454	-0.9934261138267052	83
Reactome	REACTOME_METABOLISM_OF_FOLATE_AND_PTERINES	0.4615384615384615	0.8604529798559649	0.0937465422491718	0.3992233275752481	1.0069771663315796	17
Reactome	REACTOME_ACYL_CHAIN_REMODELLING_OF_PI	0.4641638225255973	0.8641749216126974	0.0747385227439092	-0.4330674014332657	-1.013399567090406	15
Reactome	REACTOME_AUF1_HNRNP_D0_BINDS_AND_DESTABILIZES_MRNA	0.4668367346938775	0.866777542008373	0.0965629554309421	0.3187940713740252	0.9841063429622392	42
Reactome	REACTOME_EARLY_PHASE_OF_HIV_LIFE_CYCLE	0.4671361502347418	0.866777542008373	0.0916795246008379	0.4341517783528766	1.0149666429370163	13
Reactome	REACTOME_RAF_INDEPENDENT_MAPK1_3_ACTIVATION	0.4675	0.866777542008373	0.0952879846194843	0.3731762347459741	0.9849238624535854	22
Reactome	REACTOME_Z_DECAY_DEGRADATION_OF_MATERNAL_MRNAS_BY_ZYGOTICALLY_EXPRESSED_FACTORS	0.4680851063829787	0.866777542008373	0.0919686140000426	0.4352655635826103	1.0047960952454782	12
Reactome	REACTOME_GAMMA_CARBOXYLATION_HYPUSINYLATION_HYDROXYLATION_AND_ARYLSULFATASE_ACTIVATION	0.4726775956284153	0.8741036559804073	0.0999276973731092	0.3027232720397348	0.977071078776005	57
Reactome	REACTOME_WNT5A_DEPENDENT_INTERNALIZATION_OF_FZD4	0.4749568221070812	0.8760402684563757	0.0741758965588009	-0.4303310273607835	-0.9911969894772458	14
Reactome	REACTOME_COBALAMIN_CBL_VITAMIN_B12_TRANSPORT_AND_METABOLISM	0.475	0.8760402684563757	0.0723570851036907	-0.4072598728722654	-1.0103769427181837	19
Reactome	REACTOME_G_ALPHA_12_13_SIGNALLING_EVENTS	0.4758942457231726	0.8765129941335645	0.0687943095604774	-0.3076875513077411	-0.978343788510346	72
Reactome	REACTOME_METABOLISM_OF_CARBOHYDRATES_AND_CARBOHYDRATE_DERIVATIVES	0.4778393351800554	0.8789173313753629	0.0629394692018967	-0.2665694669086635	-0.9947991367781476	255
Reactome	REACTOME_METABOLISM_OF_POLYAMINES	0.480719794344473	0.8821879194630873	0.0952879846194843	0.3117460682274252	0.976524790155245	46
Reactome	REACTOME_NOTCH3_ACTIVATION_AND_TRANSMISSION_OF_SIGNAL_TO_THE_NUCLEUS	0.4812967581047381	0.8821879194630873	0.0934449219410994	0.3599518601600907	0.987088808637126	25
Reactome	REACTOME_AQUAPORIN_MEDIATED_TRANSPORT	0.4815436241610738	0.8821879194630873	0.0720033136619879	-0.3448151385796544	-0.9878620470405984	41
Reactome	REACTOME_NUCLEOTIDE_SALVAGE	0.4825870646766169	0.8829222727905082	0.0931454575337803	0.3779296845609062	0.971874208158157	20
Reactome	REACTOME_INTERLEUKIN_7_SIGNALING	0.4846153846153846	0.8847036098032114	0.0946646223153342	0.3557571723513705	0.983816882356236	26
Reactome	REACTOME_PROCESSING_AND_ACTIVATION_OF_SUMO	0.4848484848484848	0.8847036098032114	0.0891647117820678	0.4445324130296562	0.982546885971593	10
Reactome	REACTOME_ANTIMICROBIAL_PEPTIDES	0.4893964110929853	0.8918178631853605	0.0697792517076234	-0.3451039779532868	-0.9738557422095884	36
Reactome	REACTOME_THE_ROLE_OF_NEF_IN_HIV_1_REPLICATION_AND_DISEASE_PATHOGENESIS	0.4935064935064935	0.8977285829586071	0.069119845655101	-0.3640290676500995	-0.9720787056853384	27
Reactome	REACTOME_FORMATION_OF_THE_POLYBROMO_BAF_PBAF_COMPLEX	0.4939467312348668	0.8977285829586071	0.0902635484340068	0.3765069063285789	0.96032859556223	18
Reactome	REACTOME_RHOBTB2_GTPASE_CYCLE	0.495	0.898454425363276	0.0919686140000426	0.3639271853816129	0.9727611682724778	23
Reactome	REACTOME_CREB1_PHOSPHORYLATION_THROUGH_THE_ACTIVATION_OF_ADENYLATE_CYCLASE	0.4965034965034965	0.899994464638264	0.0878312634480123	0.4366803944324386	0.9651916241388132	10
Reactome	REACTOME_SIGNALING_BY_ERBB2_ECD_MUTANTS	0.4975961538461538	0.9007867132867132	0.089436683371862	0.3936805569685908	0.9780631098385324	16
Reactome	REACTOME_TRAF6_MEDIATED_IRF7_ACTIVATION	0.5	0.9039473684210526	0.0891647117820678	0.3960188727128215	0.9695314932125304	15
Reactome	REACTOME_SIGNALING_BY_TGFBR3	0.5016181229773463	0.9045800524934384	0.0681513438679483	-0.3387048630243991	-0.9685674026934148	38
Reactome	REACTOME_NFE2L2_REGULATING_ANTI_OXIDANT_DETOXIFICATION_ENZYMES	0.5016666666666667	0.9045800524934384	0.0696133438850964	-0.3974104334340592	-0.9859413251433976	19
Reactome	REACTOME_ARACHIDONATE_METABOLISM	0.5054054054054054	0.9090920060331824	0.0952879846194843	0.3050561399750899	0.9630558203310612	50
Reactome	REACTOME_INOSITOL_PHOSPHATE_METABOLISM	0.5057096247960848	0.9090920060331824	0.0681513438679483	-0.329597273300779	-0.9734248949026784	46
Reactome	REACTOME_MHC_CLASS_II_ANTIGEN_PRESENTATION	0.5061538461538462	0.9090920060331824	0.0652353056017702	-0.2879787009935335	-0.9755748290027536	115
Reactome	REACTOME_FORMATION_OF_THE_EMBRYONIC_STEM_CELL_BAF_ESBAF_COMPLEX	0.5074626865671642	0.910252912980788	0.0902635484340068	0.3746783385846016	0.954103010519532	19
Reactome	REACTOME_L1CAM_INTERACTIONS	0.5107033639143731	0.9148714759039748	0.0645031249656492	-0.2886445020942426	-0.9713179021458656	105
Reactome	REACTOME_HSF1_ACTIVATION	0.5126262626262627	0.9160423253879716	0.0905428948469473	0.335031523252325	0.951391336714725	29
Reactome	REACTOME_SLC_MEDIATED_TRANSPORT_OF_AMINO_ACIDS	0.5126903553299492	0.9160423253879716	0.0908241419007155	0.3386168085313612	0.963824360791442	30
Reactome	REACTOME_DEACTIVATION_OF_THE_BETA_CATENIN_TRANSACTIVATING_COMPLEX	0.5153061224489796	0.9187578770480324	0.0908241419007155	0.306576721846806	0.9463918048213558	42
Reactome	REACTOME_SIGNALING_BY_NODAL	0.5161290322580645	0.9187578770480324	0.069119845655101	-0.3999447207044687	-0.9802392035157372	18
Reactome	REACTOME_RETROGRADE_TRANSPORT_AT_THE_TRANS_GOLGI_NETWORK	0.5162162162162162	0.9187578770480324	0.0940503465727812	0.3010080737125393	0.9464684548424132	49
Reactome	REACTOME_TGFBR3_EXPRESSION	0.5173553719008265	0.9195941539349748	0.0676760401641788	-0.3867173558426067	-0.9663257132127284	21
Reactome	REACTOME_METABOLISM_OF_COFACTORS	0.5187032418952618	0.920040389009938	0.0891647117820678	0.3466455600700298	0.9505992072292472	25
Reactome	REACTOME_LATE_ENDOSOMAL_MICROAUTOPHAGY	0.5189456342668863	0.920040389009938	0.0673623868166278	-0.3514624660165585	-0.96826349243273	32
Reactome	REACTOME_DIGESTION	0.5204778156996587	0.9215676788290348	0.0689567351672811	-0.4049712875421596	-0.9624522731553932	16
Reactome	REACTOME_HYALURONAN_METABOLISM	0.5212224108658744	0.9216479311643768	0.0686325631836725	-0.3987796073147441	-0.9773835843213208	18
Reactome	REACTOME_SLC_MEDIATED_TRANSPORT_OF_NEUROTRANSMITTERS	0.5224586288416075	0.9216479311643768	0.0857844408075645	0.4031484879738272	0.961772287847506	14
Reactome	REACTOME_TRANSPORT_TO_THE_GOLGI_AND_SUBSEQUENT_MODIFICATION	0.5235378031383737	0.9216479311643768	0.0599892496490329	-0.2697558247504124	-0.9712146600787714	172
Reactome	REACTOME_UNBLOCKING_OF_NMDA_RECEPTORS_GLUTAMATE_BINDING_AND_ACTIVATION	0.5238907849829352	0.9216479311643768	0.0686325631836725	-0.4038924568995041	-0.9598883308801882	16
Reactome	REACTOME_GAB1_SIGNALOSOME	0.5240384615384616	0.9216479311643768	0.0865399737444124	0.3806486124257255	0.9601254100970772	17
Reactome	REACTOME_STABILIZATION_OF_P53	0.524547803617571	0.9216479311643768	0.0905428948469473	0.3033244497240288	0.9463608632259348	44
Reactome	REACTOME_REGULATION_OF_MITF_M_DEPENDENT_GENES_INVOLVED_IN_PIGMENTATION	0.5260416666666666	0.9230922733077904	0.0908241419007155	0.3149987810340156	0.9456581235640176	38
Reactome	REACTOME_SARS_COV_2_HOST_INTERACTIONS	0.5271565495207667	0.9238687487774664	0.1028218428408151	0.2557829167322019	0.988360798245906	178
Reactome	REACTOME_CONSTITUTIVE_SIGNALING_BY_LIGAND_RESPONSIVE_EGFR_CANCER_VARIANTS	0.5298507462686567	0.927407548246031	0.0878312634480123	0.3688397887324385	0.9392353829644916	19
Reactome	REACTOME_THROMBIN_SIGNALLING_THROUGH_PROTEINASE_ACTIVATED_RECEPTORS_PARS	0.5331125827814569	0.931929629442394	0.0662842187012671	-0.3549043429287379	-0.9526402243967284	28
Reactome	REACTOME_GPVI_MEDIATED_ACTIVATION_CASCADE	0.5373376623376623	0.9362888817627928	0.0649407684612898	-0.3541971607301545	-0.9458242436039058	27
Reactome	REACTOME_SYNTHESIS_SECRETION_AND_INACTIVATION_OF_GLUCAGON_LIKE_PEPTIDE_1_GLP_1	0.537542662116041	0.9362888817627928	0.0673623868166278	-0.4080134854054719	-0.9547721396450316	15
Reactome	REACTOME_OPIOID_SIGNALLING	0.5376506024096386	0.9362888817627928	0.0613026075396207	-0.2927119810848465	-0.9482972555500364	79
Reactome	REACTOME_PLASMA_LIPOPROTEIN_REMODELING	0.5441176470588235	0.94378260029622	0.0646484568421927	-0.352200971128794	-0.9289551980506972	26
Reactome	REACTOME_ENDOSOMAL_VACUOLAR_PATHWAY	0.5445026178010471	0.94378260029622	0.0678338263479455	-0.4355577077213495	-0.9466791620853108	10
Reactome	REACTOME_TP53_REGULATES_TRANSCRIPTION_OF_GENES_INVOLVED_IN_CYTOCHROME_C_RELEASE	0.5447761194029851	0.94378260029622	0.0862865626267244	0.3595477791426843	0.92460377531685	20
Reactome	REACTOME_SEMA3A_PLEXIN_REPULSION_SIGNALING_BY_INHIBITING_INTEGRIN_ADHESION	0.5451388888888888	0.94378260029622	0.0675188953767744	-0.4167683235953059	-0.9420666729972768	13
Reactome	REACTOME_INTRAFLAGELLAR_TRANSPORT	0.5459016393442623	0.94378260029622	0.0646484568421927	-0.3221648761911955	-0.9490485981760624	45
Reactome	REACTOME_DISEASES_OF_HEMOSTASIS	0.5460750853242321	0.94378260029622	0.0665892104103932	-0.4029096782483906	-0.942828973416446	15
Reactome	REACTOME_PRESYNAPTIC_DEPOLARIZATION_AND_CALCIUM_CHANNEL_OPENING	0.5477855477855478	0.945549425448923	0.0824344091527096	0.4232214980640609	0.9354435195512592	10
Reactome	REACTOME_THE_ROLE_OF_GTSE1_IN_G2_M_PROGRESSION_AFTER_G2_CHECKPOINT	0.5513513513513514	0.9499611096707286	0.0902635484340068	0.2884724562825559	0.9435341850530754	61
Reactome	REACTOME_RIBOSOME_QUALITY_CONTROL_RQC_COMPLEX_EXTRACTS_AND_DEGRADES_NASCENT_PEPTIDE	0.5517241379310345	0.9499611096707286	0.0937465422491718	0.2701751177358146	0.9593942708115972	101
Reactome	REACTOME_CASPASE_MEDIATED_CLEAVAGE_OF_CYTOSKELETAL_PROTEINS	0.5539906103286385	0.9525383959044368	0.0822054920415869	0.4120060567440848	0.9340440392515424	11
Reactome	REACTOME_XENOBIOTICS	0.5546075085324232	0.9525383959044368	0.0658311958368865	-0.3984592482398572	-0.954832308253492	17
Reactome	REACTOME_TRANSLATION	0.5564853556485355	0.9545703853446788	0.1167392047912217	0.2324927103246863	0.9706751336918776	349
Reactome	REACTOME_BLOOD_GROUP_SYSTEMS_BIOSYNTHESIS	0.5580204778156996	0.955766469965135	0.0655321029282414	-0.3974480014431408	-0.9524090463581086	17
Reactome	REACTOME_GLYCOSPHINGOLIPID_BIOSYNTHESIS	0.5585738539898133	0.955766469965135	0.0652353056017702	-0.3856983975368391	-0.9453223668832466	18
Reactome	REACTOME_DEFECTS_OF_CONTACT_ACTIVATION_SYSTEM_CAS_AND_KALLIKREIN_KININ_SYSTEM_KKS	0.5595854922279793	0.9563065501508003	0.065981614400873	-0.4069590948629674	-0.9373635736713282	14
Reactome	REACTOME_SIGNALING_BY_NTRKS	0.5609756097560976	0.9564009366371928	0.0598603117764472	-0.2771613607464924	-0.9523809296475202	126
Reactome	REACTOME_RRNA_MODIFICATION_IN_THE_MITOCHONDRION	0.5610328638497653	0.9564009366371928	0.0815265143256594	0.4003877321396554	0.9360325412110772	13
Reactome	REACTOME_PLATELET_CALCIUM_HOMEOSTASIS	0.5631229235880398	0.9585133386004134	0.0637845390312974	-0.367570837575637	-0.9279920302837033	22
Reactome	REACTOME_MODULATION_OF_HOST_RESPONSES_BY_IFN_STIMULATED_GENES	0.5636672325976231	0.9585133386004134	0.0647943366000726	-0.3829296360662494	-0.938536307715181	18
Reactome	REACTOME_ER_TO_GOLGI_ANTEROGRADE_TRANSPORT	0.5648286140089419	0.9593010082179064	0.058469321038638	-0.2721348496859603	-0.9531293491676496	146
Reactome	REACTOME_SULFUR_AMINO_ACID_METABOLISM	0.5657237936772047	0.9594972067039106	0.0636424081651018	-0.356450078734878	-0.9282742261858372	25
Reactome	REACTOME_RHO_GTPASES_ACTIVATE_NADPH_OXIDASES	0.568760611205433	0.9594972067039106	0.064358336791736	-0.3782855071166778	-0.9271538415220186	18
Reactome	REACTOME_ATF6_ATF6_ALPHA_ACTIVATES_CHAPERONE_GENES	0.5687645687645687	0.9594972067039106	0.0804199968761539	0.4157410964182462	0.918909640069176	10
Reactome	REACTOME_REGULATION_OF_CDH1_MRNA_TRANSLATION_BY_MICRORNAS	0.5694444444444444	0.9594972067039106	0.0653834195468773	-0.4179703125064924	-0.921690831720498	11
Reactome	REACTOME_SPECIFICATION_OF_THE_NEURAL_PLATE_BORDER	0.5694444444444444	0.9594972067039106	0.0653834195468773	-0.4178058879801029	-0.9213282495610752	11
Reactome	REACTOME_KSRP_KHSRP_BINDS_AND_DESTABILIZES_MRNA	0.5697115384615384	0.9594972067039106	0.0819778796501272	0.3693531905636562	0.9316345101081668	17
Reactome	REACTOME_RHO_GTPASES_ACTIVATE_PKNS	0.5698324022346368	0.9594972067039106	0.0902635484340068	0.2779703140984183	0.9340681850880314	71
Reactome	REACTOME_PLASMA_LIPOPROTEIN_ASSEMBLY	0.5716723549488054	0.9614171550791416	0.064358336791736	-0.3938189160327968	-0.9215561312137888	15
Reactome	REACTOME_TRANSPORT_OF_NUCLEOSIDES_AND_FREE_PURINE_AND_PYRIMIDINE_BASES_ACROSS_THE_PLASMA_MEMBRANE	0.5734024179620034	0.9631478267479128	0.0647943366000726	-0.4156027913593981	-0.9323093237030092	12
Reactome	REACTOME_DEVELOPMENTAL_LINEAGE_OF_MAMMARY_GLAND_ALVEOLAR_CELLS	0.5751295336787565	0.9648693275636282	0.0646484568421927	-0.4033738927727508	-0.929105648277743	14
Reactome	REACTOME_ACTIVATED_NTRK2_SIGNALS_THROUGH_FRS2_AND_FRS3	0.578088578088578	0.9675319732034106	0.0795564677235956	0.4096437446149017	0.9054327059886688	10
Reactome	REACTOME_ETHANOL_OXIDATION	0.578125	0.9675319732034106	0.0646484568421927	-0.413319259266863	-0.9114345216416722	11
Reactome	REACTOME_METABOLISM_OF_AMINE_DERIVED_HORMONES	0.5793269230769231	0.9683639809096016	0.0810802057550866	0.3746790968886898	0.9172875570135748	15
Reactome	REACTOME_ABC_TRANSPORTERS_IN_LIPID_HOMEOSTASIS	0.5811138014527845	0.9701705506635794	0.0813027345384498	0.354552398626525	0.9043308404257704	18
Reactome	REACTOME_REGULATION_OF_INSULIN_SECRETION	0.5825545171339563	0.9713955176481264	0.0590954798717342	-0.295569538850136	-0.9361643831491738	69
Reactome	REACTOME_ACYL_CHAIN_REMODELLING_OF_PG	0.5836177474402731	0.9715157220552748	0.0633597010643758	-0.3868520221598963	-0.919390138402816	16
Reactome	REACTOME_ACTIVATION_OF_IRF3_IRF7_MEDIATED_BY_TBK1_IKK_IKBKE	0.5840407470288624	0.9715157220552748	0.0630790410571939	-0.3744581691904812	-0.9177732784438206	18
Reactome	REACTOME_SPHINGOLIPID_DE_NOVO_BIOSYNTHESIS	0.5889070146818923	0.9759827517047732	0.0607719451853532	-0.3256895088472709	-0.9190696677836266	36
Reactome	REACTOME_MAPK1_MAPK3_SIGNALING	0.5895316804407713	0.9759827517047732	0.0528050045671289	-0.2554632915841766	-0.9526272363483328	241
Reactome	REACTOME_REGULATION_OF_FOXO_TRANSCRIPTIONAL_ACTIVITY_BY_ACETYLATION	0.5898778359511344	0.9759827517047732	0.0639271933359995	-0.4139521183781285	-0.8997196872483163	10
Reactome	REACTOME_VEGFR2_MEDIATED_CELL_PROLIFERATION	0.59	0.9759827517047732	0.0617054053637522	-0.3686162243444496	-0.9145053529648356	19
Reactome	REACTOME_YAP1_AND_WWTR1_TAZ_STIMULATED_GENE_EXPRESSION	0.5902777777777778	0.9759827517047732	0.0636424081651018	-0.400777418771603	-0.9059206953578868	13
Reactome	REACTOME_SIGNALING_BY_FGFR2_IIIA_TM	0.5916666666666667	0.9771033653846154	0.0615706755421678	-0.3680881660335027	-0.913195285419932	19
Reactome	REACTOME_PHOSPHORYLATION_AND_NUCLEAR_TRANSLOCATION_OF_THE_CRY_PER_KINASE_COMPLEX	0.5933806146572104	0.9787574604309808	0.0789209638180034	0.3864510601864367	0.9219380237902152	14
Reactome	REACTOME_MITF_M_DEPENDENT_GENE_EXPRESSION	0.5942028985507246	0.9789385882598268	0.0899860794997137	0.2643794823370332	0.9336683496791278	99
Reactome	REACTOME_N_GLYCAN_ANTENNAE_ELONGATION	0.5954861111111112	0.97918737960604	0.0632191170859457	-0.3986282372050576	-0.901062667015914	13
Reactome	REACTOME_GAP_JUNCTION_ASSEMBLY	0.5957792207792207	0.97918737960604	0.0599892496490329	-0.3393259644340611	-0.9061132025576067	27
Reactome	REACTOME_UREA_CYCLE	0.5968586387434555	0.979789449980296	0.0633597010643758	-0.4098966718113478	-0.8909052254912123	10
Reactome	REACTOME_CILIUM_ASSEMBLY	0.5980707395498392	0.9805940233236152	0.0956031492204301	0.2454392519871461	0.9590403094788398	186
Reactome	REACTOME_GLYCEROPHOSPHOLIPID_BIOSYNTHESIS	0.5990712074303406	0.9805940233236152	0.0574877409561325	-0.2740132069502264	-0.9288596712351964	119
Reactome	REACTOME_SPOP_MEDIATED_PROTEASOMAL_DEGRADATION_OF_PD_L1_CD274	0.5994897959183674	0.9805940233236152	0.0824344091527096	0.2880762337159199	0.9025965465948768	45
Reactome	REACTOME_TNFR2_NON_CANONICAL_NF_KB_PATHWAY	0.6006191950464397	0.9812732152126136	0.0573667426768555	-0.2849338712336641	-0.9257551006463732	83
Reactome	REACTOME_MATRIGLYCAN_BIOSYNTHESIS_ON_DAG1	0.6027633851468048	0.9836067591350474	0.0623861492893625	-0.4005476755654416	-0.8985366322871898	12
Reactome	REACTOME_ASSEMBLY_AND_CELL_SURFACE_PRESENTATION_OF_NMDA_RECEPTORS	0.6052202283849919	0.9851855851963854	0.059476028695732	-0.3235599689081319	-0.9130602769029572	36
Reactome	REACTOME_METALLOPROTEASE_DUBS	0.6055979643765903	0.9851855851963854	0.0817515582532144	0.3169373040461889	0.910890675577933	31
Reactome	REACTOME_NOTCH1_INTRACELLULAR_DOMAIN_REGULATES_TRANSCRIPTION	0.6061588330632091	0.9851855851963854	0.0590954798717342	-0.3066917498318008	-0.9103230625445168	47
Reactome	REACTOME_SYNTHESIS_OF_ACTIVE_UBIQUITIN_ROLES_OF_E1_AND_E2_ENZYMES	0.6065989847715736	0.9851855851963854	0.0815265143256594	0.3177070747325425	0.9043077913087456	30
Reactome	REACTOME_SYNTHESIS_OF_PA	0.6084828711256117	0.98707847098771	0.0592219193803819	-0.3222058021580839	-0.9092389269629632	36
Reactome	REACTOME_SYNTHESIS_OF_LEUKOTRIENES_LT_AND_EOXINS_EX	0.6109215017064846	0.989818641992555	0.0611692626746688	-0.3781401038920921	-0.8986854469880715	16
Reactome	REACTOME_REGULATION_OF_MITF_M_DEPENDENT_GENES_INVOLVED_IN_APOPTOSIS	0.6126279863481229	0.989818641992555	0.0610363728309177	-0.3820311558389302	-0.8939721776816256	15
Reactome	REACTOME_TRAFFICKING_OF_AMPA_RECEPTORS	0.6128205128205129	0.989818641992555	0.0815265143256594	0.3242774950499743	0.8967624520111138	26
Reactome	REACTOME_ACETYLCHOLINE_REGULATES_INSULIN_SECRETION	0.6130536130536131	0.989818641992555	0.0764767053228531	0.3982938282503268	0.880346065165231	10
Reactome	REACTOME_SIGNALING_BY_TGFB_FAMILY_MEMBERS	0.6181818181818182	0.9962020288141996	0.0550211117163116	-0.2668221042791643	-0.925345900531997	137
Reactome	REACTOME_MAPK_FAMILY_SIGNALING_CASCADES	0.6184573002754821	0.9962020288141996	0.0506004243853618	-0.2509233108991441	-0.9422316383132268	279
Reactome	REACTOME_STAT5_ACTIVATION_DOWNSTREAM_OF_FLT3_ITD_MUTANTS	0.6212914485165794	0.9982215092760496	0.061436410720127	-0.4006125435944481	-0.8707262903805285	10
Reactome	REACTOME_NUCLEAR_RECEPTOR_TRANSCRIPTION_PATHWAY	0.6218354430379747	0.9982215092760496	0.0567672387487446	-0.3003013824073486	-0.8997289953034807	48
Reactome	REACTOME_TP53_REGULATES_TRANSCRIPTION_OF_ADDITIONAL_CELL_CYCLE_GENES_WHOSE_EXACT_ROLE_IN_THE_P53_PATHWAY_REMAIN_UNCERTAIN	0.6218905472636815	0.9982215092760496	0.0791316651768348	0.3471740162278955	0.8840643825541005	19
Reactome	REACTOME_SIGNALING_BY_FLT3_FUSION_PROTEINS	0.6233333333333333	0.999369894982497	0.0590954798717342	-0.3593528699067962	-0.8915237621932678	19
Reactome	REACTOME_TNFR1_INDUCED_PROAPOPTOTIC_SIGNALING	0.6246851385390428	0.9993784816094056	0.0795564677235956	0.3272343823586708	0.8880019112595248	24
Reactome	REACTOME_ER_QUALITY_CONTROL_COMPARTMENT_ERQC	0.6247933884297521	0.9993784816094056	0.0585937568945671	-0.3571122320099745	-0.8923487065692433	21
Reactome	REACTOME_COPII_MEDIATED_VESICLE_TRANSPORT	0.6261682242990654	0.999744647902406	0.055710422676667	-0.2904994280968769	-0.9165025027197956	67
Reactome	REACTOME_REGULATION_OF_TP53_ACTIVITY_THROUGH_ASSOCIATION_WITH_CO_FACTORS	0.6264775413711584	0.999744647902406	0.0760837160951724	0.3819419691217754	0.881700348690901	12
Reactome	REACTOME_TRANSCRIPTIONAL_REGULATION_BY_THE_AP_2_TFAP2_FAMILY_OF_TRANSCRIPTION_FACTORS	0.6303797468354431	1.0	0.0793434960134972	0.3088842991214848	0.8992836691216852	32
Reactome	REACTOME_METABOLISM_OF_PORPHYRINS	0.630718954248366	1.0	0.057609110864425	-0.3315263093721982	-0.874424302110304	26
Reactome	REACTOME_ONCOGENIC_MAPK_SIGNALING	0.6314285714285715	1.0	0.0857844408075645	0.264104978045391	0.8993905764484466	76
Reactome	REACTOME_HEDGEHOG_LIGAND_BIOGENESIS	0.6329113924050633	1.0	0.0559428593065705	-0.2972352540289052	-0.8968182534859868	51
Reactome	REACTOME_SIGNALING_BY_EGFR_IN_CANCER	0.6384039900249376	1.0	0.0778840111977067	0.3176549277881524	0.8710987743990678	25
Reactome	REACTOME_GAP_JUNCTION_TRAFFICKING_AND_REGULATION	0.6384364820846905	1.0	0.05688641604757	-0.3108170638074988	-0.8954053325788219	40
Reactome	REACTOME_EICOSANOID_LIGAND_BINDING_RECEPTORS	0.6390328151986183	1.0	0.0596037042575972	-0.3792295596531462	-0.8734931342374209	14
Reactome	REACTOME_METABOLISM_OF_VITAMINS_AND_COFACTORS	0.6401734104046243	1.0	0.051218434854034	-0.2571251453655196	-0.9282340935329838	184
Reactome	REACTOME_MET_ACTIVATES_RAS_SIGNALING	0.6404886561954625	1.0	0.0599892496490329	-0.3932701939714051	-0.8547677864540488	10
Reactome	REACTOME_TRANSCRIPTIONAL_ACTIVATION_OF_MITOCHONDRIAL_BIOGENESIS	0.6417112299465241	1.0	0.0813027345384498	0.2765990592269267	0.8826881062521511	52
Reactome	REACTOME_MITOCHONDRIAL_UNFOLDED_PROTEIN_RESPONSE_UPRMT	0.6442307692307693	1.0	0.0755015292281669	0.3496956412605634	0.8820514774370095	17
Reactome	REACTOME_ENTEROBACTERIAL_FACTORS_ANTAGONIZE_HOST_DEFENSE	0.6459412780656304	1.0	0.0590954798717342	-0.3850167692199354	-0.8636966141436347	12
Reactome	REACTOME_ZINC_TRANSPORTERS	0.6475694444444444	1.0	0.0592219193803819	-0.3791950772400194	-0.8571357864983239	13
Reactome	REACTOME_METABOLISM_OF_STEROIDS	0.6490963855421686	1.0	0.0524827622635458	-0.2630446975089453	-0.9102588059412852	134
Reactome	REACTOME_NEF_MEDIATES_DOWN_MODULATION_OF_CELL_SURFACE_RECEPTORS_BY_RECRUITING_THEM_TO_CLATHRIN_ADAPTERS	0.6512396694214876	1.0	0.0566484183613995	-0.3486398081942147	-0.8711778931503165	21
Reactome	REACTOME_DNA_DAMAGE_RECOGNITION_IN_GG_NER	0.6536458333333334	1.0	0.0789209638180034	0.2924085966654943	0.8778401107743296	38
Reactome	REACTOME_REGULATION_OF_ORNITHINE_DECARBOXYLASE_ODC	0.6536458333333334	1.0	0.0789209638180034	0.2924683140330081	0.8780193883369978	38
Reactome	REACTOME_SIGNALING_BY_WNT	0.6541666666666667	1.0	0.0484087618816951	-0.2488894895538576	-0.9335472489718776	281
Reactome	REACTOME_MAPK_TARGETS_NUCLEAR_EVENTS_MEDIATED_BY_MAP_KINASES	0.6568144499178982	1.0	0.0559428593065705	-0.3186592535102394	-0.873642040396552	31
Reactome	REACTOME_ABERRANT_REGULATION_OF_MITOTIC_G1_S_TRANSITION_IN_CANCER_DUE_TO_RB1_DEFECTS	0.6586538461538461	1.0	0.0743625384422525	0.3452293721023727	0.8707860258705767	17
Reactome	REACTOME_TELOMERE_C_STRAND_SYNTHESIS_INITIATION	0.6619718309859155	1.0	0.0728938564822936	0.3694027538747249	0.863595386881442	13
Reactome	REACTOME_SYNTHESIS_OF_VERY_LONG_CHAIN_FATTY_ACYL_COAS	0.6644518272425249	1.0	0.0559428593065705	-0.3407652584256394	-0.8603170101912346	22
Reactome	REACTOME_CYCLIN_D_ASSOCIATED_EVENTS_IN_G1	0.6649350649350649	1.0	0.0778840111977067	0.2764945475045528	0.8677025049935528	47
Reactome	REACTOME_SIGNALING_BY_PDGFRA_TRANSMEMBRANE_JUXTAMEMBRANE_AND_KINASE_DOMAIN_MUTANTS	0.6649395509499136	1.0	0.0577308549299812	-0.3783242258652095	-0.8486834316082413	12
Reactome	REACTOME_NICOTINATE_METABOLISM	0.6655844155844156	1.0	0.0547939500773362	-0.323922819669833	-0.8649816821475752	27
Reactome	REACTOME_RHO_GTPASES_ACTIVATE_CIT	0.6682808716707022	1.0	0.0739901439101341	0.3345807274710542	0.853390561271831	18
Reactome	REACTOME_SIGNAL_REGULATORY_PROTEIN_FAMILY_INTERACTIONS	0.6701208981001727	1.0	0.0573667426768555	-0.3748434313809566	-0.8408750693473714	12
Reactome	REACTOME_ERYTHROPOIETIN_ACTIVATES_RAS	0.6701388888888888	1.0	0.057609110864425	-0.3706452935015255	-0.8378097824203597	13
Reactome	REACTOME_SLC_MEDIATED_TRANSPORT_OF_ORGANIC_CATIONS	0.6713615023474179	1.0	0.0721797965581253	0.3693836530102408	0.8374163283368502	11
Reactome	REACTOME_DOWNREGULATION_OF_TGF_BETA_RECEPTOR_SIGNALING	0.6722129783693843	1.0	0.0554793308704232	-0.3297020116486436	-0.8586163897657507	25
Reactome	REACTOME_MICRORNA_MIRNA_BIOGENESIS	0.672544080604534	1.0	0.0756946307932748	0.3128319859445481	0.8489187457001052	24
Reactome	REACTOME_METABOLISM_OF_NITRIC_OXIDE_NOS3_ACTIVATION_AND_REGULATION	0.674061433447099	1.0	0.0565299525056311	-0.3586059390398438	-0.8593313821661086	17
Reactome	REACTOME_IKK_COMPLEX_RECRUITMENT_MEDIATED_BY_RIP1	0.6760797342192691	1.0	0.0551351763385256	-0.3353818260472153	-0.8593117818784274	23
Reactome	REACTOME_NOD1_2_SIGNALING_PATHWAY	0.6769983686786297	1.0	0.054231593549584	-0.306851188504487	-0.8659094389499646	36
Reactome	REACTOME_PROLACTIN_RECEPTOR_SIGNALING	0.6770833333333334	1.0	0.0571258510018113	-0.3732533845136591	-0.8230829131184803	11
Reactome	REACTOME_SIGNALING_BY_PDGFR_IN_DISEASE	0.6783333333333333	1.0	0.0551351763385256	-0.3417723878341819	-0.8498406646094572	20
Reactome	REACTOME_GLUCURONIDATION	0.6791044776119403	1.0	0.0745500777420554	0.3278001699147727	0.8429624440328591	20
Reactome	REACTOME_INTERLEUKIN_15_SIGNALING	0.6804835924006909	1.0	0.0566484183613995	-0.3627631509396959	-0.8355654606407175	14
Reactome	REACTOME_HEDGEHOG_ON_STATE	0.6806853582554517	1.0	0.0518457624865065	-0.2786768963288177	-0.8792033588801833	67
Reactome	REACTOME_SARS_COV_1_ACTIVATES_MODULATES_INNATE_IMMUNE_RESPONSES	0.6812339331619537	1.0	0.0760837160951724	0.2904059674461776	0.8682840248611362	36
Reactome	REACTOME_CALNEXIN_CALRETICULIN_CYCLE	0.6813725490196079	1.0	0.0540088272801684	-0.3222814864516574	-0.8500404218513421	26
Reactome	REACTOME_SIGNALING_BY_NOTCH1_PEST_DOMAIN_MUTANTS_IN_CANCER	0.6839622641509434	1.0	0.0520570030732098	-0.2865592283142371	-0.8785364636670556	57
Reactome	REACTOME_EPHRIN_SIGNALING	0.685	1.0	0.0546808488785441	-0.3435901041890631	-0.8524176874348016	19
Reactome	REACTOME_REGULATION_OF_RUNX2_EXPRESSION_AND_ACTIVITY	0.6870109546165885	1.0	0.05163559644842	-0.2828535434013065	-0.8722910035951986	58
Reactome	REACTOME_BASIGIN_INTERACTIONS	0.690176322418136	1.0	0.0743625384422525	0.3240248471707675	0.8400554382665627	21
Reactome	REACTOME_INTRINSIC_PATHWAY_OF_FIBRIN_CLOT_FORMATION	0.6909090909090909	1.0	0.0538979025357318	-0.3367720096091835	-0.8415227490025766	21
Reactome	REACTOME_BBSOME_MEDIATED_CARGO_TARGETING_TO_CILIUM	0.6926910299003323	1.0	0.0540088272801684	-0.3297910792614015	-0.8449872293552015	23
Reactome	REACTOME_DEVELOPMENTAL_LINEAGE_OF_MAMMARY_GLAND_MYOEPITHELIAL_CELLS	0.6928327645051194	1.0	0.0552495663125249	-0.3539587397128266	-0.8412161654901589	16
Reactome	REACTOME_ALK_MUTANTS_BIND_TKIS	0.6944444444444444	1.0	0.0559428593065705	-0.3692884421287766	-0.8143395862957422	11
Reactome	REACTOME_FORMATION_OF_TC_NER_PRE_INCISION_COMPLEX	0.6945945945945946	1.0	0.0776798560117236	0.2698993494723906	0.8549189513513971	51
Reactome	REACTOME_PYRIMIDINE_SALVAGE	0.696969696969697	1.0	0.0699458736501658	0.3713964721940528	0.8208950270421729	10
Reactome	REACTOME_TRAF3_DEPENDENT_IRF_ACTIVATION_PATHWAY	0.6971830985915493	1.0	0.0702812841717392	0.3583536065860653	0.8377645219856811	13
Reactome	REACTOME_SLC_MEDIATED_TRANSPORT_OF_INORGANIC_ANIONS	0.6984924623115578	1.0	0.0736212741014394	0.3013404050122941	0.8495716037832652	28
Reactome	REACTOME_PENTOSE_PHOSPHATE_PATHWAY	0.6995305164319249	1.0	0.070113215764256	0.3577355659819466	0.8363196572438137	13
Reactome	REACTOME_ACTIVATION_OF_AMPK_DOWNSTREAM_OF_NMDARS	0.7	1.0	0.0732558655828454	0.3109149782331497	0.831061898116643	23
Reactome	REACTOME_DCC_MEDIATED_ATTRACTIVE_SIGNALING	0.7012089810017271	1.0	0.0552495663125249	-0.354408695829961	-0.8163223426060296	14
Reactome	REACTOME_REGULATION_OF_IFNA_IFNB_SIGNALING	0.7016317016317016	1.0	0.0696133438850964	0.3699787153278658	0.8177613689486202	10
Reactome	REACTOME_PHASE_2_PLATEAU_PHASE	0.7065727699530516	1.0	0.0696133438850964	0.356882542820857	0.8090755132801593	11
Reactome	REACTOME_ATF6_ATF6_ALPHA_ACTIVATES_CHAPERONES	0.7092198581560284	1.0	0.0697792517076234	0.3521002862106752	0.812811814946521	12
Reactome	REACTOME_WNT5A_DEPENDENT_INTERNALIZATION_OF_FZD2_FZD5_AND_ROR2	0.7100694444444444	1.0	0.0549073703290958	-0.3515345194178246	-0.794611625698361	13
Reactome	REACTOME_ERBB2_ACTIVATES_PTK6_SIGNALING	0.7112676056338029	1.0	0.0692836467392548	0.3546310066533303	0.8039711370167203	11
Reactome	REACTOME_SCAVENGING_BY_CLASS_A_RECEPTORS	0.7115716753022453	1.0	0.054568064667094	-0.350218317395514	-0.8066704926930277	14
Reactome	REACTOME_VIF_MEDIATED_DEGRADATION_OF_APOBEC3G	0.7118226600985221	1.0	0.0716527366829456	0.2723086042588117	0.8370864457400425	41
Reactome	REACTOME_SYNTHESIS_OF_PIPS_AT_THE_GOLGI_MEMBRANE	0.7139423076923077	1.0	0.0702812841717392	0.3314632378824024	0.8360631480458759	17
Reactome	REACTOME_GLUCONEOGENESIS	0.715	1.0	0.0526973085708419	-0.3322088735298782	-0.8260603252910136	20
Reactome	REACTOME_CARGO_RECOGNITION_FOR_CLATHRIN_MEDIATED_ENDOCYTOSIS	0.7166921898928025	1.0	0.048701086452153	-0.2608742297129496	-0.869422221548312	95
Reactome	REACTOME_FERTILIZATION	0.7167235494880546	1.0	0.0536769600638126	-0.3458418248106817	-0.8092873173667127	15
Reactome	REACTOME_ROS_AND_RNS_PRODUCTION_IN_PHAGOCYTES	0.7175697865353038	1.0	0.0518457624865065	-0.3044412753618444	-0.8346617713378403	31
Reactome	REACTOME_PLATELET_SENSITIZATION_BY_LDL	0.7201365187713311	1.0	0.053457214108991	-0.3452456818645146	-0.8078923127979774	15
Reactome	REACTOME_RHOB_GTPASE_CYCLE	0.721763085399449	1.0	0.0766746872490091	0.2574776039622978	0.8522415603588629	66
Reactome	REACTOME_INSULIN_PROCESSING	0.7242524916943521	1.0	0.0519512476197082	-0.3238001377771797	-0.8296373021912553	23
Reactome	REACTOME_ANTIGEN_PROCESSING_UB_ATP_INDEPENDENT_PROTEASOMAL_DEGRADATION	0.725	1.0	0.0520570030732098	-0.3304331981961463	-0.8197765279731543	19
Reactome	REACTOME_VOLTAGE_GATED_POTASSIUM_CHANNELS	0.7258883248730964	1.0	0.0721797965581253	0.2927636847034014	0.8333099957324461	30
Reactome	REACTOME_PROTEIN_UBIQUITINATION	0.7270194986072424	1.0	0.0768736734126541	0.2528418484620205	0.8542510859742262	72
Reactome	REACTOME_THYROXINE_BIOSYNTHESIS	0.7272727272727273	1.0	0.0678338263479455	0.3556637996709974	0.7861212109098773	10
Reactome	REACTOME_UPTAKE_AND_FUNCTION_OF_ANTHRAX_TOXINS	0.7277486910994765	1.0	0.0540088272801684	-0.363290076973957	-0.7896063818106919	10
Reactome	REACTOME_SIGNALING_BY_HEDGEHOG	0.7321156773211568	1.0	0.0474483193656297	-0.2506339822213699	-0.8610304233940929	125
Reactome	REACTOME_RHO_GTPASES_ACTIVATE_ROCKS	0.733446519524618	1.0	0.0523759084097996	-0.3301778519515884	-0.809245022775833	18
Reactome	REACTOME_COPI_INDEPENDENT_GOLGI_TO_ER_RETROGRADE_TRAFFIC	0.7358184764991896	1.0	0.0500922874402106	-0.2844395596821422	-0.8442740674330746	47
Reactome	REACTOME_GROWTH_HORMONE_RECEPTOR_SIGNALING	0.7402376910016978	1.0	0.0519512476197082	-0.3274573148334866	-0.8025771584442679	18
Reactome	REACTOME_ORGANELLE_BIOGENESIS_AND_MAINTENANCE	0.7419354838709677	1.0	0.089436683371862	0.2251796820864519	0.9235755936594146	274
Reactome	REACTOME_SOMITOGENESIS	0.7421875	1.0	0.0723570851036907	0.2678460690913291	0.8277842299950998	43
Reactome	REACTOME_RHOV_GTPASE_CYCLE	0.7442455242966752	1.0	0.0713052987340037	0.276067421428758	0.8294581432111906	37
Reactome	REACTOME_REDUCTION_OF_CYTOSOLIC_CA_LEVELS	0.7482517482517482	1.0	0.066436413766281	0.3479635251236713	0.7691013478901318	10
Reactome	REACTOME_CELL_EXTRACELLULAR_MATRIX_INTERACTIONS	0.7491467576791809	1.0	0.05163559644842	-0.3287957055039153	-0.7878967894883847	17
Reactome	REACTOME_TRIGLYCERIDE_BIOSYNTHESIS	0.7494089834515366	1.0	0.0670512579829466	0.3368489220846615	0.7776045474685894	12
Reactome	REACTOME_UBIQUITIN_DEPENDENT_DEGRADATION_OF_CYCLIN_D	0.7526041666666666	1.0	0.0716527366829456	0.2791683764190945	0.836039305258532	39
Reactome	REACTOME_EPH_EPHRIN_MEDIATED_REPULSION_OF_CELLS	0.754746835443038	1.0	0.0478299633114229	-0.2755935183889872	-0.8257020910943601	48
Reactome	REACTOME_TCF_DEPENDENT_SIGNALING_IN_RESPONSE_TO_WNT	0.7567567567567568	1.0	0.0850427463764321	0.2305317255231423	0.903211989023144	192
Reactome	REACTOME_PROTEIN_HYDROXYLATION	0.7587064676616916	1.0	0.0689567351672811	0.3132637582515439	0.797713302465104	19
Reactome	REACTOME_M_DECAY_DEGRADATION_OF_MATERNAL_MRNAS_BY_MATERNALLY_STORED_FACTORS	0.7587939698492462	1.0	0.0694481442003175	0.284814430375849	0.8029797809064314	28
Reactome	REACTOME_EPHA_MEDIATED_GROWTH_CONE_COLLAPSE	0.7598039215686274	1.0	0.0489954089862481	-0.3018534357868851	-0.796159980266348	26
Reactome	REACTOME_PURINE_CATABOLISM	0.7627986348122867	1.0	0.0508054139066364	-0.3305914926414082	-0.7736007707294493	15
Reactome	REACTOME_SHC1_EVENTS_IN_ERBB2_SIGNALING	0.763681592039801	1.0	0.0686325631836725	0.303908189267489	0.7815224441559329	20
Reactome	REACTOME_DENGUE_VIRUS_ACTIVATES_MODULATES_INNATE_AND_ADAPTIVE_IMMUNE_RESPONSES	0.7638190954773869	1.0	0.069119845655101	0.2832592952951656	0.798595375155925	28
Reactome	REACTOME_VLDLR_INTERNALISATION_AND_DEGRADATION	0.7644230769230769	1.0	0.0668966276500666	0.3151608889739258	0.7829882215745475	16
Reactome	REACTOME_GRB2_EVENTS_IN_ERBB2_SIGNALING	0.7659574468085106	1.0	0.065981614400873	0.3330562489320127	0.7945565469615409	14
Reactome	REACTOME_TIE2_SIGNALING	0.7662116040955631	1.0	0.0506004243853618	-0.3232651622042875	-0.7746438873459285	17
Reactome	REACTOME_ERBB2_REGULATES_CELL_MOTILITY	0.7676056338028169	1.0	0.0655321029282414	0.3231885309985254	0.7555550724399005	13
Reactome	REACTOME_LATE_SARS_COV_2_INFECTION_EVENTS	0.7679127725856698	1.0	0.0463227785794633	-0.2626914965083388	-0.8337010292248347	73
Reactome	REACTOME_TP53_REGULATES_METABOLIC_GENES	0.7699386503067485	1.0	0.0454967810085007	-0.2609745555073345	-0.8385981739802552	76
Reactome	REACTOME_REGULATION_OF_TP53_ACTIVITY_THROUGH_ACETYLATION	0.7702020202020202	1.0	0.0689567351672811	0.2822937164364941	0.8016314214839181	29
Reactome	REACTOME_NR1H2_AND_NR1H3_MEDIATED_SIGNALING	0.7704918032786885	1.0	0.0485059836469469	-0.2778514749636008	-0.8185080755322985	45
Reactome	REACTOME_DEFECTS_IN_VITAMIN_AND_COFACTOR_METABOLISM	0.770764119601329	1.0	0.0490939668192139	-0.3112774946538713	-0.7858703812051732	22
Reactome	REACTOME_INTERLEUKIN_37_SIGNALING	0.7711442786069652	1.0	0.0681513438679483	0.3017715380684694	0.7760278871603109	20
Reactome	REACTOME_ACTIVATION_OF_RAC1	0.772020725388601	1.0	0.0508054139066364	-0.3365911055115315	-0.75506476969866	12
Reactome	REACTOME_P53_DEPENDENT_G1_DNA_DAMAGE_RESPONSE	0.7727272727272727	1.0	0.0716527366829456	0.2538336519374312	0.8100387114762362	52
Reactome	REACTOME_SYNTHESIS_OF_PE	0.7743055555555556	1.0	0.0509082865515105	-0.3379741408589646	-0.7452865853564209	11
Reactome	REACTOME_ERKS_ARE_INACTIVATED	0.7746478873239436	1.0	0.0650877566917313	0.3174581500318184	0.7421585004977224	13
Reactome	REACTOME_RETROGRADE_NEUROTROPHIN_SIGNALLING	0.7760416666666666	1.0	0.0508054139066364	-0.3347081761448895	-0.7565772158634227	13
Reactome	REACTOME_INTERLEUKIN_RECEPTOR_SHC_SIGNALING	0.7761194029850746	1.0	0.0678338263479455	0.3076050728673961	0.7833036923953207	19
Reactome	REACTOME_INTERLEUKIN_2_FAMILY_SIGNALING	0.7808564231738035	1.0	0.0681513438679483	0.2664902916411418	0.7885069266861026	34
Reactome	REACTOME_APOPTOTIC_EXECUTION_PHASE	0.7810810810810811	1.0	0.0716527366829456	0.2588473135637392	0.8171755268553985	50
Reactome	REACTOME_LONG_TERM_POTENTIATION	0.7832764505119454	1.0	0.0495901956956338	-0.3174855030894166	-0.7607940262172227	17
Reactome	REACTOME_TRANSPORT_OF_CONNEXONS_TO_THE_PLASMA_MEMBRANE	0.7849829351535836	1.0	0.0494904866135495	-0.3217563017203426	-0.7646840492625727	16
Reactome	REACTOME_NF_KB_ACTIVATION_THROUGH_FADD_RIP_1_PATHWAY_MEDIATED_BY_CASPASE_8_AND_10	0.7872340425531915	1.0	0.0646484568421927	0.3229963570127504	0.7456263611429248	12
Reactome	REACTOME_REGULATION_OF_PD_L1_CD274_EXPRESSION	0.7878787878787878	1.0	0.0826646449123752	0.231487523916863	0.8829809475957494	171
Reactome	REACTOME_APOPTOTIC_FACTOR_MEDIATED_RESPONSE	0.79	1.0	0.0481183992657974	-0.306672600032028	-0.760828514359874	19
Reactome	REACTOME_SIGNALING_BY_FLT3_ITD_AND_TKD_MUTANTS	0.7918088737201365	1.0	0.0490939668192139	-0.3205793990886681	-0.7618870297009829	16
Reactome	REACTOME_CONSTITUTIVE_SIGNALING_BY_OVEREXPRESSED_ERBB2	0.7934272300469484	1.0	0.0639271933359995	0.3210236328036063	0.7277810745033165	11
Reactome	REACTOME_TRANS_GOLGI_NETWORK_VESICLE_BUDDING	0.7947122861586314	1.0	0.0446854397644147	-0.2601722829162018	-0.8272610830427789	72
Reactome	REACTOME_RHO_GTPASES_ACTIVATE_WASPS_AND_WAVES	0.7950413223140496	1.0	0.0474483193656297	-0.2836092510927456	-0.790753544225805	34
Reactome	REACTOME_GLYCOGEN_STORAGE_DISEASES	0.796875	1.0	0.0495901956956338	-0.3273446184977914	-0.7399325673589903	13
Reactome	REACTOME_GLUTAMATE_AND_GLUTAMINE_METABOLISM	0.7979274611398963	1.0	0.0492917662312669	-0.3198430098805845	-0.7367059504012593	14
Reactome	REACTOME_SARS_COV_2_TARGETS_HOST_INTRACELLULAR_SIGNALLING_AND_REGULATORY_PATHWAYS	0.7986111111111112	1.0	0.0494904866135495	-0.3267743310974612	-0.7205892284740918	11
Reactome	REACTOME_NUCLEOTIDE_CATABOLISM	0.7996688741721855	1.0	0.0472587336673259	-0.2886427860157785	-0.774779835522555	28
Reactome	REACTOME_AZATHIOPRINE_ADME	0.8006644518272426	1.0	0.0473534245254192	-0.2984595324812841	-0.7647098702330657	23
Reactome	REACTOME_SLC_TRANSPORTER_DISORDERS	0.8011363636363636	1.0	0.0728938564822936	0.2423398592878249	0.836491326186762	84
Reactome	REACTOME_SYNTHESIS_OF_SUBSTRATES_IN_N_GLYCAN_BIOSYTHESIS	0.8012718600953895	1.0	0.0453152441270267	-0.2649661891564091	-0.8191164867636823	60
Reactome	REACTOME_CLASS_C_3_METABOTROPIC_GLUTAMATE_PHEROMONE_RECEPTORS	0.8028846153846154	1.0	0.0645031249656492	0.3158398320213712	0.7732375526904043	15
Reactome	REACTOME_TRAFFICKING_OF_GLUR2_CONTAINING_AMPA_RECEPTORS	0.8037542662116041	1.0	0.0484087618816951	-0.3127254820476151	-0.7317934046209372	15
Reactome	REACTOME_TICAM1_TRAF6_DEPENDENT_INDUCTION_OF_TAK1_COMPLEX	0.8038194444444444	1.0	0.049192752104519	-0.3237102135604025	-0.7138323633171266	11
Reactome	REACTOME_CRISTAE_FORMATION	0.8055555555555556	1.0	0.0667426134241916	0.2745294626988105	0.7795832163765922	29
Reactome	REACTOME_MISCELLANEOUS_TRANSPORT_AND_BINDING_EVENTS	0.8060453400503779	1.0	0.0665892104103932	0.2810847782449492	0.7627677095186534	24
Reactome	REACTOME_PYRUVATE_METABOLISM	0.8081967213114755	1.0	0.0463227785794633	-0.26928401122722	-0.7932696338217535	45
Reactome	REACTOME_ASSEMBLY_OF_THE_HIV_VIRION	0.8088737201365188	1.0	0.0481183992657974	-0.3132300143238513	-0.7444205270357657	16
Reactome	REACTOME_KETONE_BODY_METABOLISM	0.8097731239092496	1.0	0.0490939668192139	-0.3299744681396	-0.7171953278985237	10
Reactome	REACTOME_SIGNALING_BY_CSF3_G_CSF	0.8102564102564103	1.0	0.0672065093710464	0.2790030073817552	0.7715596205021245	26
Reactome	REACTOME_TRAF6_MEDIATED_NF_KB_ACTIVATION	0.8110831234256927	1.0	0.0662842187012671	0.2874799507538397	0.7453104233580331	21
Reactome	REACTOME_TRANSCRIPTIONAL_REGULATION_BY_RUNX1	0.8112582781456954	1.0	0.0802023444698144	0.2248069489408977	0.8780241913877724	189
Reactome	REACTOME_G1_S_DNA_DAMAGE_CHECKPOINTS	0.8126721763085399	1.0	0.070619624712259	0.2413081643658744	0.7987212998790346	66
Reactome	REACTOME_GLYCOGEN_SYNTHESIS	0.8134715025906736	1.0	0.0484087618816951	-0.3206934953652224	-0.719402135875822	12
Reactome	REACTOME_DEVELOPMENTAL_LINEAGE_OF_MAMMARY_GLAND_LUMINAL_EPITHELIAL_CELLS	0.815	1.0	0.065681360193401	0.2830726346052102	0.7471134725930827	22
Reactome	REACTOME_PTK6_REGULATES_RHO_GTPASES_RAS_GTPASE_AND_MAP_KINASES	0.8156028368794326	1.0	0.0629394692018967	0.3083614172511157	0.7356432545339446	14
Reactome	REACTOME_RECYCLING_PATHWAY_OF_L1	0.8163265306122449	1.0	0.0665892104103932	0.2566714506240424	0.79233594755307	42
Reactome	REACTOME_RND1_GTPASE_CYCLE	0.8163265306122449	1.0	0.0665892104103932	0.2560967931303176	0.7905619996180662	42
Reactome	REACTOME_PECAM1_INTERACTIONS	0.8167539267015707	1.0	0.048701086452153	-0.3260652605790023	-0.7086987147694735	10
Reactome	REACTOME_VEGFR2_MEDIATED_VASCULAR_PERMEABILITY	0.8169934640522876	1.0	0.0456790414930062	-0.286457451442458	-0.7555519727414834	26
Reactome	REACTOME_KILLING_MECHANISMS	0.8186528497409327	1.0	0.0481183992657974	-0.3182589677768829	-0.7139408328802453	12
Reactome	REACTOME_REGULATION_OF_INNATE_IMMUNE_RESPONSES_TO_CYTOSOLIC_DNA	0.8186528497409327	1.0	0.0481183992657974	-0.3140544207536474	-0.7233728841077838	14
Reactome	REACTOME_NUCLEAR_EVENTS_KINASE_AND_TRANSCRIPTION_FACTOR_ACTIVATION	0.819672131147541	1.0	0.0697792517076234	0.2455633752547294	0.7925815228917129	57
Reactome	REACTOME_TRANSCRIPTIONAL_REGULATION_OF_BROWN_AND_BEIGE_ADIPOCYTE_DIFFERENTIATION	0.8198051948051948	1.0	0.0452247443372884	-0.2800815517417986	-0.7479109128867784	27
Reactome	REACTOME_PYROPTOSIS	0.8214876033057851	1.0	0.0459538081039063	-0.2893209977898273	-0.7511839581245574	24
Reactome	REACTOME_NEGATIVE_REGULATION_OF_NOTCH4_SIGNALING	0.8217054263565892	1.0	0.0668966276500666	0.2496302386906074	0.7788369463440086	44
Reactome	REACTOME_INTERFERON_ALPHA_BETA_SIGNALING	0.8232484076433121	1.0	0.0441523058441465	-0.2592564008738786	-0.8031543655239012	62
Reactome	REACTOME_CITRIC_ACID_CYCLE_TCA_CYCLE	0.8248730964467005	1.0	0.0658311958368865	0.2603126851725238	0.7660459434881279	33
Reactome	REACTOME_INSERTION_OF_TAIL_ANCHORED_PROTEINS_INTO_THE_ENDOPLASMIC_RETICULUM_MEMBRANE	0.825	1.0	0.0650877566917313	0.2780268459356584	0.7337961249090255	22
Reactome	REACTOME_RHOBTB_GTPASE_CYCLE	0.8261964735516373	1.0	0.0653834195468773	0.2561611010345845	0.7579443186069345	34
Reactome	REACTOME_RHOD_GTPASE_CYCLE	0.8262032085561497	1.0	0.0683110858318646	0.2454163442825262	0.7831772413959847	52
Reactome	REACTOME_RAC3_GTPASE_CYCLE	0.8262108262108262	1.0	0.0714786287425506	0.2384007236672783	0.8310141955611909	88
Reactome	REACTOME_THE_CRY_PER_KINASE_COMPLEX_REPRESSES_TRANSACTIVATION_BY_THE_BMAL_CLOCK_ARNTL_CLOCK_COMPLEX	0.8262910798122066	1.0	0.0619762736001997	0.301319119717864	0.7044284295069756	13
Reactome	REACTOME_INTERLEUKIN_1_FAMILY_SIGNALING	0.8289085545722714	1.0	0.0730744399126986	0.2336692239807986	0.8554240756452588	124
Reactome	REACTOME_REGULATION_OF_KIT_SIGNALING	0.8341346153846154	1.0	0.0626618230932491	0.3028188839721384	0.7413597305080002	15
Reactome	REACTOME_REGULATION_OF_SIGNALING_BY_CBL	0.8383333333333334	1.0	0.0454059226590178	-0.2907235627691625	-0.7229042327469851	20
Reactome	REACTOME_INACTIVATION_OF_CSF3_G_CSF_SIGNALING	0.8387909319899244	1.0	0.0646484568421927	0.2789394560612273	0.7231686367800589	21
Reactome	REACTOME_REGULATION_OF_GENE_EXPRESSION_IN_BETA_CELLS	0.8395904436860068	1.0	0.0464154956843848	-0.299912942356058	-0.7186847043704445	17
Reactome	REACTOME_REGULATION_OF_MITF_M_DEPENDENT_GENES_INVOLVED_IN_CELL_CYCLE_AND_PROLIFERATION	0.8404074702886248	1.0	0.0461379160269736	-0.2880248981517717	-0.7059308002858191	18
Reactome	REACTOME_DENGUE_VIRUS_MODULATES_APOPTOSIS	0.8413461538461539	1.0	0.062249042949858	0.2990155243031821	0.732048363719323	15
Reactome	REACTOME_PI3K_EVENTS_IN_ERBB2_SIGNALING	0.8416075650118203	1.0	0.061436410720127	0.2989168519900702	0.7131118017074849	14
Reactome	REACTOME_COMPLEX_I_BIOGENESIS	0.8423566878980892	1.0	0.0431036828790402	-0.2536843069416544	-0.7858924905935607	62
Reactome	REACTOME_OVARIAN_TUMOR_DOMAIN_PROTEASES	0.84375	1.0	0.065981614400873	0.2531752811767979	0.7600577390951536	38
Reactome	REACTOME_CLEC7A_DECTIN_1_INDUCES_NFAT_ACTIVATION	0.8454861111111112	1.0	0.0468819856878333	-0.3087506497672254	-0.6808441524750107	11
Reactome	REACTOME_EPH_EPHRIN_SIGNALING	0.8463901689708141	1.0	0.0412376090540065	-0.2440283776721597	-0.8026065767043459	88
Reactome	REACTOME_RECEPTOR_MEDIATED_MITOPHAGY	0.8474178403755869	1.0	0.0607719451853532	0.2895421771254188	0.656410604235115	11
Reactome	REACTOME_SARS_COV_1_TARGETS_HOST_INTRACELLULAR_SIGNALLING_AND_REGULATORY_PATHWAYS	0.8481228668941979	1.0	0.0459538081039063	-0.2987456217112413	-0.6990798261664558	15
Reactome	REACTOME_EVASION_BY_RSV_OF_HOST_INTERFERON_RESPONSES	0.8507462686567164	1.0	0.0633597010643758	0.278926749271137	0.7172808187770924	20
Reactome	REACTOME_PROTEIN_LIPOYLATION	0.8508158508158508	1.0	0.0602484086158019	0.2919588379928968	0.645314579305307	10
Reactome	REACTOME_SEALING_OF_THE_NUCLEAR_ENVELOPE_NE_BY_ESCRT_III	0.8522727272727273	1.0	0.0434506826723125	-0.272461591343426	-0.727563083826756	27
Reactome	REACTOME_NEGATIVE_REGULATION_OF_NMDA_RECEPTOR_MEDIATED_NEURONAL_TRANSMISSION	0.8523002421307506	1.0	0.0619762736001997	0.2811904566861323	0.7172119071814176	18
Reactome	REACTOME_RUNX3_REGULATES_NOTCH_SIGNALING	0.8559027777777778	1.0	0.0463227785794633	-0.3022053530454108	-0.683107557334197	13
Reactome	REACTOME_INTEGRATION_OF_ENERGY_METABOLISM	0.8562783661119516	1.0	0.0400031517498193	-0.2391736512592917	-0.8008327020293776	97
Reactome	REACTOME_AUTOPHAGY	0.8596750369276218	1.0	0.0387166740042593	-0.2312467404103046	-0.8152398987312693	150
Reactome	REACTOME_ZINC_INFLUX_INTO_CELLS_BY_THE_SLC39_GENE_FAMILY	0.8603839441535777	1.0	0.0463227785794633	-0.3063918276780856	-0.6659387574921327	10
Reactome	REACTOME_IRON_UPTAKE_AND_TRANSPORT	0.8614173228346457	1.0	0.0415717899246479	-0.2524000748880184	-0.7724488548829912	56
Reactome	REACTOME_SIGNALING_BY_NOTCH4	0.8618012422360248	1.0	0.0409055783172034	-0.2426602965143622	-0.7703627155018585	71
Reactome	REACTOME_ONCOGENE_INDUCED_SENESCENCE	0.8629441624365483	1.0	0.0636424081651018	0.2488057849849116	0.7321835360337965	33
Reactome	REACTOME_REGULATED_PROTEOLYSIS_OF_P75NTR	0.8638743455497382	1.0	0.0461379160269736	-0.3037519351607322	-0.6602009845357137	10
Reactome	REACTOME_REGULATION_OF_LIPID_METABOLISM_BY_PPARALPHA	0.8640226628895185	1.0	0.0689567351672811	0.2282526966424526	0.8268631954983139	112
Reactome	REACTOME_DEGRADATION_OF_DVL	0.865040650406504	1.0	0.042845050912155	-0.2556699070366915	-0.7503310662839718	44
Reactome	REACTOME_IRAK2_MEDIATED_ACTIVATION_OF_TAK1_COMPLEX	0.8671328671328671	1.0	0.0593487680335628	0.2787997450141153	0.6162291280546468	10
Reactome	REACTOME_PHOSPHORYLATION_OF_CLOCK_ACETYLATION_OF_BMAL1_ARNTL_AT_TARGET_GENE_PROMOTERS	0.8671328671328671	1.0	0.0593487680335628	0.2770044934232328	0.6122610960091649	10
Reactome	REACTOME_RHOBTB3_ATPASE_CYCLE	0.8671328671328671	1.0	0.0593487680335628	0.2784810126582279	0.615524636155842	10
Reactome	REACTOME_POST_CHAPERONIN_TUBULIN_FOLDING_PATHWAY	0.8683333333333333	1.0	0.0438002031299891	-0.2784596211135297	-0.6924090941742013	20
Reactome	REACTOME_ALPHA_PROTEIN_KINASE_1_SIGNALING_PATHWAY	0.8685446009389671	1.0	0.0596037042575972	0.278812440234962	0.6320856055579869	11
Reactome	REACTOME_PINK1_PRKN_MEDIATED_MITOPHAGY	0.8698517298187809	1.0	0.0431901998334182	-0.2626758744500623	-0.7236603739099011	32
Reactome	REACTOME_JOSEPHIN_DOMAIN_DUBS	0.8732638888888888	1.0	0.0454059226590178	-0.3010239999659822	-0.6638056641694322	11
Reactome	REACTOME_FATTY_ACID_METABOLISM	0.8734567901234568	1.0	0.0727141077934446	0.2190983055600563	0.8338216679092133	159
Reactome	REACTOME_DENGUE_VIRUS_GENOME_TRANSLATION_AND_REPLICATION	0.8735632183908046	1.0	0.069119845655101	0.2289075265186892	0.7825460408794039	80
Reactome	REACTOME_N_GLYCAN_ANTENNAE_ELONGATION_IN_THE_MEDIAL_TRANS_GOLGI	0.8743801652892562	1.0	0.0431036828790402	-0.2835346068778043	-0.7084936247940136	21
Reactome	REACTOME_NRIF_SIGNALS_CELL_DEATH_FROM_THE_NUCLEUS	0.8754266211604096	1.0	0.0445070537769276	-0.2867422689802796	-0.6709913752211022	15
Reactome	REACTOME_INTERLEUKIN_2_SIGNALING	0.8760907504363001	1.0	0.0454967810085007	-0.2952933912899149	-0.641816446546525	10
Reactome	REACTOME_ALPHA_LINOLENIC_OMEGA3_AND_LINOLEIC_OMEGA6_ACID_METABOLISM	0.8773747841105354	1.0	0.0449543067640062	-0.2893313734066954	-0.649048424782095	12
Reactome	REACTOME_LOSS_OF_FUNCTION_OF_MECP2_IN_RETT_SYNDROME	0.8779342723004695	1.0	0.0590954798717342	0.2871715469739059	0.6713540183687325	13
Reactome	REACTOME_SIGNALING_BY_CYTOSOLIC_FGFR1_FUSION_MUTANTS	0.8789346246973365	1.0	0.0605092988656666	0.2655097021044	0.677216154721862	18
Reactome	REACTOME_UB_SPECIFIC_PROCESSING_PROTEASES	0.8790849673202614	1.0	0.0753093764172772	0.2189275881461322	0.8371780028790861	167
Reactome	REACTOME_DARPP_32_EVENTS	0.8820598006644518	1.0	0.0429311093452582	-0.2785832528934293	-0.7033284799216807	22
Reactome	REACTOME_NEUTROPHIL_DEGRANULATION	0.8822768434670116	1.0	0.0312052969963336	-0.2230855746990472	-0.8628781855590137	393
Reactome	REACTOME_ANTIGEN_PRESENTATION_FOLDING_ASSEMBLY_AND_PEPTIDE_LOADING_OF_CLASS_I_MHC	0.8828382838283828	1.0	0.0425877779273254	-0.2641071121699372	-0.7111014356354547	29
Reactome	REACTOME_IRAK1_RECRUITS_IKK_COMPLEX	0.8841607565011821	1.0	0.0590954798717342	0.278850532835413	0.6652405327885604	14
Reactome	REACTOME_SYNAPTIC_ADHESION_LIKE_MOLECULES	0.8855721393034826	1.0	0.061436410720127	0.2678951972860804	0.6889123648338971	20
Reactome	REACTOME_RESPIRATORY_ELECTRON_TRANSPORT	0.8880484114977307	1.0	0.0383205781976993	-0.2287868770680979	-0.7958145401831775	143
Reactome	REACTOME_AMINO_ACIDS_REGULATE_MTORC1	0.8885350318471338	1.0	0.0406579344155556	-0.2474568549109846	-0.7489392555225529	52
Reactome	REACTOME_TNFR1_INDUCED_NF_KAPPA_B_SIGNALING_PATHWAY	0.8905852417302799	1.0	0.062249042949858	0.2504899503213162	0.7199182840288639	31
Reactome	REACTOME_NEGATIVE_REGULATION_OF_MAPK_PATHWAY	0.890625	1.0	0.0633597010643758	0.2355472558338235	0.7279640297105726	43
Reactome	REACTOME_BUTYROPHILIN_BTN_FAMILY_INTERACTIONS	0.892018779342723	1.0	0.0583452776743612	0.2692002956659998	0.6102942600374526	11
Reactome	REACTOME_ESTROGEN_DEPENDENT_NUCLEAR_EVENTS_DOWNSTREAM_OF_ESR_MEMBRANE_SIGNALING	0.8925	1.0	0.0613026075396207	0.2548596495717747	0.6812284996049093	23
Reactome	REACTOME_NF_KB_IS_ACTIVATED_AND_SIGNALS_SURVIVAL	0.8927738927738927	1.0	0.0579754757571485	0.2697386394681723	0.5962014297886213	10
Reactome	REACTOME_TFAP2_AP_2_FAMILY_REGULATES_TRANSCRIPTION_OF_GROWTH_FACTORS_AND_THEIR_RECEPTORS	0.8927738927738927	1.0	0.0579754757571485	0.2682748412407311	0.5929660067960415	10
Reactome	REACTOME_TRANSCRIPTIONAL_AND_POST_TRANSLATIONAL_REGULATION_OF_MITF_M_EXPRESSION_AND_ACTIVITY	0.893048128342246	1.0	0.0645031249656492	0.2335999783144105	0.7454686326670543	52
Reactome	REACTOME_INTERCONVERSION_OF_NUCLEOTIDE_DI_AND_TRIPHOSPHATES	0.8939393939393939	1.0	0.0617054053637522	0.2483150978362934	0.7051421029387551	29
Reactome	REACTOME_SIGNALING_BY_EGFR	0.8945945945945946	1.0	0.0649407684612898	0.2351217515029794	0.7447592653623395	51
Reactome	REACTOME_TURBULENT_OSCILLATORY_DISTURBED_FLOW_SHEAR_STRESS_ACTIVATES_SIGNALING_BY_PIEZO1_AND_INTEGRINS_IN_ENDOTHELIAL_CELLS	0.8951747088186356	1.0	0.042331839351853	-0.2650036501395973	-0.6901276586692103	25
Reactome	REACTOME_SIGNALING_BY_ERYTHROPOIETIN	0.8953488372093024	1.0	0.0422468188360052	-0.2745867377520248	-0.6932386310517514	22
Reactome	REACTOME_ACTIVATION_OF_BH3_ONLY_PROTEINS	0.8964646464646465	1.0	0.0615706755421678	0.2474219180035111	0.7026057339822216	29
Reactome	REACTOME_FORMATION_OF_INCISION_COMPLEX_IN_GG_NER	0.8984375	1.0	0.0629394692018967	0.2342858171068267	0.7240655252865374	43
Reactome	REACTOME_METHYLATION	0.8998272884283247	1.0	0.0438002031299891	-0.2807763685350868	-0.6298572379759696	12
Reactome	REACTOME_P75NTR_RECRUITS_SIGNALLING_COMPLEXES	0.900709219858156	1.0	0.0582216241124161	0.2697632058287795	0.6227393998887193	12
Reactome	REACTOME_SEMA4D_INDUCED_CELL_MIGRATION_AND_GROWTH_CONE_COLLAPSE	0.9016666666666666	1.0	0.042077210988939	-0.2620241308459107	-0.6500594776876427	19
Reactome	REACTOME_FREE_FATTY_ACIDS_REGULATE_INSULIN_SECRETION	0.9022687609075044	1.0	0.0441523058441465	-0.2832068020059628	-0.6155463977953243	10
Reactome	REACTOME_CLATHRIN_MEDIATED_ENDOCYTOSIS	0.9028400597907325	1.0	0.036993251998507	-0.2241938674406176	-0.7775526130977696	135
Reactome	REACTOME_P75NTR_SIGNALS_VIA_NF_KB	0.903755868544601	1.0	0.0577308549299812	0.2697754906871897	0.6306852529045943	13
Reactome	REACTOME_UBIQUITIN_MEDIATED_DEGRADATION_OF_PHOSPHORYLATED_CDC25A	0.9054054054054054	1.0	0.064358336791736	0.2330800800715962	0.738292174565217	51
Reactome	REACTOME_MATURATION_OF_TCA_ENZYMES_AND_REGULATION_OF_TCA_CYCLE	0.9054726368159204	1.0	0.0603786357920401	0.260158527696793	0.6690169452941328	20
Reactome	REACTOME_CELLULAR_RESPONSE_TO_CHEMICAL_STRESS	0.908029197080292	1.0	0.0356176233437443	-0.2206448378502474	-0.7939278475949272	181
Reactome	REACTOME_ERK_MAPK_TARGETS	0.9102990033222592	1.0	0.0414880402002209	-0.2691731908501881	-0.679571256312215	22
Reactome	REACTOME_ACTIVATED_TAK1_MEDIATES_P38_MAPK_ACTIVATION	0.9119601328903656	1.0	0.0414044273760278	-0.2584764718142104	-0.6622656933624341	23
Reactome	REACTOME_REGULATION_OF_APOPTOSIS	0.9123711340206184	1.0	0.0617054053637522	0.2340415830749589	0.708598090411169	40
Reactome	REACTOME_CYTOPROTECTION_BY_HMOX1	0.9125596184419714	1.0	0.039356195952129	-0.2411403065555603	-0.7326783498299804	53
Reactome	REACTOME_FOXO_MEDIATED_TRANSCRIPTION_OF_CELL_DEATH_GENES	0.9129692832764504	1.0	0.0425877779273254	-0.2683323777881126	-0.6279113010742643	15
Reactome	REACTOME_TP53_REGULATES_TRANSCRIPTION_OF_SEVERAL_ADDITIONAL_CELL_DEATH_GENES_WHOSE_SPECIFIC_ROLES_IN_P53_DEPENDENT_APOPTOSIS_REMAIN_UNCERTAIN	0.9131455399061033	1.0	0.0572461135202884	0.2638309767436037	0.6167880776261603	13
Reactome	REACTOME_REGULATION_BY_C_FLIP	0.9131944444444444	1.0	0.0433636987883265	-0.2807726755716231	-0.6191482818961672	11
Reactome	REACTOME_DECTIN_1_MEDIATED_NONCANONICAL_NF_KB_SIGNALING	0.9135135135135136	1.0	0.0639271933359995	0.2326845527087405	0.729581392099029	48
Reactome	REACTOME_PROTEASOME_ASSEMBLY	0.9135135135135136	1.0	0.0639271933359995	0.2251581872334113	0.7079714472025741	49
Reactome	REACTOME_INTERFERON_GAMMA_SIGNALING	0.9136363636363636	1.0	0.037070539365762	-0.2272775405192077	-0.7478870735967894	87
Reactome	REACTOME_MET_ACTIVATES_RAP1_AND_RAC1	0.9144851657940664	1.0	0.0435378240914002	-0.2739732264821055	-0.5954773383227987	10
Reactome	REACTOME_DOWNREGULATION_OF_SMAD2_3_SMAD4_TRANSCRIPTIONAL_ACTIVITY	0.915841584158416	1.0	0.0409055783172034	-0.250415128442934	-0.6742361304758404	29
Reactome	REACTOME_EUKARYOTIC_TRANSLATION_ELONGATION	0.9161585365853658	1.0	0.0372254009247508	-0.227167316255794	-0.7546377443528426	91
Reactome	REACTOME_DOWNSTREAM_TCR_SIGNALING	0.916279069767442	1.0	0.0380056241581376	-0.23008537257344	-0.7504316845799229	85
Reactome	REACTOME_REGULATION_OF_HOMOTYPIC_CELL_CELL_ADHESION	0.9194630872483222	1.0	0.0743625384422525	0.2134423065135865	0.8328870065854173	190
Reactome	REACTOME_TAK1_DEPENDENT_IKK_AND_NF_KAPPA_B_ACTIVATION	0.9211822660098522	1.0	0.0590954798717342	0.2221241519801718	0.6828176340597077	41
Reactome	REACTOME_ACTIVATION_OF_NF_KAPPAB_IN_B_CELLS	0.9224598930481284	1.0	0.0629394692018967	0.2230189334927633	0.7117022039528972	52
Reactome	REACTOME_CARBOXYTERMINAL_POST_TRANSLATIONAL_MODIFICATIONS_OF_TUBULIN	0.9230769230769232	1.0	0.040166098004942	-0.2436250588995329	-0.6899343379105543	37
Reactome	REACTOME_IRF3_MEDIATED_INDUCTION_OF_TYPE_I_IFN	0.924006908462867	1.0	0.0425877779273254	-0.2700731244095843	-0.6058469702406738	12
Reactome	REACTOME_SARS_COV_2_MODULATES_AUTOPHAGY	0.9248826291079812	1.0	0.0566484183613995	0.2514457447292928	0.5700435593485552	11
Reactome	REACTOME_AMPK_INDUCED_ERAD_AND_LYSOSOME_MEDIATED_DEGRADATION_OF_PD_L1_CD274	0.9249329758713136	1.0	0.0629394692018967	0.2256946028559697	0.7205422958000259	53
Reactome	REACTOME_CD28_DEPENDENT_PI3K_AKT_SIGNALING	0.925	1.0	0.0596037042575972	0.2450587198545559	0.64678336510732	22
Reactome	REACTOME_RHOBTB1_GTPASE_CYCLE	0.925	1.0	0.0596037042575972	0.2457773364655054	0.648680009593702	22
Reactome	REACTOME_PHOSPHOLIPID_METABOLISM	0.92524682651622	1.0	0.0330894161454376	-0.2181863063726506	-0.7940891257761872	199
Reactome	REACTOME_REGULATION_OF_TBK1_IKK_MEDIATED_ACTIVATION_OF_IRF3_IRF7_UPON_TLR3_LIGATION	0.9253472222222222	1.0	0.0427591434738677	-0.2762098469632743	-0.6090865211222802	11
Reactome	REACTOME_MITOCHONDRIAL_IRON_SULFUR_CLUSTER_BIOGENESIS	0.92573402417962	1.0	0.0425023180036552	-0.2686894828328567	-0.6027430884346183	12
Reactome	REACTOME_METABOLISM_OF_NUCLEOTIDES	0.925925925925926	1.0	0.0658311958368865	0.2219138446395257	0.7735444433649521	88
Reactome	REACTOME_REGULATED_NECROSIS	0.9275590551181102	1.0	0.0381628909049256	-0.2299015518847542	-0.7035940483297818	56
Reactome	REACTOME_DISEASES_OF_BRANCHED_CHAIN_AMINO_ACID_CATABOLISM	0.9288194444444444	1.0	0.0425877779273254	-0.261897172002368	-0.5919946011425837	13
Reactome	REACTOME_SIGNALING_BY_FGFR4_IN_DISEASE	0.9288194444444444	1.0	0.0425877779273254	-0.2739857019261418	-0.6041819285524196	11
Reactome	REACTOME_CROSS_PRESENTATION_OF_SOLUBLE_EXOGENOUS_ANTIGENS_ENDOSOMES	0.9299674267100976	1.0	0.0395979123961192	-0.2367178081604515	-0.6819393541228256	40
Reactome	REACTOME_BRANCHED_CHAIN_AMINO_ACID_CATABOLISM	0.9303482587064676	1.0	0.0590954798717342	0.246902332361516	0.6349276560136927	20
Reactome	REACTOME_ACTIVATION_OF_BAD_AND_TRANSLOCATION_TO_MITOCHONDRIA	0.9309153713298792	1.0	0.0422468188360052	-0.2672650959178596	-0.6156013432051017	14
Reactome	REACTOME_INLB_MEDIATED_ENTRY_OF_LISTERIA_MONOCYTOGENES_INTO_HOST_CELL	0.9309153713298792	1.0	0.0422468188360052	-0.2664926709684841	-0.6138221889360879	14
Reactome	REACTOME_REGULATION_OF_PTEN_STABILITY_AND_ACTIVITY	0.930939226519337	1.0	0.0640703750499721	0.2253480802628376	0.720125647751414	55
Reactome	REACTOME_CARGO_TRAFFICKING_TO_THE_PERICILIARY_MEMBRANE	0.9321766561514196	1.0	0.0380056241581376	-0.2275003596780665	-0.7117680630182296	64
Reactome	REACTOME_C_TYPE_LECTIN_RECEPTORS_CLRS	0.9322033898305084	1.0	0.0650877566917313	0.2173330049503052	0.7908820441578654	113
Reactome	REACTOME_FORMATION_OF_AXIAL_MESODERM	0.932642487046632	1.0	0.0421619430092451	-0.2627010080987697	-0.5893093219984321	12
Reactome	REACTOME_RAP1_SIGNALLING	0.9368600682593856	1.0	0.0414044273760278	-0.2563243450538414	-0.5998118986850657	15
Reactome	REACTOME_FORMATION_OF_TUBULIN_FOLDING_INTERMEDIATES_BY_CCT_TRIC	0.9375	1.0	0.0589694466690996	0.2348993593737086	0.6278755323299632	23
Reactome	REACTOME_SEMA4D_IN_SEMAPHORIN_SIGNALING	0.9385382059800664	1.0	0.0400845633477088	-0.2383544175048906	-0.6107091777712708	23
Reactome	REACTOME_DISEASES_OF_CARBOHYDRATE_METABOLISM	0.9389312977099236	1.0	0.059731797636441	0.2307510457120256	0.663187871025462	31
Reactome	REACTOME_BIOTIN_TRANSPORT_AND_METABOLISM	0.9389671361502347	1.0	0.0559428593065705	0.2384753238388897	0.5406387869648573	11
Reactome	REACTOME_HEME_SIGNALING	0.9396411092985318	1.0	0.0391956336118146	-0.2273464620579939	-0.6714397352836823	46
Reactome	REACTOME_GSK3B_MEDIATED_PROTEASOMAL_DEGRADATION_OF_PD_L1_CD274	0.9401041666666666	1.0	0.0607719451853532	0.2219449907179203	0.6859259270295963	43
Reactome	REACTOME_HSF1_DEPENDENT_TRANSACTIVATION	0.9413265306122448	1.0	0.059731797636441	0.22114780475507	0.6596781940912445	35
Reactome	REACTOME_RAS_ACTIVATION_UPON_CA2_INFLUX_THROUGH_NMDA_RECEPTOR	0.9419795221843004	1.0	0.0411544018789902	-0.2566530986817117	-0.6150206620054479	17
Reactome	REACTOME_PKA_MEDIATED_PHOSPHORYLATION_OF_CREB	0.9423076923076924	1.0	0.05688641604757	0.2327943520838078	0.5871866216414023	17
Reactome	REACTOME_ACTIVATION_OF_NMDA_RECEPTORS_AND_POSTSYNAPTIC_EVENTS	0.942528735632184	1.0	0.0653834195468773	0.2111130063734921	0.7217134789241471	80
Reactome	REACTOME_RHO_GTPASES_ACTIVATE_IQGAPS	0.9430051813471504	1.0	0.0603786357920401	0.2314797705092599	0.6440182204219699	27
Reactome	REACTOME_SIGNALING_BY_ERBB2_IN_CANCER	0.9445843828715366	1.0	0.0589694466690996	0.22502896726422	0.6106514589911323	24
Reactome	REACTOME_MATURATION_OF_SARS_COV_2_NUCLEOPROTEIN	0.9447115384615384	1.0	0.0567672387487446	0.2477707171632559	0.606591074157799	15
Reactome	REACTOME_SIGNALING_BY_WNT_IN_CANCER	0.9458128078817734	1.0	0.0391956336118146	-0.2386392838997965	-0.6542578274705305	31
Reactome	REACTOME_SIGNALING_BY_HIPPO	0.9466666666666668	1.0	0.0398406946073898	-0.2413171084119573	-0.6000516691651218	20
Reactome	REACTOME_EGFR_DOWNREGULATION	0.9467005076142132	1.0	0.0592219193803819	0.2333740559021226	0.664265903487592	30
Reactome	REACTOME_INSULIN_RECEPTOR_RECYCLING	0.9472361809045228	1.0	0.0587185879555941	0.2268733334344835	0.6396259463901829	28
Reactome	REACTOME_INTERLEUKIN_12_FAMILY_SIGNALING	0.9477848101265824	1.0	0.0373806494758473	-0.2302483675506375	-0.6916130043757533	50
Reactome	REACTOME_INTERLEUKIN_17_SIGNALING	0.9485981308411215	1.0	0.0366082221336689	-0.2205312004486131	-0.6984936811699051	69
Reactome	REACTOME_MAP3K8_TPL2_DEPENDENT_MAPK1_3_ACTIVATION	0.9488054607508531	1.0	0.0408229003677775	-0.2455708885549027	-0.574648267978428	15
Reactome	REACTOME_EGR2_AND_SOX10_MEDIATED_INITIATION_OF_SCHWANN_CELL_MYELINATION	0.9496221662468514	1.0	0.0587185879555941	0.2193220304390649	0.5951647892480353	24
Reactome	REACTOME_RHOG_GTPASE_CYCLE	0.9498607242339832	1.0	0.0635007968065945	0.2084144308341101	0.7041486801164643	72
Reactome	REACTOME_NEGATIVE_REGULATION_OF_FLT3	0.950354609929078	1.0	0.055710422676667	0.2419619273157847	0.5772371306068304	14
Reactome	REACTOME_RHOQ_GTPASE_CYCLE	0.950413223140496	1.0	0.0629394692018967	0.211944981180011	0.684385763673913	58
Reactome	REACTOME_SYNTHESIS_OF_PIPS_AT_THE_LATE_ENDOSOME_MEMBRANE	0.9507042253521126	1.0	0.0553642837725362	0.2292700696689585	0.5197698879608792	11
Reactome	REACTOME_N_GLYCAN_TRIMMING_IN_THE_ER_AND_CALNEXIN_CALRETICULIN_CYCLE	0.9508196721311476	1.0	0.038875878582578	-0.2313539215801613	-0.6505377317710915	35
Reactome	REACTOME_SIGNALING_BY_TGF_BETA_RECEPTOR_COMPLEX	0.9521604938271604	1.0	0.0359968890245889	-0.2194515272692801	-0.7180973767771405	86
Reactome	REACTOME_PHOSPHORYLATED_BMAL1_CLOCK_ARNTL_CLOCK_ACTIVATES_EXPRESSION_OF_CORE_CLOCK_GENES	0.9527363184079602	1.0	0.0579754757571485	0.2295918367346938	0.5904124328983416	20
Reactome	REACTOME_VITAMIN_B5_PANTOTHENATE_METABOLISM	0.9527363184079602	1.0	0.0579754757571485	0.2191974060024365	0.5581771974196318	19
Reactome	REACTOME_RND3_GTPASE_CYCLE	0.9532019704433498	1.0	0.0574877409561325	0.2075770076710164	0.6380991891227097	41
Reactome	REACTOME_SIGNALING_BY_NOTCH1_HD_DOMAIN_MUTANTS_IN_CANCER	0.953924914675768	1.0	0.0405756447890656	-0.2437036024957872	-0.5702787243977315	15
Reactome	REACTOME_CELLULAR_HEXOSE_TRANSPORT	0.9543269230769232	1.0	0.0562940749700968	0.239610226607218	0.586612600556417	15
Reactome	REACTOME_SIGNALING_BY_ACTIVIN	0.9567307692307692	1.0	0.0561766586307175	0.2313661942988741	0.5748080150311239	16
Reactome	REACTOME_FLT3_SIGNALING_IN_DISEASE	0.956953642384106	1.0	0.0390355298112392	-0.225853248368447	-0.606239099332885	28
Reactome	REACTOME_SIGNALING_BY_ROBO_RECEPTORS	0.957203994293866	1.0	0.0319980480340633	-0.2118587525402338	-0.7697230743060929	197
Reactome	REACTOME_DOWNREGULATION_OF_ERBB2_ERBB3_SIGNALING	0.9574468085106383	1.0	0.0553642837725362	0.2275045537340619	0.5251867052403854	12
Reactome	REACTOME_POSITIVE_REGULATION_OF_CDH1_GENE_TRANSCRIPTION	0.9577464788732394	1.0	0.0550211117163116	0.2268105057336478	0.5141938994642781	11
Reactome	REACTOME_AKT_PHOSPHORYLATES_TARGETS_IN_THE_CYTOSOL	0.9583333333333334	1.0	0.0411544018789902	-0.2382336402538669	-0.5385053521676001	13
Reactome	REACTOME_TICAM1_DEPENDENT_ACTIVATION_OF_IRF3_IRF7	0.9583333333333334	1.0	0.0411544018789902	-0.2379272534436233	-0.5378127928087543	13
Reactome	REACTOME_SIGNALING_BY_NUCLEAR_RECEPTORS	0.9584487534626038	1.0	0.030489412629851	-0.2125539639835243	-0.7944798230144857	262
Reactome	REACTOME_SELECTIVE_AUTOPHAGY	0.9584615384615384	1.0	0.0355420211253901	-0.2159681844551398	-0.7025490076627577	82
Reactome	REACTOME_RAS_PROCESSING	0.9584717607973422	1.0	0.0391155247681458	-0.2252950020502073	-0.5772484810575652	23
Reactome	REACTOME_NUCLEAR_EVENTS_STIMULATED_BY_ALK_SIGNALING_IN_CANCER	0.9588815789473684	1.0	0.0386372373708599	-0.225384617487046	-0.6146450918532272	30
Reactome	REACTOME_RHOJ_GTPASE_CYCLE	0.9597855227882036	1.0	0.0611692626746688	0.2055593253695992	0.6562593272087979	53
Reactome	REACTOME_PROLONGED_ERK_ACTIVATION_EVENTS	0.9600694444444444	1.0	0.0410713282497467	-0.2360307846441094	-0.5335259985606002	13
Reactome	REACTOME_STING_MEDIATED_INDUCTION_OF_HOST_IMMUNE_RESPONSES	0.9607508532423208	1.0	0.0402477565068868	-0.2398264657511518	-0.5612060288183364	15
Reactome	REACTOME_SARS_COV_2_MODULATES_HOST_TRANSLATION_MACHINERY	0.9621621621621622	1.0	0.061436410720127	0.2104962410147775	0.6645322073623724	50
Reactome	REACTOME_INTERLEUKIN_35_SIGNALLING	0.9624413145539906	1.0	0.0547939500773362	0.2264468831109695	0.5133695437595737	11
Reactome	REACTOME_TICAM1_RIP1_MEDIATED_IKK_COMPLEX_RECRUITMENT	0.9626865671641792	1.0	0.0574877409561325	0.2139570901471325	0.5448329481830566	19
Reactome	REACTOME_REGULATION_OF_NF_KAPPA_B_SIGNALING	0.9636803874092008	1.0	0.0561766586307175	0.2163357976277382	0.5517918774227567	18
Reactome	REACTOME_BETA_CATENIN_PHOSPHORYLATION_CASCADE	0.9639423076923076	1.0	0.0558264717787489	0.2113869278068777	0.5331898084597434	17
Reactome	REACTOME_COOPERATION_OF_PREFOLDIN_AND_TRIC_CCT_IN_ACTIN_AND_TUBULIN_FOLDING	0.964467005076142	1.0	0.0583452776743612	0.2095339549330614	0.5964084625726919	30
Reactome	REACTOME_MATURATION_OF_DENV_PROTEINS	0.9648648648648648	1.0	0.0613026075396207	0.2078506846176664	0.6583768715203321	51
Reactome	REACTOME_ADENYLATE_CYCLASE_INHIBITORY_PATHWAY	0.9652777777777778	1.0	0.0408229003677775	-0.2493269918930112	-0.5498055619073898	11
Reactome	REACTOME_CELL_JUNCTION_ORGANIZATION	0.9653259361997226	1.0	0.0302041948644785	-0.2097830253403015	-0.7827447288396705	257
Reactome	REACTOME_CYTOCHROME_C_MEDIATED_APOPTOTIC_RESPONSE	0.9654576856649396	1.0	0.0405756447890656	-0.2310564663023679	-0.5183220669210661	12
Reactome	REACTOME_ZBP1_DAI_MEDIATED_INDUCTION_OF_TYPE_I_IFNS	0.9661016949152542	1.0	0.0560595875032334	0.2139473444474811	0.5456998247947481	18
Reactome	REACTOME_PROTEIN_FOLDING	0.9662058371735792	1.0	0.0350901099269349	-0.2095536388624621	-0.6892195503151417	88
Reactome	REACTOME_SIGNALING_BY_KIT_IN_DISEASE	0.9666666666666668	1.0	0.038875878582578	-0.2300473760932944	-0.5720287008254153	20
Reactome	REACTOME_PKA_ACTIVATION_IN_GLUCAGON_SIGNALLING	0.966903073286052	1.0	0.0549073703290958	0.2327625466800255	0.5552906031491642	14
Reactome	REACTOME_MATURATION_OF_SARS_COV_1_NUCLEOPROTEIN	0.9670138888888888	1.0	0.0407403526717903	-0.2462532527023441	-0.543027479478165	11
Reactome	REACTOME_FORMATION_OF_APOPTOSOME	0.9685863874345548	1.0	0.0409055783172034	-0.2310354248246972	-0.5021525701595281	10
Reactome	REACTOME_NOTCH4_ACTIVATION_AND_TRANSMISSION_OF_SIGNAL_TO_THE_NUCLEUS	0.96875	1.0	0.0406579344155556	-0.2436592140612904	-0.5373072128442741	11
Reactome	REACTOME_SYNTHESIS_OF_PIPS_AT_THE_EARLY_ENDOSOME_MEMBRANE	0.96875	1.0	0.0555947097758868	0.218391328110767	0.5425731541799912	16
Reactome	REACTOME_REGULATION_OF_CDH1_POSTTRANSLATIONAL_PROCESSING_AND_TRAFFICKING_TO_PLASMA_MEMBRANE	0.9696202531645568	1.0	0.0579754757571485	0.2003922993845019	0.5834207914315171	32
Reactome	REACTOME_SIGNALING_BY_NTRK2_TRKB	0.9697732997481108	1.0	0.0577308549299812	0.2036143251972669	0.5525394630959397	24
Reactome	REACTOME_DISORDERS_OF_TRANSMEMBRANE_TRANSPORTERS	0.96996996996997	1.0	0.0661326204758439	0.208809819415252	0.7841932696570353	148
Reactome	REACTOME_CELLULAR_RESPONSE_TO_HYPOXIA	0.9702702702702702	1.0	0.0610363728309177	0.2027695416026128	0.6632175447704125	61
Reactome	REACTOME_DISEASES_ASSOCIATED_WITH_GLYCOSYLATION_PRECURSOR_BIOSYNTHESIS	0.9709897610921502	1.0	0.0397596475087899	-0.2269539078156313	-0.5393772625322577	16
Reactome	REACTOME_PROCESSING_OF_SMDT1	0.9709897610921502	1.0	0.0397596475087899	-0.2229357380334289	-0.5216808738416924	15
Reactome	REACTOME_CREB1_PHOSPHORYLATION_THROUGH_NMDA_RECEPTOR_MEDIATED_ACTIVATION_OF_RAS_SIGNALING	0.9717138103161398	1.0	0.0385579101998489	-0.2139187736765182	-0.5570914300425513	25
Reactome	REACTOME_SPRY_REGULATION_OF_FGF_SIGNALING	0.9735576923076924	1.0	0.0553642837725362	0.2113773000546547	0.525147447038444	16
Reactome	REACTOME_AEROBIC_RESPIRATION_AND_RESPIRATORY_ELECTRON_TRANSPORT	0.9736477115117892	1.0	0.029777461260706	-0.2060850711924847	-0.7641877213596847	235
Reactome	REACTOME_ADVANCED_GLYCOSYLATION_ENDPRODUCT_RECEPTOR_SIGNALING	0.9739952718676124	1.0	0.054568064667094	0.2003551226218333	0.4625131453447471	12
Reactome	REACTOME_INTRACELLULAR_SIGNALING_BY_SECOND_MESSENGERS	0.975	1.0	0.029777461260706	-0.2049144006188706	-0.7677637707392869	276
Reactome	REACTOME_RESPIRATORY_SYNCYTIAL_VIRUS_INFECTION_PATHWAY	0.9755351681957186	1.0	0.0344174840212229	-0.2064186365257435	-0.6943836181115391	103
Reactome	REACTOME_NRAGE_SIGNALS_DEATH_THROUGH_JNK	0.976303317535545	1.0	0.0359208664409424	-0.2167103769077277	-0.6626043005347519	54
Reactome	REACTOME_LISTERIA_MONOCYTOGENES_ENTRY_INTO_HOST_CELLS	0.9766666666666668	1.0	0.0383995813369433	-0.2133869143163391	-0.5293946997096662	19
Reactome	REACTOME_REGULATION_OF_TP53_ACTIVITY_THROUGH_METHYLATION	0.9776119402985076	1.0	0.0567672387487446	0.2057467448251562	0.5239256408145692	19
Reactome	REACTOME_SYNTHESIS_OF_PIPS_AT_THE_PLASMA_MEMBRANE	0.9783783783783784	1.0	0.060640400949416	0.1997765204400713	0.6328015747097159	51
Reactome	REACTOME_ENERGY_DEPENDENT_REGULATION_OF_MTOR_BY_LKB1_AMPK	0.9784768211920528	1.0	0.0380056241581376	-0.2105891167987331	-0.5652668598731011	28
Reactome	REACTOME_ASYMMETRIC_LOCALIZATION_OF_PCP_PROTEINS	0.9794303797468354	1.0	0.0358449292332648	-0.2082597396873461	-0.6283613181351937	51
Reactome	REACTOME_GENE_AND_PROTEIN_EXPRESSION_BY_JAK_STAT_SIGNALING_AFTER_INTERLEUKIN_12_STIMULATION	0.979746835443038	1.0	0.0574877409561325	0.1914896359380508	0.5575016370042755	32
Reactome	REACTOME_RAF_ACTIVATION	0.9802306425041186	1.0	0.0376923295943841	-0.2129899726526891	-0.5867779200187149	32
Reactome	REACTOME_SARS_COV_1_MODULATES_HOST_TRANSLATION_MACHINERY	0.9804241435562806	1.0	0.0372254009247508	-0.2119859220231133	-0.598207266847985	36
Reactome	REACTOME_RAB_GERANYLGERANYLATION	0.981012658227848	1.0	0.0357690767485421	-0.2076585203105999	-0.6436476439970323	61
Reactome	REACTOME_BIOSYNTHESIS_OF_THE_N_GLYCAN_PRECURSOR_DOLICHOL_LIPID_LINKED_OLIGOSACCHARIDE_LLO_AND_TRANSFER_TO_A_NASCENT_PROTEIN	0.9815668202764976	1.0	0.0343431191135614	-0.2069186640479199	-0.6620915741248293	75
Reactome	REACTOME_JNK_C_JUN_KINASES_PHOSPHORYLATION_AND_ACTIVATION_MEDIATED_BY_ACTIVATED_HUMAN_TAK1	0.9817275747508306	1.0	0.0380056241581376	-0.2112815994915455	-0.5334145705544492	22
Reactome	REACTOME_SMAD2_SMAD3_SMAD4_HETEROTRIMER_REGULATES_TRANSCRIPTION	0.982367758186398	1.0	0.0571258510018113	0.1876287420927201	0.5551668012909688	34
Reactome	REACTOME_CHAPERONE_MEDIATED_AUTOPHAGY	0.9825870646766168	1.0	0.0565299525056311	0.2004201869210764	0.5153953722612127	20
Reactome	REACTOME_SYNTHESIS_OF_IP2_IP_AND_INS_IN_THE_CYTOSOL	0.9827288428324698	1.0	0.0397596475087899	-0.2075325621641315	-0.4780172419757355	14
Reactome	REACTOME_SUMOYLATION_OF_TRANSCRIPTION_FACTORS	0.9830508474576272	1.0	0.0552495663125249	0.2006930707177265	0.5118931193608127	18
Reactome	REACTOME_RIP_MEDIATED_NFKB_ACTIVATION_VIA_ZBP1	0.9831730769230768	1.0	0.0549073703290958	0.2139181126747734	0.5237132912026106	15
Reactome	REACTOME_SIGNALING_BY_CTNNB1_PHOSPHO_SITE_MUTANTS	0.9831730769230768	1.0	0.0549073703290958	0.2113676731793961	0.5174693175370055	15
Reactome	REACTOME_DOWNSTREAM_SIGNAL_TRANSDUCTION	0.9834437086092715	1.0	0.037770500132479	-0.2036469488114686	-0.5466325754498325	28
Reactome	REACTOME_E3_UBIQUITIN_LIGASES_UBIQUITINATE_TARGET_PROTEINS	0.983957219251337	1.0	0.0598603117764472	0.1968720019169616	0.6282616254438645	52
Reactome	REACTOME_PRE_NOTCH_PROCESSING_IN_GOLGI	0.9847198641765704	1.0	0.038875878582578	-0.2037662920653123	-0.4994182883215267	18
Reactome	REACTOME_CDC42_GTPASE_CYCLE	0.9848714069591528	1.0	0.0334561741060507	-0.2016340351383686	-0.7013658257643771	143
Reactome	REACTOME_COMPLEX_III_ASSEMBLY	0.985	1.0	0.0566484183613995	0.2001457925190213	0.5349807949946594	23
Reactome	REACTOME_NEGATIVE_REGULATORS_OF_DDX58_IFIH1_SIGNALING	0.9851239669421488	1.0	0.037614259956216	-0.2102681133927758	-0.5862652761233004	34
Reactome	REACTOME_GLYCOGEN_BREAKDOWN_GLYCOGENOLYSIS	0.9855769230769232	1.0	0.0547939500773362	0.2077607696350901	0.5086389136847114	15
Reactome	REACTOME_PROTEIN_METHYLATION	0.9863481228668942	1.0	0.0390355298112392	-0.2117968572079253	-0.5075311539185144	17
Reactome	REACTOME_DEGRADATION_OF_CRY_AND_PER_PROTEINS	0.9864864864864864	1.0	0.0602484086158019	0.1927111840904944	0.6042450705259634	48
Reactome	REACTOME_SIGNALING_BY_SCF_KIT	0.9865771812080536	1.0	0.0382416816260773	-0.1980636663466151	-0.5674332620298651	41
Reactome	REACTOME_MITOCHONDRIAL_CALCIUM_ION_TRANSPORT	0.9867109634551496	1.0	0.037770500132479	-0.2031890660592255	-0.5129836610200329	22
Reactome	REACTOME_DOWNREGULATION_OF_ERBB2_SIGNALING	0.9871794871794872	1.0	0.0577308549299812	0.1961370724028467	0.5424007668221076	26
Reactome	REACTOME_TP53_REGULATES_TRANSCRIPTION_OF_CELL_DEATH_GENES	0.9872448979591836	1.0	0.0574877409561325	0.1833931584001867	0.5661283776690945	42
Reactome	REACTOME_SYNTHESIS_OF_GLYCOSYLPHOSPHATIDYLINOSITOL_GPI	0.9878934624697336	1.0	0.0550211117163116	0.1978728041146426	0.5046996718555312	18
Reactome	REACTOME_REGULATION_OF_BACH1_ACTIVITY	0.988262910798122	1.0	0.053566938477095	0.1923865033468421	0.4361524879115621	11
Reactome	REACTOME_REGULATION_OF_LOCALIZATION_OF_FOXO_TRANSCRIPTION_FACTORS	0.988262910798122	1.0	0.053566938477095	0.1940963215401644	0.4400287549361231	11
Reactome	REACTOME_TRANSLATION_OF_SARS_COV_1_STRUCTURAL_PROTEINS	0.9884488448844884	1.0	0.0373806494758473	-0.1984303256014917	-0.5342684195419903	29
Reactome	REACTOME_DISEASES_OF_SIGNAL_TRANSDUCTION_BY_GROWTH_FACTOR_RECEPTORS_AND_SECOND_MESSENGERS	0.9884615384615384	1.0	0.024919740580511	-0.1986856718207311	-0.7712530329785873	417
Reactome	REACTOME_RIPK1_MEDIATED_REGULATED_NECROSIS	0.9884678747940692	1.0	0.0373029764832678	-0.1940435076297502	-0.5345812499153956	32
Reactome	REACTOME_DEGRADATION_OF_GLI1_BY_THE_PROTEASOME	0.9885245901639343	1.0	0.037070539365762	-0.2001641811465316	-0.5896531545215259	45
Reactome	REACTOME_TP53_REGULATES_TRANSCRIPTION_OF_DEATH_RECEPTORS_AND_LIGANDS	0.9896373056994818	1.0	0.0394366509525592	-0.2120959150556022	-0.4757884288478274	12
Reactome	REACTOME_REGULATION_OF_RUNX3_EXPRESSION_AND_ACTIVITY	0.9897959183673468	1.0	0.0573667426768555	0.1860313643324932	0.5828709464815613	45
Reactome	REACTOME_PD_L1_CD274_GLYCOSYLATION_AND_TRANSLOCATION_TO_PLASMA_MEMBRANE	0.99	1.0	0.037770500132479	-0.1863071106454698	-0.4622120208726497	19
Reactome	REACTOME_RHOU_GTPASE_CYCLE	0.990228013029316	1.0	0.0366850427613442	-0.1872065186863482	-0.539306668275749	40
Reactome	REACTOME_ASPARAGINE_N_LINKED_GLYCOSYLATION	0.9904109589041096	1.0	0.0282923737721473	-0.1964149496050685	-0.7389181302917508	292
Reactome	REACTOME_TRANSLOCATION_OF_SLC2A4_GLUT4_TO_THE_PLASMA_MEMBRANE	0.9906103286384976	1.0	0.0347904098478035	-0.1896268427249426	-0.5967582810785532	66
Reactome	REACTOME_SIGNALING_BY_INTERLEUKINS	0.9908256880733946	1.0	0.0259735747969448	-0.1958417717829748	-0.7551435634162933	378
Reactome	REACTOME_TOLL_LIKE_RECEPTOR_CASCADES	0.9911894273127754	1.0	0.0317090865085552	-0.1926442685949836	-0.6825288032425013	156
Reactome	REACTOME_RAC2_GTPASE_CYCLE	0.9915730337078652	1.0	0.0618406035753284	0.1928848183118831	0.6647952614575674	83
Reactome	REACTOME_CELL_CELL_COMMUNICATION	0.9916897506925209	1.0	0.0287861460642092	-0.1987287728066169	-0.746385715331839	286
Reactome	REACTOME_APOPTOTIC_CLEAVAGE_OF_CELLULAR_PROTEINS	0.9918166939443536	1.0	0.0368389606870505	-0.1951208510996873	-0.5525727764791305	37
Reactome	REACTOME_TRANSCRIPTIONAL_ACTIVITY_OF_SMAD2_SMAD3_SMAD4_HETEROTRIMER	0.991891891891892	1.0	0.0599892496490329	0.1752022934634869	0.5493460209369188	48
Reactome	REACTOME_NOTCH_HLH_TRANSCRIPTION_PATHWAY	0.9922279792746114	1.0	0.0579754757571485	0.1763043973570289	0.4905104406689377	27
Reactome	REACTOME_TRANSCRIPTIONAL_REGULATION_BY_RUNX3	0.9923076923076924	1.0	0.0338984188001937	-0.1863677830221828	-0.6069089165191844	84
Reactome	REACTOME_DEUBIQUITINATION	0.9927797833935018	1.0	0.0741758965588009	0.1955025234447605	0.7901738178562412	243
Reactome	REACTOME_TETRAHYDROBIOPTERIN_BH4_SYNTHESIS_RECYCLING_SALVAGE_AND_REGULATION	0.9930191972076788	1.0	0.0397596475087899	-0.1941535379291503	-0.4219902560426148	10
Reactome	REACTOME_REGULATION_OF_PYRUVATE_DEHYDROGENASE_PDH_COMPLEX	0.993091537132988	1.0	0.0392758570896777	-0.189661977080798	-0.4368552782581007	14
Reactome	REACTOME_ESR_MEDIATED_SIGNALING	0.9932432432432432	1.0	0.0707899094502623	0.1868574922243611	0.7320984859365891	192
Reactome	REACTOME_CO_INHIBITION_BY_PD_1	0.9933333333333332	1.0	0.070113215764256	0.1857601250046446	0.7286491745182575	193
Reactome	REACTOME_EXPRESSION_OF_BMAL_ARNTL_CLOCK_AND_NPAS2	0.993388429752066	1.0	0.0372254009247508	-0.1868799311318368	-0.5210548221462944	34
Reactome	REACTOME_CA_DEPENDENT_EVENTS	0.993421052631579	1.0	0.036993251998507	-0.1843721303496528	-0.5111169796710271	33
Reactome	REACTOME_CO_STIMULATION_BY_CD28	0.9934426229508196	1.0	0.0368389606870505	-0.199612419048381	-0.5766059520675212	42
Reactome	REACTOME_DEGRADATION_OF_AXIN	0.9934426229508196	1.0	0.0368389606870505	-0.2001367989056087	-0.5781206902199032	42
Reactome	REACTOME_TOLL_LIKE_RECEPTOR_TLR1_TLR2_CASCADE	0.9942196531791908	1.0	0.0630790410571939	0.1936580902407886	0.6916506785188102	106
Reactome	REACTOME_REGULATION_OF_PD_L1_CD274_POST_TRANSLATIONAL_MODIFICATION	0.99438202247191	1.0	0.0617054053637522	0.1838366302709123	0.6336098494222447	83
Reactome	REACTOME_REGULATION_OF_PTEN_GENE_TRANSCRIPTION	0.994535519125683	1.0	0.0603786357920401	0.1958705228384817	0.6337591358862267	59
Reactome	REACTOME_CYTOSOLIC_SENSORS_OF_PATHOGEN_ASSOCIATED_DNA	0.9946380697050938	1.0	0.059476028695732	0.1901560561337436	0.6197079152343258	60
Reactome	REACTOME_TRAF6_MEDIATED_IRF7_ACTIVATION_IN_TLR7_8_OR_9_SIGNALING	0.9947916666666666	1.0	0.0394366509525592	-0.1941617805438468	-0.4388849446192157	13
Reactome	REACTOME_GAP_JUNCTION_DEGRADATION	0.9948186528497408	1.0	0.0391956336118146	-0.1857923497267759	-0.4167824266925403	12
Reactome	REACTOME_FBXL7_DOWN_REGULATES_AURKA_DURING_MITOTIC_ENTRY_AND_IN_EARLY_MITOSIS	0.9948979591836736	1.0	0.0571258510018113	0.1569392566143524	0.484466091945481	42
Reactome	REACTOME_MATURATION_OF_SARS_COV_2_SPIKE_PROTEIN	0.995114006514658	1.0	0.0364548541965308	-0.1622075056889972	-0.4672892272999253	40
Reactome	REACTOME_P75_NTR_RECEPTOR_MEDIATED_SIGNALLING	0.9953917050691244	1.0	0.0336769978828607	-0.183204369646801	-0.6025571016049577	88
Reactome	REACTOME_INTERFERON_SIGNALING	0.9963898916967509	1.0	0.0739901439101341	0.188524739478309	0.7669745234872648	258
Reactome	REACTOME_RUNX3_REGULATES_P14_ARF	0.9965095986038396	1.0	0.0395979123961192	-0.1855758147898748	-0.4033466834226483	10
Reactome	REACTOME_TP53_REGULATES_TRANSCRIPTION_OF_CASPASE_ACTIVATORS_AND_CASPASES	0.9965277777777778	1.0	0.039356195952129	-0.1860708558875418	-0.4103157492059187	11
Reactome	REACTOME_MTORC1_MEDIATED_SIGNALLING	0.996694214876033	1.0	0.037070539365762	-0.177556041552761	-0.4610009335700593	24
Reactome	REACTOME_TOLL_LIKE_RECEPTOR_9_TLR9_CASCADE	0.9969418960244648	1.0	0.0333826959919392	-0.1902612234520666	-0.6402482329728506	105
Reactome	REACTOME_UNFOLDED_PROTEIN_RESPONSE_UPR	0.9971181556195964	1.0	0.0628003977812234	0.1794275292020993	0.628648990035508	90
Reactome	REACTOME_MITOCHONDRIAL_BIOGENESIS	0.9971509971509972	1.0	0.062249042949858	0.1732495399229658	0.6039110319621521	88
Reactome	REACTOME_ADHERENS_JUNCTIONS_INTERACTIONS	0.9971711456859972	1.0	0.029564549730893	-0.1884995582706702	-0.6884456118382426	208
Reactome	REACTOME_REGULATION_OF_RAS_BY_GAPS	0.9972375690607734	1.0	0.0607719451853532	0.17392891362869	0.5558098007467931	55
Reactome	REACTOME_SIGNALING_BY_ERBB2	0.9974025974025974	1.0	0.0578529757032509	0.1403652918875216	0.4404980730513255	47
Reactome	REACTOME_MTOR_SIGNALLING	0.9974226804123713	1.0	0.0574877409561325	0.1715719944494895	0.5194614821760358	40
Reactome	REACTOME_RHOF_GTPASE_CYCLE	0.9974226804123713	1.0	0.0574877409561325	0.1731970611422426	0.5243816298700754	40
Reactome	REACTOME_TRANSCRIPTIONAL_REGULATION_BY_VENTX	0.9974424552429668	1.0	0.0571258510018113	0.1708609166477676	0.5133600260999727	37
Reactome	REACTOME_CONSTITUTIVE_SIGNALING_BY_AKT1_E17K_IN_CANCER	0.9975062344139652	1.0	0.0559428593065705	0.1598931766369393	0.4384718700038574	25
Reactome	REACTOME_INFECTION_WITH_MYCOBACTERIUM_TUBERCULOSIS	0.9975062344139652	1.0	0.0559428593065705	0.1659907960085661	0.4551932500194653	25
Reactome	REACTOME_CO_INHIBITION_BY_CTLA4	0.997596153846154	1.0	0.054231593549584	0.1669321971063315	0.4210598409481833	17
Reactome	REACTOME_SUPPRESSION_OF_PHAGOSOMAL_MATURATION	0.9976525821596244	1.0	0.0531298054705469	0.1668108748121499	0.3899730049610955	13
Reactome	REACTOME_DISASSEMBLY_OF_THE_DESTRUCTION_COMPLEX_AND_RECRUITMENT_OF_AXIN_TO_THE_MEMBRANE	0.9983443708609272	1.0	0.037070539365762	-0.1436043675938843	-0.3854652660490472	28
Reactome	REACTOME_EPHB_MEDIATED_FORWARD_SIGNALING	0.9983606557377048	1.0	0.0366082221336689	-0.1591657258585708	-0.459770515946481	42
Reactome	REACTOME_HH_MUTANTS_ABROGATE_LIGAND_SECRETION	0.99836867862969	1.0	0.0363783055518277	-0.1552494755085287	-0.4585101777910501	46
Reactome	REACTOME_MITOPHAGY	0.9983818770226536	1.0	0.0359968890245889	-0.1499576429787491	-0.4306256326043005	39
Reactome	REACTOME_TBC_RABGAPS	0.9983818770226536	1.0	0.0359968890245889	-0.1632436893112608	-0.4764386376361919	43
Reactome	REACTOME_IRE1ALPHA_ACTIVATES_CHAPERONES	0.9984177215189872	1.0	0.0349401058848477	-0.1700820193826452	-0.5104456929905347	49
Reactome	REACTOME_METABOLISM_OF_WATER_SOLUBLE_VITAMINS_AND_COFACTORS	0.998447204968944	1.0	0.0340463727579649	-0.1829016374594617	-0.6199232922203701	118
Reactome	REACTOME_MYD88_INDEPENDENT_TLR4_CASCADE	0.9984756097560976	1.0	0.0331626424471441	-0.1870252332507728	-0.630141091268208	106
Reactome	REACTOME_RAC1_GTPASE_CYCLE	0.998567335243553	1.0	0.0301329841082955	-0.1846216913565004	-0.662676549165636	170
Reactome	REACTOME_ABC_FAMILY_PROTEINS_MEDIATED_TRANSPORT	1.0	1.0	0.0334561741060507	-0.1634337512775019	-0.5375317611913558	88
Reactome	REACTOME_ABC_TRANSPORTER_DISORDERS	1.0	1.0	0.0598603117764472	0.1464986714208777	0.4833856262431337	64
Reactome	REACTOME_ACTIVATION_OF_THE_MRNA_UPON_BINDING_OF_THE_CAP_BINDING_COMPLEX_AND_EIFS_AND_SUBSEQUENT_BINDING_TO_43S	1.0	1.0	0.0345664322063509	-0.1569388034500068	-0.484175574276054	59
Reactome	REACTOME_ADIPOGENESIS	1.0	1.0	0.0336769978828607	-0.1332673215457839	-0.4458092391626402	100
Reactome	REACTOME_ANTIGEN_PROCESSING_CROSS_PRESENTATION	1.0	1.0	0.062249042949858	0.1599979789363726	0.5588278529829631	89
Reactome	REACTOME_ANTIGEN_PROCESSING_UBIQUITINATION_PROTEASOME_DEGRADATION	1.0	1.0	0.0736212741014394	0.1618225657739122	0.6629441260075507	278
Reactome	REACTOME_APOPTOSIS	1.0	1.0	0.0304180507344859	-0.1271887189796281	-0.4536440017454139	161
Reactome	REACTOME_CELLULAR_RESPONSE_TO_STARVATION	1.0	1.0	0.0314209215415832	-0.1264432640817128	-0.4458778463654588	151
Reactome	REACTOME_CELL_DEATH_SIGNALLING_VIA_NRAGE_NRIF_AND_NADE	1.0	1.0	0.0339723613634992	-0.1734623875056185	-0.5506832299957851	71
Reactome	REACTOME_CIRCADIAN_CLOCK	1.0	1.0	0.0625237414724761	0.1827023563913455	0.6514507813997045	105
Reactome	REACTOME_CLASS_I_MHC_MEDIATED_ANTIGEN_PROCESSING_PRESENTATION	1.0	1.0	0.0808589150280032	0.1396116704141698	0.5823650269636601	347
Reactome	REACTOME_CLEC7A_DECTIN_1_SIGNALING	1.0	1.0	0.0335297167141207	-0.1444151836048319	-0.469785603786859	82
Reactome	REACTOME_DAG_AND_IP3_SIGNALING	1.0	1.0	0.0570059526582387	0.1282325199173486	0.3852809118854475	37
Reactome	REACTOME_DDX58_IFIH1_MEDIATED_INDUCTION_OF_INTERFERON_ALPHA_BETA	1.0	1.0	0.0598603117764472	0.1265320754288185	0.417504035550498	64
Reactome	REACTOME_DEATH_RECEPTOR_SIGNALING	1.0	1.0	0.0327241935806629	-0.1403402682041446	-0.4881609795164189	143
Reactome	REACTOME_DEGRADATION_OF_BETA_CATENIN_BY_THE_DESTRUCTION_COMPLEX	1.0	1.0	0.0340463727579649	-0.1306521951052624	-0.415430403320511	72
Reactome	REACTOME_DISEASES_ASSOCIATED_WITH_N_GLYCOSYLATION_OF_PROTEINS	1.0	1.0	0.0373029764832678	-0.1738793731778425	-0.4323630794159625	20
Reactome	REACTOME_DOWNSTREAM_SIGNALING_EVENTS_OF_B_CELL_RECEPTOR_BCR	1.0	1.0	0.0605092988656666	0.1516793507815115	0.5020531673239557	66
Reactome	REACTOME_EUKARYOTIC_TRANSLATION_INITIATION	1.0	1.0	0.0625237414724761	0.1489657473995853	0.543219665792691	117
Reactome	REACTOME_FLT3_SIGNALING	1.0	1.0	0.05688641604757	0.1270456306696449	0.3789738374303857	35
Reactome	REACTOME_FORMATION_OF_PARAXIAL_MESODERM	1.0	1.0	0.0592219193803819	0.1822922924159111	0.581978058942919	53
Reactome	REACTOME_GLYCOGEN_METABOLISM	1.0	1.0	0.0369160593316848	-0.1508158456630006	-0.3915735282211811	24
Reactome	REACTOME_GOLGI_ASSOCIATED_VESICLE_BIOGENESIS	1.0	1.0	0.034641016741325	-0.1269756865969868	-0.3885982353742955	56
Reactome	REACTOME_G_PROTEIN_MEDIATED_EVENTS	1.0	1.0	0.0596037042575972	0.1348858759240205	0.4241255890291919	49
Reactome	REACTOME_HEDGEHOG_OFF_STATE	1.0	1.0	0.0628003977812234	0.1237997932385316	0.435292443025436	92
Reactome	REACTOME_INTERLEUKIN_12_SIGNALING	1.0	1.0	0.037614259956216	-0.1322793944508446	-0.3789676808325968	41
Reactome	REACTOME_INTERLEUKIN_1_SIGNALING	1.0	1.0	0.0330894161454376	-0.114452875034281	-0.3810258247669769	94
Reactome	REACTOME_INTERLEUKIN_3_INTERLEUKIN_5_AND_GM_CSF_SIGNALING	1.0	1.0	0.0578529757032509	0.1776734249433088	0.5320873684113596	39
Reactome	REACTOME_INTRINSIC_PATHWAY_FOR_APOPTOSIS	1.0	1.0	0.0350901099269349	-0.1246718447699526	-0.3788017142429155	53
Reactome	REACTOME_KEAP1_NFE2L2_PATHWAY	1.0	1.0	0.0613026075396207	0.1484737314903793	0.5365012154202352	109
Reactome	REACTOME_MAPK6_MAPK4_SIGNALING	1.0	1.0	0.0334561741060507	-0.1190208239477356	-0.3808389399949957	75
Reactome	REACTOME_MITF_M_REGULATED_MELANOCYTE_DEVELOPMENT	1.0	1.0	0.0630790410571939	0.1897840499446526	0.7147625785434619	142
Reactome	REACTOME_MITOCHONDRIAL_PROTEIN_DEGRADATION	1.0	1.0	0.0626618230932491	0.1537054633077403	0.5385281996639134	90
Reactome	REACTOME_NEDDYLATION	1.0	1.0	0.0716527366829456	0.1399693105251588	0.5596538649856834	220
Reactome	REACTOME_NEGATIVE_REGULATION_OF_MET_ACTIVITY	1.0	1.0	0.0373029764832678	-0.1558483087694921	-0.3866463362367819	19
Reactome	REACTOME_NONSENSE_MEDIATED_DECAY_NMD	1.0	1.0	0.0617054053637522	0.1519810125311756	0.5530639669355456	113
Reactome	REACTOME_NUCLEAR_EVENTS_MEDIATED_BY_NFE2L2	1.0	1.0	0.0335297167141207	-0.1671472758751225	-0.5443171048959108	84
Reactome	REACTOME_PI_METABOLISM	1.0	1.0	0.0334561741060507	-0.1121291098400216	-0.3632977473301457	81
Reactome	REACTOME_PROGRAMMED_CELL_DEATH	1.0	1.0	0.0296354881939192	-0.1384480907803544	-0.5023339713764776	190
Reactome	REACTOME_PROTEIN_LOCALIZATION	1.0	1.0	0.0306322550486472	-0.1527537959827544	-0.5442693470212047	162
Reactome	REACTOME_PTEN_REGULATION	1.0	1.0	0.0630790410571939	0.1708511898469911	0.6266237674264827	123
Reactome	REACTOME_RAB_GEFS_EXCHANGE_GTP_FOR_GDP_ON_RABS	1.0	1.0	0.0613026075396207	0.1242653289529779	0.4310835370099493	85
Reactome	REACTOME_RAB_REGULATION_OF_TRAFFICKING	1.0	1.0	0.0332359307785382	-0.1110090997817908	-0.3778151437725567	117
Reactome	REACTOME_REGULATION_OF_CDH1_FUNCTION	1.0	1.0	0.0605092988656666	0.1718924795620008	0.5550533220455298	58
Reactome	REACTOME_REGULATION_OF_EXPRESSION_OF_SLITS_AND_ROBOS	1.0	1.0	0.0313490001730997	-0.1142191625745981	-0.4041010651279028	155
Reactome	REACTOME_REGULATION_OF_PYRUVATE_METABOLISM	1.0	1.0	0.0565299525056311	0.1328052580312185	0.3866483342165424	32
Reactome	REACTOME_REGULATION_OF_RUNX1_EXPRESSION_AND_ACTIVITY	1.0	1.0	0.0383995813369433	-0.173550324515599	-0.415880564166552	17
Reactome	REACTOME_REGULATION_OF_T_CELL_ACTIVATION_BY_CD28_FAMILY	1.0	1.0	0.0732558655828454	0.1495302426109959	0.6040401061876212	237
Reactome	REACTOME_RESPONSE_OF_EIF2AK4_GCN2_TO_AMINO_ACID_DEFICIENCY	1.0	1.0	0.0629394692018967	0.1386111780003611	0.4895117755230918	99
Reactome	REACTOME_RESPONSE_OF_MTB_TO_PHAGOCYTOSIS	1.0	1.0	0.0559428593065705	0.1659756708733882	0.4436455807342464	23
Reactome	REACTOME_RHOA_GTPASE_CYCLE	1.0	1.0	0.0619762736001997	0.1554561145016917	0.5866028879730324	141
Reactome	REACTOME_RHOH_GTPASE_CYCLE	1.0	1.0	0.05688641604757	0.1377220708705643	0.4108213830068208	35
Reactome	REACTOME_RHO_GTPASE_CYCLE	1.0	1.0	0.024285888595648	-0.1191036426623589	-0.4627550587918865	422
Reactome	REACTOME_RIBOSOME_ASSOCIATED_QUALITY_CONTROL	1.0	1.0	0.0630790410571939	0.1587009485971932	0.5976977478861064	142
Reactome	REACTOME_RORA_B_C_AND_NR1D1_REV_ERBA_REGULATE_GENE_EXPRESSION	1.0	1.0	0.0558264717787489	0.1438310190032225	0.3944249354061152	25
Reactome	REACTOME_SARS_COV_1_HOST_INTERACTIONS	1.0	1.0	0.0626618230932491	0.1013618499223105	0.3551351616173607	90
Reactome	REACTOME_SARS_COV_1_INFECTION	1.0	1.0	0.0325057651164641	-0.1284105360984117	-0.4443610624587693	134
Reactome	REACTOME_SARS_COV_2_INFECTION	1.0	1.0	0.0741758965588009	0.1308253895853546	0.5354585699810593	273
Reactome	REACTOME_SELENOAMINO_ACID_METABOLISM	1.0	1.0	0.0336033244336697	-0.1237664453268995	-0.4198865964641509	114
Reactome	REACTOME_SIGNALING_BY_ALK_IN_CANCER	1.0	1.0	0.0338984188001937	-0.153671372856553	-0.5012046872629594	85
Reactome	REACTOME_SIGNALING_BY_NOTCH	1.0	1.0	0.029564549730893	-0.1663547578717316	-0.6067080600435875	206
Reactome	REACTOME_SIGNALING_BY_PTK6	1.0	1.0	0.0596037042575972	0.1597093408310704	0.5021787328689402	49
Reactome	REACTOME_SRP_DEPENDENT_COTRANSLATIONAL_PROTEIN_TARGETING_TO_MEMBRANE	1.0	1.0	0.0338245444462164	-0.1827238435329797	-0.6155760840187527	110
Reactome	REACTOME_TGF_BETA_RECEPTOR_SIGNALING_IN_EMT_EPITHELIAL_TO_MESENCHYMAL_TRANSITION	1.0	1.0	0.0383995813369433	-0.1546703592404868	-0.3675886252189431	16
Reactome	REACTOME_TNF_SIGNALING	1.0	1.0	0.060640400949416	0.1217504398467961	0.3890675006258408	55
Reactome	REACTOME_TRANSCRIPTIONAL_REGULATION_OF_WHITE_ADIPOCYTE_DIFFERENTIATION	1.0	1.0	0.0327971189467838	-0.1323660387663378	-0.4275106198702508	78
Reactome	REACTOME_TRANSLATION_OF_SARS_COV_2_STRUCTURAL_PROTEINS	1.0	1.0	0.0350901099269349	-0.1037047409965332	-0.3205928400761889	60
Reactome	REACTOME_UCH_PROTEINASES	1.0	1.0	0.061436410720127	0.1610822105126187	0.555184649528749	83
