gene	TNT RNA 5	TNT RNA 6	TNT RNA 11	TNT RNA 12	TNT RNA 41	TNT RNA 42	TNT RNA 29	TNT RNA 30	TNT RNA 32	TNT RNA 33	TNT RNA 38	TNT RNA 39
A2M	-0.0828594551376611	1.9752093422487236	-0.2655109312760745	0.2599101706414976	-0.18377424214893487	-0.1216944886996861	-0.18233474460600782	0.5268673586146275	-2.041039080467677	0.7635267773265622	0.8237291590540297	-1.472029865549406
ABCB1	0.8228163857534984	-0.7940620183754538	-0.6662848139251288	-0.009757896626807898	-0.801123857855793	0.34872663338070276	0.9378605383543325	1.9257277717891434	-1.533348278180689	0.526818793328539	0.616674206930985	-1.374047464573332
ABL1	-0.48674489981547914	2.3815337194164763	1.1955574191816751	0.776771077132702	-0.4677129453779089	-0.3271022722391785	-1.0275176557877859	-1.2158574436955378	0.5490140840584993	-0.04843724408319563	-0.7397175283237364	-0.5897863104665637
ADA	0.8925345030665456	0.7696612588783176	0.4389368489294858	1.1840059432999992	-0.3275723379291273	-0.8635362012556237	-0.17629272006157695	-0.5584315180751114	-0.20923019637284157	-0.4301157010557236	-2.2747380027528776	1.554778123328527
ADORA2A	-1.0506603396565373	1.010007321526799	-0.3665494877930544	1.5088797592903584	-0.09483094349421725	0.12890960556754588	-0.8286633805109958	-1.4537783498815655	-0.8073428027510972	0.09285604205643168	-0.12930757460654618	1.9904801502528773
AICDA	-0.026738983415752333	1.1708395444792772	-0.12132696372373396	0.5478605727231433	-0.1584108790010299	0.6086567319702774	-2.1916148824757853	0.9371380962150073	-1.4206227415268946	0.2529741491418664	-0.8176906110622892	1.2189359666759294
AIRE	-0.5250572885703028	-0.4442577013724581	-1.1204051140230245	-0.007557288276373758	1.939656133396528	1.7045105476143676	-0.6445043868722127	-0.723296003372464	0.24429561473990855	-0.566061860123914	-0.9952294868135071	1.1379068336734537
AKT3	-1.0071641428492568	2.5146750042882884	-0.2854541753855259	0.5074725163730325	-0.5566691110056307	0.16040532966398294	-0.21582294738850213	-0.47328118520498813	-1.540340498561446	-0.2878919395645871	0.0627484537038626	1.1213226959307885
ALCAM	-1.5228332205796473	-0.3868050502790991	0.048445385718348645	-0.043277260192416844	0.7503653572770814	2.6969532871066204	0.3395658895889601	-0.6744345899243984	0.043072876168841034	0.09827005511834468	-0.989717356683391	-0.3596053733192321
AMBP	-1.3890434524579112	-0.7359224520724601	-0.436014397206277	0.4918088308897644	-0.27604486681842444	-0.38570449650664745	1.2318199599249953	-0.436014397206277	0.342944188580326	0.3544044249176314	-1.13543817704528	2.3732048350005552
AMICA1	-1.0381038300323673	2.121682840178126	-0.4791919256755252	1.5855005004301719	-0.37292051238748214	0.37768025459552274	-0.7002517133237467	0.4750508894348294	-1.5480442306472062	0.22595640015171053	-0.21739229094401896	-0.42996638178002816
ANP32B	0.6072278957891855	-0.2039522064424499	1.4106937416635317	0.46219532416120873	0.7327342685207734	0.7419319056035769	-0.32736813197950976	-0.9768722882949376	0.838884799612549	0.27550909444791655	-1.5383696296012268	-2.022614773480623
ANXA1	-0.16634897915525199	1.508598434773712	0.37304809716502163	1.5839772798296063	-0.0772792824670093	0.6793283806244336	-0.36972678663161523	-0.03787479426718886	-1.9420376692971575	0.4940941024828444	-1.4318353752612343	-0.6139434077961692
APOE	-0.08075093662703405	1.736403464905679	-0.26735423923729223	0.6772965963107602	-1.6183774894079	-0.8337599089268692	-0.679909149805268	0.5025354375927068	-1.554822429364248	0.807602264597457	1.1504521215361896	0.16068426842581032
APP	-0.7159817431644556	0.23991673603684863	0.07389783498913433	0.3078069922086284	0.6341421280182097	-0.8966891265983769	-1.3945142325188191	1.9849357797974585	-0.2227209530106812	1.195165649682703	0.4053810820897649	-1.6113401475304205
ARG1	-0.4629062908450574	1.051435559445682	-1.01813076542485	0.26098208194945	-0.8328372186269245	-0.14313213581966466	-1.0689055380066381	-0.20346664329702352	0.2481890309973262	0.29546700979992585	-0.7624506277293707	2.635755537557153
ARG2	2.008701318530627	-0.23080953070644777	0.17296122274107406	-0.50938479253573	-0.47455726589390923	0.608530517025765	0.3241440245888733	0.4309142937930753	-0.7725803607623246	-0.37481094699922035	-2.219275124855749	1.036166645073962
ATF1	1.1828230315387065	0.0707057949977649	0.7164843686243648	0.006443520096286919	0.7832899652447523	0.5064453818354753	-0.3761497994615945	0.40333681788609754	0.060398911903597065	0.22568815563144198	-0.6835080706128128	-2.895958077684074
ATF2	0.5006549335662076	1.3611637868001085	0.3986837067531987	-0.3116236750628693	1.0213310075779278	0.654884628881238	0.19606764199004345	0.28753731105953273	-0.747445005555479	-0.1503169850642802	-0.5305081942782759	-2.6804291566673903
ATG10	-2.2301539479564525	1.4192320209914875	1.2139587200255637	-0.162161250135494	0.30383803653523583	1.5248387825221383	0.08999123806407222	-0.363283214892205	-0.4558819917835544	-0.7186507386126096	-0.44709506254307824	-0.17463259221507862
ATG12	-0.6275063633303147	0.39210421745944785	1.0605520582789099	1.4148508319021074	0.06284943225585202	0.3036728597140504	-0.495494368466064	-0.8066176119623198	0.3627723058958269	-0.2586580794702094	-2.4568497460207803	1.0483244637434623
ATG16L1	-0.5508492204578489	-0.8150470738745603	1.1294903319218417	1.7787595450558145	0.37544859098289485	0.4100467744671645	-0.4479423787942896	0.3176545771492208	0.45077950521579363	0.5624217561417418	-1.2130454713789331	-1.997716936428837
ATG5	0.5179880793113566	-0.4124247273913213	0.8649605745612559	0.21832240637635353	0.7521463196539833	0.6184277100608173	-0.5307180362427245	0.7348310371775588	-0.011450436574273337	0.7143832301030851	-0.6202889652682276	-2.8461771917678567
ATG7	-1.258856005648751	2.7563984220584037	-0.19414460356143587	0.8555092371582428	-0.14668040633503318	-0.08333468461335984	-0.9284008952778	-0.7048663212135129	-0.41673697172603796	0.4852934299710356	-0.486428536979853	0.12224733616810537
ATM	-0.5936685183497026	1.1457512187877448	0.16237347553310194	-0.04818509848388657	-0.15754700456531448	-0.3466149670730817	-1.4697564304073023	-0.23497152443227431	0.37487062224137613	-0.3680837894544956	-1.033522675166667	2.569354691370494
AXL	-0.7790299371871334	2.7959319416052715	-0.44754421768279057	0.32420438424544984	-0.7077605046384806	-0.7774778079952375	-0.0994143482565076	-0.038116688630258765	-1.2929690447733322	0.06329981718622898	0.3839341241491871	0.5749422819776248
BAGE	-0.5787165715963212	0.03622324617731725	0.26058952061378277	0.6967568090077327	-0.8131547811064009	0.19394866468292135	-0.966310333940117	-0.7119900687654654	0.014188524849593834	-0.20007446906570342	-0.8084479509959863	2.8769874101386472
BATF	-0.9648593823190562	1.5097802661227395	-0.6945969126309502	1.8147307775980877	0.6236625955284151	0.671514293069243	-0.7205793212663354	-1.0536388235268133	-0.05583360392275074	-0.8457000312960892	-1.0871820215495278	0.8027021641930226
BAX	0.4065114735764556	0.5757007278461365	0.41307964835276967	0.9314518470954575	-0.3325834221646545	0.3026255362025767	-1.3810876900790743	0.9920799078234797	0.5709845007028927	0.9683206115245205	-1.435096724244349	-2.0119864166362253
BCL10	0.03471531619546164	-0.014001822217400555	0.24037370323980312	0.43583032269878974	0.498089250967775	-0.07477118405455421	-1.6433763394774183	1.8515337818285917	-0.4480682856557194	1.057069557490948	0.07375545304563731	-2.0111497540619188
BCL2	-0.9657699067936213	1.4709475579298479	0.19206363170951832	-0.3868337774672808	-0.31488848480219284	-1.1247372901870032	-1.6135425884925596	-0.1776500152137473	0.7383077306381687	-0.08146513322253471	2.0273843482759837	0.2361839276254394
BCL2L1	0.6183799560781527	0.759830943140662	0.5094044010727448	1.8720274771950893	-0.631225465640766	0.18535175449925786	0.04571458500792337	0.03591575822815873	-0.19734552420564666	0.37746132229961676	-1.422705541587832	-2.152809666087378
BCL6	-0.5154430369119879	1.5260685038459127	-0.6849463618805931	1.2931657062019102	-0.5259417407327972	0.3573336270177497	-0.7318789754562399	-0.5415243338465424	-0.26147727330595083	-0.719689761993459	-1.197990486632757	2.0023241336947595
BID	0.782252796055813	-0.6956478398833851	-0.7896147928519859	-0.1245416042501619	-0.42357953748903043	-0.8512503118784236	0.0964954399444958	-0.49917097336873917	0.5799182357300082	0.6938858094234913	-1.3243282991037488	2.5555810776716745
BIRC5	1.1721995060621166	-0.5322864517524415	1.1265161794846095	0.4985386243088895	0.8751995133065616	0.7497257835938652	0.13139614026699756	-2.033654056802436	0.48996982197618305	-0.017769049096916747	-1.4276305681003194	-1.0322054432471066
BLK	-2.3135473808927185	0.29814470526052034	-0.2407907501794124	0.45050816184593284	1.749182947380996	0.1472159816497619	-1.0734932936054296	-0.0817327001913627	0.7293372573646069	0.7092214603150317	-0.8770976767495431	0.5030512878016133
BLNK	-0.21417303496751006	0.9890941855228913	1.1730364293122666	0.4615002858617618	0.17398989547177024	0.026165113532734784	-1.1683316786070121	-0.2060681591899134	0.4144882917702191	0.7115742851124576	0.31643529770041307	-2.67771091152009
BMI1	0.340506790468587	1.0951035276438732	0.6946274122269166	0.764404262758452	0.5165687262455283	1.1123618929477053	-0.5192941568848648	-0.6725712062766458	0.23578366636181197	0.040745447558440506	-1.1619217017366252	-2.4463146613131683
BST1	-0.6220993622954548	1.594570203896231	-0.23004138621098813	1.786056900778999	-0.07760815462080511	1.0060664906564005	-1.1671354598136596	-0.5058593159066762	-0.20948274791288687	-0.1774982854029237	-1.7328873187297087	0.3359184355614791
BST2	-1.0523343324459313	1.714156060763575	-0.14439093587412094	1.7474436211437145	0.6537337442402854	0.894580718347468	-0.501983969419169	-0.8294913424752175	-1.4615122252257193	-0.1806627596565915	-0.728879065921069	-0.11065951347723303
BTK	-0.5941964256772598	2.321099600331972	-0.7317972433730542	0.6292989291919924	0.08153497931864988	-0.12614160519051085	-1.096794950307889	0.6524787548042273	-1.820519424032584	0.07069137039850862	0.016796696647261883	0.5975493178886881
BTLA	-0.012801600118551923	1.2382249326870496	0.8196293170676608	0.7520288509609764	-0.38904425518753666	0.1334157596485411	-1.307548717289548	0.3083389000204079	-1.8601751437098297	-0.7205594806981264	-0.6505179415377557	1.689009378156721
C1QA	-0.2893819202886786	2.081150251985684	-0.6712601269107348	0.7605100151062958	-0.9896759431148346	-0.9835734748515523	-0.9771389339163418	1.0721197021272195	-0.5515972462122236	0.941440150602402	0.59026468930645	-0.9828571638337006
C1QB	0.2610336378224627	1.6016371089356303	0.02195369514101269	0.8231140468722185	-0.7145453612718077	-0.3633756710175325	-0.7367983839851098	1.052237441022986	-1.737500863971864	0.8573906861657316	0.48591406095645234	-1.551060396670194
C1QBP	0.6878288796438762	-0.1644152798377885	0.8266743733083626	0.44321958684607876	0.6942147297657966	0.4192809164856518	-0.03446739367209876	-1.7194615381640315	1.1536232721660629	0.7774855783038472	-1.14591585608012	-1.9380672687656337
C1R	-0.31945282571922357	2.300504131115237	-0.13584420905049507	0.3853202714874833	-0.6838380270976788	0.08847471260847387	-0.12948444611829982	-1.1743136922494497	-1.5483738527854487	0.08745678525566483	-0.3082682376432175	1.43781939019695
C1S	-0.03166837198747016	2.3986586186926795	-0.14100680637306576	0.5483445600095646	-0.3762939416931	0.31686053825308874	-0.053017840737881475	-0.5976575583068418	-2.296805513805875	0.005175658387281824	0.009623797562541265	0.2177868599990954
C2	0.3007666443589018	0.9839771140842819	0.1911338170958344	0.778424423445594	0.5259739212972312	0.3615344138044203	0.6471718314259796	-1.869561919663055	1.1152089291940586	-0.06481658948513863	-1.8846670673391586	-1.085145518218934
C3	-0.8451948285366043	2.465073553448908	-0.08094372185390092	-0.11242970886497226	-0.7487584056083929	0.09417146290213453	0.05928665650025798	0.18843046552743709	-1.2388045965792207	-1.2578317817363454	0.3061846338465675	1.1708162709541254
C3AR1	-1.1493582917496494	1.6898170440473212	-0.24770509655206568	1.2453644206063308	-1.1147997013999464	-0.4253822131480126	-1.2742434748179445	0.7780956154058274	-1.1853025442967973	0.7070998313730164	0.1909522179755111	0.7854621925564101
C4B	-1.2877456313112332	1.6089192639956322	-0.48850113751666574	1.0091001677460012	-0.5866867012675413	-0.5478807001976191	-1.3669879079936125	-0.17737604364882306	0.10858358627671529	1.9743025906361242	-0.1997682915415718	-0.045959195177418796
C4BPA	1.0234061957537777	0.21470519921680947	0.6877267429297528	1.9439302946407635	0.06425433911273762	0.2256091656325379	-1.8675408007976886	-0.5412167821950343	-0.3715647417631212	0.3079389095636402	-1.606108848391018	-0.08113967370316172
C5	-0.5204138185143264	0.1999049180168743	0.4649845755579439	0.2739076601854071	-0.9137859418070299	-0.5903965794570428	-0.5342194113749931	0.2514224917670919	-0.6569750122686815	-0.6003888124270532	-0.36420208092729073	2.9901620112490956
C6	-0.5380591028932832	-1.2862780319110234	-1.0592238446212772	0.5601720065261274	-0.1081061600864699	0.32266922574791296	-1.2528502338658156	0.5698046077152111	0.11146209519461674	0.5189088878550931	-0.33211692998901504	2.4936174803279205
C7	-0.5225569059190958	2.4867347749979265	-0.21387701619001462	-0.841577378306669	-0.9809572974897535	-0.8961602237232758	-1.1598764138751205	0.807455657074738	0.07352926512305609	0.1868902544954163	0.9905543940298662	0.06984088978292233
C8A	-0.9550965449831281	0.1867188268841237	0.31633081295713905	0.6703341385099022	0.244562096263689	-0.39314246660753804	-1.0153582424207395	0.5033361095916802	-1.2961294803824286	0.18262392417708148	-0.9658283951881945	2.521649221198408
C8B	0.024083358958369494	0.533616362405765	-0.9901641442915532	0.24321260126040867	0.4878294572008246	0.2405555481907957	-0.3815527352755708	0.5716201480986992	-0.31189753669806386	-0.6808223777045734	-2.025947357112008	2.289466674966904
C8G	-1.0436815577853538	-0.5915552390702277	-0.9509148551887044	0.7960376546635287	-0.3542503779314045	-0.6730807934713444	-1.1391124850365295	2.1318156478379597	-0.05652343210755765	0.9008770578671542	-0.3181296438386359	1.2985180240611263
C9	-0.37397449103809155	0.4315604911773683	-0.2995281610546153	1.2186939163735586	0.3276214683039343	0.9330267665197411	-1.7828843436733766	-0.14358434769809178	-0.7130481367961156	-0.4569432508780582	-1.1253930923224171	1.9844531810861636
CAMP	-1.0086960921550179	0.6355652899301703	-0.5700682349602847	1.0733934359069999	-0.2743467863640009	0.5108215950842934	-0.9191678269389401	0.3355634599595737	-0.22979151160157188	-0.9775523190390895	-0.9886048284385467	2.412883818616419
CARD11	1.4683314354477626	1.2859265955170165	-0.35803869969987184	-0.37275910002853857	-0.26437235010260207	-1.8108073339098618	0.9952426334636555	-0.9515606327018785	-0.8530375402163167	-0.5698252730671188	0.16670092726904726	1.2641993380286987
CARD9	-1.3978531994168848	0.7809507413965625	-0.5684297558083805	0.8609064339290501	-0.3480089756020677	0.09776562426646189	-0.974246697115437	-0.38369977344606204	0.06647520907515926	-0.32685915237736873	-0.42483520509943073	2.617834750198397
CASP1	-0.2570358341214026	0.6531464471550119	1.147235256559819	1.515845914560079	0.9096791463091417	-0.28239074549805027	-1.5637618566838511	0.41109053762124625	-0.8306519956984758	0.5238272832203267	-0.43243389246996705	-1.7945502609538813
CASP10	-1.8616125448750704	0.24187968561486406	-0.4981354622029989	-0.6839204471249792	0.3856985027851637	0.06300438121900563	-0.8274418069912444	0.21833887351420458	-0.2123263992852463	0.46629308409112086	0.1406044046410039	2.5676177286141715
CASP3	0.5598892058126004	0.5527432606062873	1.024840281721181	0.4216957394351172	0.5449993422225872	0.3617822096444862	-0.8769709886799275	0.8927675990984	-1.175835861808719	0.41403963518616765	-0.15461896380455625	-2.5653314594336094
CASP8	-0.6164606214311518	1.2096403937654747	0.549926735679244	1.5994814184865311	0.667975397667374	1.3515084102660568	-0.8888435065490911	-0.7771686651311802	-0.4531849983833646	-0.026912173537904864	-1.3349593923908862	-1.28100299844113
CCL1	-0.41770461043354484	0.9257504508370187	-1.4334934651787719	0.6681051850856248	-0.2152382318276794	0.1835773217271879	-1.0353547793595024	0.07322811475290537	-0.04812956073067526	-0.3902717244550761	-0.8475706677094402	2.537101967291958
CCL11	-0.7132987216163014	1.4467000240536978	0.07070718745394211	-0.046064478673666524	0.3910562045771433	0.4416000831887413	0.70704403135935	0.8422267353606135	-2.7328263166706233	0.2626507648401953	-0.14475085269949503	-0.5250446611735965
CCL13	-0.13835728399494085	0.14035289090725425	-0.2689949485693966	-0.27889689630472725	0.4653423151452589	-0.15210226426803528	-0.9925241542938738	1.9399810816785528	-2.3651367190888855	0.8649908752376131	0.6861370501436297	0.09920805340755752
CCL14	-1.0538871074644829	0.8711975850831206	0.11935294821955147	0.6012411305550627	0.19177557076374863	-1.3502321927945027	0.0010307217538989564	1.610180651355645	-1.907397064192783	1.049304080278837	0.4600359164928245	-0.592602240050917
CCL15	-0.5598003192211112	-0.5556976884067484	1.1990285554012066	1.0943449995752972	0.5485367020304168	-1.3123343204786189	-1.1485133224750983	0.5641850153200855	-1.745814870232316	0.9370740704121457	-0.09225716059268342	1.071248338667412
CCL16	-0.22207566922281483	0.011521007246577689	0.15260200350321335	-0.28054935328648634	-0.37392319482782094	-1.190843371646855	-0.1569840323508788	-0.07447529196230865	-0.4325266269746045	-0.5549725590757977	-0.0027298757277240313	3.124956964325499
CCL17	0.31283296948886524	0.3706328713242698	-1.0377395291900335	1.343831576864803	-0.10260535948626646	0.057576409574484316	-1.1164206418287181	-0.11633851227265575	-0.1409552714927598	-1.1282194732567057	-0.818592873774522	2.375997834049241
CCL18	0.5584070980228779	2.7676814434972847	-0.46782582519174304	0.2493222800050664	-1.3223239862213354	-0.6496858999872556	-0.47112191445228285	-0.257089526125373	0.2887734661740155	-0.6443741802626951	0.6019987105000681	-0.6537616659586175
CCL19	0.12977841616979308	0.9497705071264172	0.345768801050024	0.61539957260891	-0.5022508420580579	-0.49845841288016446	-2.1960092811177425	1.264363627902378	-1.033867465025399	-0.26902305498926116	1.5476134585200694	-0.3530853273069667
CCL2	-0.48368280817088904	1.5441806077086828	-0.5601016410150524	0.7438790639721321	-0.08380976470390639	0.4092332368832337	0.6053128357228198	-0.2751437525655551	-2.5119089555370637	-0.30900236234298567	-0.2704207677660581	1.191464307814638
CCL20	0.23265487123685943	-1.3368416447829772	-0.890763675621269	0.5523699319994066	0.4826894843048474	0.7006928624339616	-0.9593714000378661	0.40405314932439745	1.3778046527390202	0.29711927529793797	-1.9947748671782504	1.1343673602839315
CCL21	-0.20114767153422078	1.0650399920281395	-0.3098967836777069	-1.002885393467941	-0.32413502197589533	0.3132140864229147	-0.04259156728737851	1.6992470277848377	-2.014186761813705	-0.17827451554187076	1.509400339575461	-0.5137837305126405
CCL22	-0.37693424167544015	0.8951105172200489	0.11930901855443041	2.2716942427788727	0.05951697942041956	-0.5046635753062674	-1.500497479431108	-0.8047287309294936	0.8147826891729874	-0.4749563525041373	-1.174191638279458	0.6755585709791478
CCL23	-0.5940264732327128	1.0901605189723114	-1.4044809797896698	-0.6559929191905618	-0.05371121040088147	0.21114093691320818	-0.8606553793422119	0.7684902214444931	-0.361578672545232	-0.4025865006018037	-0.2509634133910376	2.5142038711641015
CCL24	-1.182632796060607	0.2506523662126455	0.09003239368225863	1.1411766487950918	-0.8486313233675837	-1.231814656897229	2.4679245935430356	-0.4652281133701056	0.09814060263808737	-0.08030290620645085	0.4455031716755751	-0.6848199806447168
CCL25	-0.20449442864834178	0.4124462152792499	-0.3396365889843903	-0.5251919956706566	-0.7921663885081194	0.023878894918228193	-1.7389999752864012	-0.019210240904091024	-0.02338171280836078	1.3348288578500445	-0.5148864068738588	2.3868137696366976
CCL26	-0.25660274745215317	0.7003745740117289	-0.5061907637063185	0.47677613666978386	-1.160514182670487	-0.9563462859556665	-0.4874275264786503	0.21705680396760366	-0.7292341352291897	0.5764575009434042	-0.5636300829475709	2.6892807088475177
CCL27	-1.0528357555435608	-0.09230735426689789	0.28963195176013046	0.36746760840195836	0.774623896203131	-0.00847411057011567	-0.6351905084646485	1.2000384482684892	0.02260460947821246	-0.3253080999456268	-2.266140389353853	1.7258897040327927
CCL28	0.14379370348475393	-0.16402774975652162	0.2214122858984899	0.2311077335230283	0.8048921932777593	-0.36627211758905	-1.9781476537683913	1.3000689466984783	-0.06752183416763662	1.2321286287832858	0.5502491837525915	-1.9076833201367933
CCL3	-0.3684007661284075	1.0461553062830062	-0.4173207437372396	1.905484239125536	-1.121031210784057	0.1278635269006102	-0.8923705997571783	-0.6462968270922168	-0.016248006983782804	-0.5843759635767266	-0.871142295980505	1.8376833417309537
CCL3L1	-0.17764179346889972	1.1270819205962352	-0.2506517503970536	2.0888709954551024	-1.0580217755933456	0.23850452912943731	-0.8793487141906956	-0.417358142935505	-0.49142851284211386	-0.7991504167283778	-0.9306644625075889	1.5498081234828112
CCL4	-0.2902370696563408	1.4538711820858614	-0.08690939088162636	2.3447823997370687	-0.8594774779828156	0.39621842336620683	-1.2235784104315208	-0.22489389445361263	-0.6363906580369104	-0.5713746225637018	-0.8844846630115021	0.5824741818288964
CCL5	-0.8124398370620594	2.00879445879554	0.9650490321396162	0.5562553022628859	-0.3349456172329784	-1.3615827537017928	-1.8373962773085377	-0.3092366158831062	0.0941678030636897	0.20721394764961668	0.06941930773161542	0.7547012495455109
CCL7	-0.061547063145961055	0.8276452530693634	-0.9931406318931133	0.3435615025440189	-0.5061178996963855	0.015237222921960903	-0.49448096894283683	0.28649168736218966	-0.4374096795604157	-0.8942763139887526	-0.8870328134100591	2.8010697047399846
CCL8	-0.39728665915545996	2.093509133400512	-0.9358737277697996	0.9739941299669358	-1.1268486505868893	-0.7897432072934407	0.6202546614245316	0.17291204607515548	-0.9401460158834575	0.33569029635680364	-1.082624026864428	1.0761620203295383
CCND3	-0.18985333719410577	0.602170132014145	0.11302967719740922	1.607315058812253	-0.8432237972841758	-1.0905514554277846	-1.5444174022129808	-0.00392939603382131	1.521030828964641	1.1268058346173513	-1.0322178082146543	-0.2661583352382979
CCR1	-0.2652470470496961	1.8014984862764447	-0.5316389040886021	2.0811849333643377	-0.5128723687338987	-0.139255463633388	-0.48378518820369687	-0.03024201510680286	-1.3320379563648457	-0.16788419192498996	-1.121531941898856	0.7018116573640001
CCR2	-0.5186087024716398	1.9381363514320715	0.2770721474217178	0.9169808473020091	-0.8673490069011348	-0.9365085271245217	-0.9609997533264621	0.5238986594591621	-0.3800169746272805	-0.7000260974234948	-0.9395499023052782	1.6469709585648473
CCR3	-0.662536150466365	0.8681923123023453	-1.0250634866826658	1.1066003589325775	0.3896073942401305	0.6711326786510333	-0.34994307112243106	0.5549949515688547	-0.9580581090106882	-0.8363434467269619	-1.5899625240229407	1.8313790923371114
CCR4	-1.166591643684135	1.4118401424609064	-0.1750097175626295	0.4069492878979409	-0.000918526925242795	-0.3245972346585156	-1.4445081934263213	0.4037914505479569	-0.361594631447708	-0.5750527012702538	-0.49543463796500953	2.3211264060330103
CCR5	-0.2977689328122133	1.946108936203769	0.5988600572830588	1.840133299827871	-1.1637113878662582	-0.16414070941487144	-0.7629212136288456	-0.06565787902234585	-1.2888734477900006	-0.703770925739631	-0.32504272908050685	0.386784932039984
CCR6	-0.0205749001690058	0.1144156772036715	0.26940247072075135	0.5361509955785854	-0.2844952354817838	-0.943251113334361	-2.1291118812653402	-0.20555767285336363	1.2301216753451933	0.5443717526946438	-0.9478812489253271	1.8364094804863356
CCR7	-1.1651151578866115	1.717500861582555	0.7216336893535524	1.9015430823904016	-0.2872089486750078	-0.42385114557662623	-1.4691191116010154	-0.653380384326169	-0.10279630809687645	-0.3532604383461556	-0.47535280190544776	0.5894066630873911
CCR9	-0.6761955021058091	0.10042467688737215	0.1034285829061561	1.149005018383885	-0.2673683376487463	-0.47831566914226314	-0.7517008703387297	-0.20421986997165947	-0.1032009464425291	-0.09452754040050056	-1.4535722080409765	2.676242665913795
CCRL2	0.22146147281048914	0.17466359019210836	0.3161407980181633	2.1107125439384995	-0.08524371897470001	-0.6970690134193385	-2.1735042846500754	0.9592316003943726	-0.7616522930600457	0.6308623792868376	-0.28477859083504325	-0.4108244837012745
CD14	-1.2536446757534945	1.7601150860658896	-1.2846046708012382	0.8724665650041344	-1.1238495015033845	-0.697191459904627	-0.3994648732540316	1.2224475592477864	-0.7577084747024415	0.6739649417726339	0.4939624855527943	0.4935070182759762
CD160	-0.0035720537078925414	0.4149475960938881	0.527127395834147	0.10417113798243596	-1.2419988995029079	-0.6592531391864157	-0.28223578821680806	-1.2224769728693037	-1.0136336714869685	1.1667998606621006	-0.1512433275261062	2.3613678619238283
CD163	-0.47637455200054685	2.217452662011646	-0.4355123376171549	1.039897583532412	-1.1024425477358257	-1.1466019023711258	-0.12566196946985136	0.3104758222035206	-1.4988898241133237	0.5141743283080985	0.0482933404238522	0.6551893968283133
CD164	0.5367764925204254	-0.47879049181740607	0.3448691602279964	0.067904320156682	0.47834547152226536	-0.01935759453526356	-0.5067420713975607	1.2968972545802178	-0.28685506390872534	0.7863782769796954	0.6263118697091125	-2.8457376240374317
CD180	-0.1413295617956817	2.418183656900823	0.5853103140730408	0.5778884306496772	-0.2688862349051187	-0.9665112833867853	-1.2228713237925308	0.752676669560727	-1.530212033983723	0.025683635653355325	-0.2120416218257016	-0.017890647148082136
CD19	-0.2617842916665577	1.423144900019711	1.0876886917155282	0.40375740556316064	-0.26643002180681696	-0.44816240279691694	-2.1695682091573354	-0.6296849426951189	-0.30466672354733615	-0.49688566278537494	-0.023939716224740577	1.6865309733817904
CD1A	-1.1413400318533657	-0.17034690035972494	0.5765961239744202	0.611282434445943	-0.5438764913276927	-0.5391096027308321	-0.7326907959198445	0.5773927536794699	-1.1880275995968863	0.09696357617584614	-0.20096097314442687	2.654117506657095
CD1B	-1.7577960760532276	1.285878481326032	0.7977304679297712	1.0518645407202787	-1.2788519704243462	1.1316442950153334	0.08715424400619494	-1.245052319958726	0.5468312620796416	0.3653140061254984	-0.7400798726903145	-0.24463705807611355
CD1C	0.3490777761426267	1.20595136900329	1.352745003970243	0.5879659577264723	-0.8482587784664135	0.06409038139046958	-0.30703615407722246	0.6298271822634227	-1.899504846354413	0.14940617969515774	-1.7775815075889572	0.49331743629532926
CD1D	-0.5616405421254169	1.4767221418614214	0.1587547959347349	0.8533903866904434	0.02395507854991899	-1.4424952930283703	-1.5726498648485738	0.15284029481844483	-1.4906306903512276	0.9296071479220471	0.7725567047230423	0.6995898398535462
CD1E	-1.3831762298266834	0.1683295192705226	-0.04197649671939171	1.2667978905419812	-0.21723879078620467	0.11324324103298355	-0.5509499863397569	-0.5509499863397569	-0.688913577526091	-0.42385014850281294	-0.33990973650722234	2.6485943017024374
CD2	-0.5322479058472085	2.3902396721307695	1.1320361321877834	0.8639151555927392	-0.43362377650296324	0.1272897856479468	-1.4665744635791018	-0.37872753777209056	-0.9106202744406097	0.09664996319247368	-0.7934263106724061	-0.09491043993732884
CD200	-0.7315730977705922	1.9694397697935577	-0.4831001547921514	-0.17280011019117217	-0.3036806376580744	1.527890354118646	0.14566265326297134	-0.7034742224930995	-0.9799130586325937	-1.168185340904021	-0.45855220272288516	1.3582860479894212
CD207	-0.22408875328399294	-0.5052878995473805	-0.24430064894810627	0.7523851149678173	-1.3591970445376644	0.15578673406890484	-0.8979930833877111	0.6757349716674699	-0.5280317749347665	0.5092708143338374	-0.9004190926846004	2.566140662286203
CD209	-0.9864050623617515	1.3999316438632774	-1.038690987413115	0.5917708921861314	-0.5464095303426523	-0.7984196023954834	-1.4464140828747152	1.5545282341579467	-0.7457289631778558	1.0622799798896965	0.3121133991565858	0.641444079311945
CD22	-1.315434821042478	0.8324576372269268	1.4416950663571628	0.1851499605351813	-0.4056082318048748	-0.9202070876939115	-1.4192041653709138	0.14924394219870254	-0.9759306185398202	0.29848808510013747	0.32050944755720595	1.8088407854766837
CD24	0.2429841695025331	-0.6896083005323874	0.3775192620617676	0.6860884255877531	0.6885675629418919	0.12704727346645212	-0.9401268438225258	0.2024506042837183	1.7379742369958138	0.24938708326214853	-0.16704649932989513	-2.515236974417272
CD244	-0.6488458232066369	1.850391905396039	0.9589183770846375	1.0506900261729106	-0.2624995607155307	-0.12454992433590253	-1.7059108105980891	0.5681191363666234	-0.7267361812359134	0.26463739833541766	0.24426183850965086	-1.4684763817732067
CD247	-0.36273167445408894	2.0486905616015805	1.17506847739465	0.09529591534476461	0.3795831597414728	-0.5829523062609965	-2.019182447730856	0.5737490124234803	-0.6771810403313515	0.45235114426131706	-0.8077263487306537	-0.27496445325933105
CD27	0.055242893820421635	1.8427847958171855	0.7891842246282659	0.3739683104933022	0.00612638729793616	-0.42559928421807014	-2.5412958787100357	-0.780177066793003	0.027430937347773708	-0.18414414480281827	0.09739274788913177	0.7390860772299042
CD274	-0.3331360586217254	1.1267111080027064	-0.36130208908088496	1.8918418869429179	0.4158579283598397	-0.05282572493768325	-1.7702422603428942	-0.3199125195038774	-0.4588409465845591	-0.5974754317155299	-0.9588467268169459	1.418170834298651
CD276	0.2854822049810727	2.092894263607834	0.12598829407899143	0.9170646759595213	-0.8981769281839074	-0.4798713633990421	-0.6472506243790374	-1.1044384937774454	-0.37736977108555986	-0.46801097689665305	-1.0443234850848926	1.5980122041790943
CD28	-0.5549804949914182	1.7858335066284745	0.7220496677001491	-1.0210798114291697	0.20349326738943926	0.5453806531204872	-0.7058227033041712	-1.0068745746306251	0.5195177932644159	-1.2074194829967897	-0.8852625164200394	1.605164695669242
CD33	-1.1401195913596343	2.261857809946855	0.11021253807577362	0.45812227350617496	-0.32527779992599454	0.3194476910636357	-0.9249286728057169	0.27837815038814856	-1.8514552051010567	-0.20205258764025355	0.16395149095991748	0.8518639028921424
CD34	-0.8916700199455057	1.422548234719341	-0.6101358304338451	0.7716516587555604	0.6044838635180948	-1.190946229111	-0.7663736129783623	-1.3789070278665392	0.9107169424148024	0.3686046445849499	-0.7790822469706915	1.5391096233131938
CD36	-0.8345742688721833	1.3624202655220259	-0.51122316056153	0.6350317376998594	-0.6528221666494164	0.05048112408304809	-0.8029268246751391	0.7672632968591364	-2.174879327215959	1.0765609630292003	1.1094481384684929	-0.02477977768753356
CD37	-1.0897821388872648	2.0070413203313326	0.7978799045404122	1.2471476432563497	-0.859140049354933	-0.34650361514993655	-1.3866631912798295	0.13088288237545173	-1.1355674684345258	0.29951826114353874	-0.25585646708079696	0.5910429185402011
CD38	0.434296814578225	2.383473103361239	0.5178813730721606	0.8416435358688291	0.43221209504742586	-0.613843475117751	-1.686284890024517	-0.46001146528895714	-0.8113889818322914	0.04233225587274646	-0.15843568096517122	-0.9218746845719489
CD3D	0.31248835078940224	2.095070446794613	1.252232690510742	0.363993979210037	0.6280876667521607	-0.528850085981173	-1.2079143099242606	-0.23137167265067982	-0.613856439232059	0.21129045809524835	-0.5917904892832824	-1.68938059508077
CD3E	-0.7313496986330827	2.2403699113994167	1.1225793562174304	0.13814333887142147	0.2121725337141565	-1.0577580086936573	-1.4294870005491747	0.20905371811814608	0.4335946854105608	0.4335946854105608	-0.39449435423767726	-1.1764191670280895
CD3EAP	0.8714447899743557	-0.04753573206582936	0.6497133139784959	0.48955750852628527	0.07869852394087808	-0.02963801575182171	-0.3746589831781021	-1.960912658159749	1.3484688149020805	-0.08263395351534579	-1.940019599151522	0.997515990500276
CD3G	-1.1641074403882847	1.6347203849677394	0.9549223823153372	-0.05587304347622986	0.1531180851917717	-0.3173985314019315	-1.892328190182205	0.4060843565499836	-0.6284404969600588	0.5626175115919179	-0.9257425732274456	1.2724275550193944
CD4	0.19613637860658203	2.2550125743608382	0.05613268227763833	1.1616312847996315	-1.162939769381727	-1.343788289522317	-0.4111894323547082	-0.2626094835942067	-1.3534977250468143	0.3704076278154194	0.3817959764440366	0.11290817559562807
CD40	0.10919340078667299	1.92735062913512	-0.5381958052461465	1.149423175912091	-0.6764021652475437	-0.38616385818067517	-0.636601498835368	-0.8630473865622872	-0.39392797887392245	0.3575397003485341	-1.5447141455851776	1.4955459323487097
CD40LG	-0.8064079340609532	0.8878859825527348	-0.215096156911299	0.616882312710022	-0.28118443548486366	0.5019472667978977	-1.587905960641608	-0.03294673288570065	1.072299159801151	0.009212058792673368	-1.8312763113589459	1.6665907506888855
CD44	-0.7015478737540801	1.3240477491051992	-0.2542166374246876	1.1376366564920688	-0.7389023816173529	0.15360544965540887	-1.095425315830688	-1.2948460678846454	1.1188152240643163	0.01105466626829921	-1.1792097145781046	1.5189882455042663
CD46	0.06761568392738913	-0.6619506367338334	0.8532131519620575	0.2873496428371	0.5655106623894411	0.7942203346773301	1.1049990204829132	-0.5458126797941428	0.9840593076239704	0.11142029442953903	-1.0884407313465183	-2.4721840504552675
CD47	0.9557890930254072	0.1257982453477746	0.7403207393719683	1.1904019662472383	0.22758458079614333	0.7943746476780305	0.4793943256195695	-0.9035800829431311	0.10905384231629739	0.017486443285238015	-1.4306868129137746	-2.3059369878307483
CD48	0.03624623300697498	1.8701627034046837	0.588545853244088	1.1309151191215492	-0.22930563242893168	-0.04586939213989813	-1.2360135942639017	0.7357022597154338	-1.9518675010309623	0.12040040865127678	-0.05736776337832476	-0.9615486939019805
CD5	-1.5830773995003	1.077443121043538	-0.3681110884338478	0.039500723832954894	0.28437002946415335	1.033140103993899	2.103801934116711	-1.0247504655425503	-0.3975450913886753	-0.13887993772646967	-1.1717397270699232	0.1458477972105102
CD53	-0.6638834018298877	1.8720170843979056	0.21886600895984532	1.920561770028078	-0.6026844392600063	-0.0036872992534813975	-0.8899585661431476	-0.2802221062663679	-1.5802126731580224	0.1498958292823432	-0.5971858388605413	0.45649363210329086
CD55	-0.7527201915225411	1.0179707767724502	0.5845953802091532	0.5656895960464583	-0.6496698129468638	0.11005101743934499	-0.7841439052666269	-0.9360943089368886	0.5680059752499121	-0.801066507310481	-1.231244138457058	2.3086261187231507
CD58	0.13010885199599126	0.29311395756063263	0.338138153673236	0.9662213653794367	0.22924909167556703	0.3663833762187583	-0.6933985212967321	1.3141956443287894	-0.8542785457397953	0.9324013038232452	-0.441320148721893	-2.580814528897203
CD59	-0.25411373277009347	1.7281471194860687	-0.5022793742730296	0.5412944481278	0.4004402103522097	0.5303646466271218	-1.5630833841914629	1.001820103871707	-1.6760980686645937	0.7590780239777983	-1.0587495786908154	0.09317958614728399
CD6	0.5697090589543032	0.8838118305922942	-1.232692901421357	0.3014239239231638	-0.3687502091853778	-0.3602528548372781	-1.1357614113618646	-1.0125395815767653	0.8589297779393197	-0.9642997557497169	0.2280888263601424	2.232333296363123
CD63	-0.19758279202167386	1.3789965338239072	-0.30049576020613217	0.8481730367567019	-0.04513397767837933	0.39112821440035467	-1.34609464954626	1.5607422641474944	-1.7791215272426022	0.7900170121130613	-0.32511310509632835	-0.975515249450131
CD68	0.045438473975693665	1.1228286962335747	-1.1164617701342816	1.1568242448602766	-1.1096486161844625	-1.3385370463489592	-0.7733595255797907	1.2589405602200374	-0.009527705204420646	1.5084812848104157	-0.8159647553601661	0.07098615871207888
CD7	-0.5252816114464457	1.2146956232652883	0.6653318027842859	1.8357909244034072	-0.6133393002715876	-1.6154144594457989	-1.4523379232717801	0.3400380081412382	0.719641009027993	0.3049157278817989	-0.7778345218972378	-0.09620527917115713
CD70	-1.4688616475236338	0.9936203380075027	-0.9218839924521347	1.1174964743059081	-0.6267867745807139	0.20680786296227083	-1.0653579872081411	0.6713878693677775	0.070004345966651	0.36767486838970953	-1.151903411426124	1.8078020541909274
CD74	-0.7913905064681724	1.342245683934831	0.30688475943864924	1.0252962177545895	0.4891757442214899	0.9683688308113195	-1.3714237020263522	-0.0813334437948389	0.08917787688272223	0.4187822837262199	-0.12341603963963638	-2.2723677048408053
CD79A	0.16843909642786503	1.9376365735162215	0.7136826331196398	0.6117334398045041	0.4508046816549576	-0.25227212756107453	-2.2113226845645957	-0.1485288253578047	-0.6588880324791356	-0.06362384671154536	0.6112145999538942	-1.1588755078029265
CD79B	-0.07747433955871232	1.6827706668728577	0.9173418997073551	0.24381310614854187	0.053898689706119406	-0.5363612821414875	-2.3782433426802334	-0.6448212896551491	-0.800565694615593	-0.041402524375350774	0.8472027008794633	0.7338414097121969
CD80	0.01509972573589282	1.4531156851720115	-0.016353052602340767	1.9141108489142105	-0.839461816836469	-0.7623582564500792	-0.9338561654747939	0.02700272348202787	-0.49163912177888086	0.28652611296076486	-1.6544299568928391	1.0022432737704978
CD81	1.1294070080294967	1.1321038700868589	0.8124895371049519	0.9045626716269227	-0.09736622329850857	0.7678570465441787	0.3332724833727364	-1.948293162527465	-0.42375538034061894	-0.13341747359022108	-1.549572305411308	-0.9272880715970407
CD83	0.2595728814325382	1.167929682378823	0.2057513259824519	2.4530883211536687	-1.1293048512119117	-0.5281748545423522	-0.42970982199732666	-0.19855937238355062	-0.45158454970939893	-0.5171617913742269	-1.3938913173563814	0.5620443476276437
CD84	-0.03404194696745971	2.241324811408984	-0.15672436044243843	0.668964971540684	-0.6052598729402253	-0.5342092049576563	-1.2079104437970658	0.729293818172585	-1.8982958418028653	0.43947980280651755	0.1731095968865621	0.1842686700923782
CD86	-0.038297764108796345	1.8368494391195291	-0.7582288845899525	1.196800744605557	-0.35291536100286125	-0.2748570442790086	-0.6862752518080694	0.7647226464372212	-1.9721916939216195	0.14789542887900062	-0.7804782087242715	0.9169759493932615
CD8A	-0.2983631845676854	2.4434592386399254	0.7147795366376797	-0.05063086482593734	-0.4369525381504259	-1.6700674422581872	-1.383157927296903	0.1719116538360888	-0.2507340312641865	0.6117278583706569	-0.09368559890443022	0.24171329978339273
CD8B	0.7724387467055722	1.2295254113736942	-1.2942768174825325	-1.5213638463139634	0.2590960906181552	-0.44867855722452743	1.2095524834261793	-0.21069719969180437	0.008942086191713506	-0.5559168551122337	-1.0779944211088919	1.6293728786186454
CD9	0.4824489233352647	-0.8471085490506313	0.6260969631800418	0.7536107141508742	0.5303773461595092	0.622038270211792	-0.0115019615314587	0.518214524108164	0.4418089827164482	0.49825712301679276	-0.7635733424397093	-2.8506689938571
CD96	-0.30893589251032355	1.5067841002837372	1.6661191551750691	-0.024381261872789713	0.1757443581059817	-0.4087064724184887	-1.9685693881045014	-0.07589932722362713	-0.7059372960921403	1.0944847479151725	0.08611877879839726	-1.0368215020564797
CD97	-0.4350985909109167	1.2149375738219297	0.5394490511797939	2.002468246727511	-0.21687873800693014	0.07423092533028072	-0.6180816805127384	-1.2787747575236188	0.8446712600460996	0.3680961702364471	-1.2819314271647255	-1.2130880332231395
CD99	0.11901056449322521	2.753217415866461	-0.6305221342397898	-0.4120043450046009	-0.2185992283357477	-0.9948690578128755	0.10121254682335164	-0.9424503371639896	-0.6507817099008202	-0.4274825458593028	0.17897971184373807	1.1242891192903788
CDH1	0.9256753130531175	-0.7096998722103689	0.7231759849269382	0.7743152147449147	0.1132766731170116	-0.5914425265902813	-0.025945212390189674	0.9232873256738192	-0.04905937131343217	0.8054034144716729	-0.12598465858643984	-2.7630022848967766
CDH5	-1.0039625014174636	2.612922606169442	-0.06115424686221592	-0.400192029874226	0.267641178191854	-0.5409916849911468	0.22080445410173008	0.038192704828828694	-1.4362704670168935	0.4663398163984731	-0.8855928215739287	0.7222629920455569
CDK1	1.1557965251695839	-0.4429240407155799	1.1827610998725522	0.4641914154570908	0.4922965544411516	0.7591945151444667	-0.0010655192973377603	-2.0804669040271473	0.5739876194119992	0.4231046598157635	-1.2112412083045978	-1.3156347169679412
CDKN1A	-0.7951707943232693	0.8532351197048612	-0.20630136932206325	1.4252085802314507	0.02778433289068292	0.19260258467459587	-1.5871792739284438	1.5060216701046698	-1.5432477859970872	0.9608640983463017	-0.6270363618395922	-0.20678080054210632
CEACAM1	0.8004031538347551	-1.3064554095217151	0.3272934096770083	0.9909554323358717	0.5469043267170555	0.5020221249023972	-1.26566977199647	1.4398079327512352	-0.5859845251551161	0.9818919443397635	-1.0225326065904345	-1.4086360112943646
CEACAM6	0.5778850392370263	-0.7147905023932636	0.43997422238704303	0.9187963740629088	0.6146966052940076	0.8187648887104896	-1.5542018793962231	1.1150795423282558	-0.17431861469213306	0.9390668344505108	-1.324775974097545	-1.6561765358910756
CEACAM8	-0.23533594973687202	-0.5093895435248635	-0.0790951878380828	1.4463943234036623	-1.3122653075264716	0.6361955362951678	-0.98330342539058	1.2386977819023488	0.07711948185772136	-0.6470893755280622	-1.3103492289624974	1.6784208950485262
CEBPB	0.6820372464583259	1.3921541177406949	-0.15030761596390846	1.5081901555214507	-0.9492056341712632	0.028381644116654177	0.2681651306810138	-1.3847022452936006	0.7156494152329957	-0.3392066606454858	-1.9374050538576388	0.16624950018075696
CFB	0.01219234357499596	0.915836032630075	-0.07762157097439551	1.3928830480306544	0.717583318482939	-0.25337882533735157	-0.30179974047950253	-0.9080032145437217	0.6492081733885866	0.43943633656753595	-2.664504087742661	0.07816818640285864
CFD	-1.4962004929407375	2.071344149520676	-0.7186478215788968	0.27315403957366674	-0.30571876258395925	-0.22925900239154282	-1.078423475581799	0.7539697593955647	-0.3280960965057232	0.874383052801948	1.1196895707799217	-0.936194920489114
CFI	-0.573157291928226	1.095927273968634	0.36017814096083217	1.2927213171090515	1.25106452027289	0.8797371269279227	0.18683096971418853	-1.5948237415437236	-1.0737496535897029	-0.6399239933771045	-1.4548949199006493	0.27009025138589365
CFP	-0.4939460001494092	1.7680811100024354	-0.14481514487981337	1.8719366937760542	-0.46076558882596275	-0.5659813823244143	-1.0148013397217681	-0.24234824165247457	-0.6356740316303578	0.20668053071742337	-1.367951638082074	1.079585032770358
CHIT1	-0.7239240407816327	2.001486796440036	-0.32611869385396386	0.5983623517073406	-0.37506691901051736	-1.0114950005670504	-1.6888199873342333	-0.5330997008451165	0.3008717841272016	0.12983423852274337	0.016185883725749098	1.6117832878694502
CHUK	0.9334268426385327	0.44971911448257623	0.9561768919730983	0.8628359503871358	0.24004440808746427	0.6725541003529644	-1.6231272742671092	0.5501823564663926	-0.33017645814233987	0.30736662874651866	-0.7815470087618616	-2.2374555519633668
CKLF	-0.012112357016106991	0.8694214578091073	0.6048386939390404	1.147604254773509	0.31727207006118996	0.5897958405332255	-0.09896657694319388	-0.05513713878111704	-0.6017584469727884	1.0502800456228534	-1.474451488790847	-2.336786354234858
CLEC4A	-0.6151348835666569	1.9282426987245325	-0.0682830273715785	1.7920615878403967	-0.8644540251984406	-0.3848203046680379	-1.2189066759583316	-0.15424626712559164	-1.0232290060647324	0.2157830607453989	-0.5490499314783667	0.9420367741214084
CLEC4C	-1.5030956145100192	1.6678915805879	0.26533251455110396	1.2340991288261798	-0.001982553715814453	-1.4897012870734299	-1.5030956145100192	0.2671405991760591	0.15214664963601687	0.7557330644908352	-0.2456447840480803	0.40117631658926306
CLEC5A	-0.26695723407428795	0.6104076978916593	-0.5779261572208377	1.9922979241871301	-0.9413853756525129	0.28564317604990763	0.9833598587509862	-0.5906639286225013	-0.7936954924661824	-1.5635931842824013	-0.44123072094476284	1.3037434363838
CLEC6A	-0.40912733749082875	1.081743271049592	-0.7227137736766495	0.774719114775427	-0.5428230437007645	-1.0947441719335331	-0.8028804941446801	0.18499318477938453	0.4984316131181871	0.18608658821470597	-1.4107990336490979	2.257114082658249
CLEC7A	-1.3571151406787423	1.4091414970925313	-0.8549867474642906	1.8019523294443835	-0.4483423952472424	0.025451544662869856	0.012934349991745281	0.2024741522616685	-1.1538666183878392	0.4490642132523011	-1.14218854989007	1.0554813649626902
CLU	-0.4659215712736095	0.961526537823429	-0.8095100385887418	0.7146661885689712	-0.6519627793981478	-0.19523411472522104	-1.2738378025131127	-0.5708811832925655	-0.44117454340236834	0.6958277878389771	-0.48642680374594127	2.522928322708327
CMA1	0.41771564350163953	2.297874358740207	0.8092124741745169	0.3099953614377839	-0.11402971962613515	-0.48611601803581445	-1.959243141529058	0.24674915788685278	-1.1040375213523819	0.34455899306551685	-0.28894147104791085	-0.47373811721520354
CMKLR1	-0.4908782970050056	2.253239904201147	-0.13826017614290553	0.5711704509070535	-0.6905685506667875	-0.12865014751809106	-0.8797255684820859	0.4600632924083457	-2.078464302423268	0.5463641225172629	0.47934560845663593	0.09636366374770228
COL3A1	-0.46087201045664083	2.4968385198545753	-0.7021745022047441	0.015231646798584362	-0.5652968658038915	-0.11362357675390958	0.3590488652736307	-1.0641591272170283	-1.0062204763640266	0.047337032757518625	-0.492413677420454	1.48630417153639
COLEC12	-0.5387935674042056	2.175854957334205	-0.8823790803538891	-0.08009305789679225	-0.30772694699390024	0.03857942846351567	-0.9025120662297195	0.02361521242118121	-1.4750854552292183	-0.07366722776003311	0.2854618269692924	1.7367459766795497
CR1	-0.3261898246560802	2.0554271578840737	-0.22394878876782476	1.69864274937242	-0.6544354861844989	0.03399216539268707	-1.1887403419212845	0.331655603184517	-1.5638273640514615	-0.13919155972765887	-0.4088917943433467	0.385507483818459
CR2	-0.31569538281658344	0.3307974334600615	1.0272804496946906	-0.14973003652279646	-0.22161286297597266	1.4118529074516384	-1.8133427472255736	-0.32664027613893215	-0.7852494775527968	-0.25219755946094236	-0.8663457430943511	1.9608832951815427
CREB1	0.5192729545578111	0.7661256747196278	1.450807224883562	0.6428140477564046	0.8115701121230064	0.43644598385661126	-0.6791883776612434	-0.8906814479582127	0.46438650624320843	-0.16685294313182017	-1.1067737472213648	-2.2479259881675304
CREB5	-1.059513266515897	1.3179392605926195	0.6631940635722167	1.360104974780845	0.2449441896809556	0.6181984145843047	-0.3308253252134041	-0.8781268029040725	-1.2856441652849695	-0.905254781776776	-1.1019718639596763	1.3569553024438576
CREBBP	-0.6953020919322198	-0.29881780286500115	-0.015352101231148236	0.6947934617923317	-0.1522781643673874	0.27737747185419453	-1.388369142858833	-1.6400654566861044	0.9923480183761793	-0.07015886286140569	0.007364992071948932	2.288459678707443
CRP	-0.5765326356074965	0.4039386726339517	-0.298811256491041	0.4258293185183899	-0.32295893147780597	0.02768483201662343	-2.0111361722211254	-0.16748297391776465	0.23559647801059816	0.3224759416941854	-0.5961658870374518	2.557562613878934
CSF1	-0.8916386608713764	1.5202643004176477	0.28145625546516356	2.0811515493410204	-0.47888848272370466	0.1007997117610882	-0.31901600225636145	-1.2516012150103468	-1.3488700078117206	-0.25450577000941277	-0.23634323529978518	0.7971915569977868
CSF1R	-0.09750303466361715	1.9833203431664401	-0.7303262494436484	0.8177149764295569	-1.1907818640989531	-0.9442210294615586	0.12069073480120851	0.6703251630852004	-0.4850024957497873	-0.3239670039326129	-1.2748857983786732	1.4546362582464447
CSF2	-0.1683592851816039	0.20334166460149444	-0.6616094258790921	0.7291593648881729	-0.44606534641616385	0.8650959446663371	0.8191334574453307	-0.506909247588475	0.6309937451152445	-1.2082484270642326	-2.0249321388593127	1.768399694272303
CSF2RB	-0.9644068319638545	1.9826996905268601	-0.7616694112378576	1.5734618154634754	-0.30003322807385363	-0.20849112186821173	-1.0054260210186945	-0.5628465814455212	-0.6867514231442076	-0.296823555238671	-0.19269278682231497	1.4229794548228547
CSF3	0.19737424434004117	0.9603133597316537	-0.6712201015764708	0.6804938936543481	-0.271032624494506	0.66943911333161	-0.922738008148855	-0.018938820288292826	0.5176337719958117	0.24294708477817836	-2.624330227589877	1.2400583142663633
CSF3R	-0.7622668805644781	1.9940670248172383	-0.7361047371061094	1.8044008560782536	-0.28003326686455976	0.30565265844791606	-0.06546342067846524	-0.8623424904729052	-0.8993104300589572	-0.3724503399296684	-1.0037486531453592	0.877599679477101
CT45A1	-0.9906673433380501	-0.23615455041122962	0.04681995958460667	0.8119047282113832	-0.6301546892402441	0.24650429434538018	-0.8731960827523569	-0.14194458110764485	-0.6774574502220917	-0.04364294171717917	-0.415079480053685	2.903068136701108
CTAG1B	0.3332818005613827	-0.7551253820114399	0.5755296511273448	1.0558876048252341	0.8178795841528288	0.3064572395213585	-0.17136797020669442	0.8243337888922093	0.07733168343118146	0.7683670278639284	-2.3959519295593132	-1.4366230985980146
CTAGE1	-0.886718088581831	0.3823371708588504	-0.2541291755821941	0.5181095944505321	-0.9069386659244709	-0.9018587682437692	0.07435969929289328	-0.34883954127846556	0.07975764336384161	-0.3137270173391687	-0.3938777384950471	2.9515248874788216
CTCFL	-0.530171321522565	-0.28162710740974795	-0.3145758231097219	0.7656622307824028	-0.4684705134254474	0.35402000542162304	-1.3185191039486581	-0.16947592288562993	0.7759992521788543	-0.5029454538381862	-0.9658931941511415	2.6559969519082136
CTLA4	-0.1501527147372378	2.062721298880024	0.1504324730278778	0.8471698770118595	0.685376084317599	0.5351082697317608	-0.8603406096513107	-1.8707998406747806	0.26240404599711165	-1.0599396741178373	-0.8544476202563678	0.2524684104713021
CTSG	-0.9067659700664409	1.771185849564897	-0.721462641136935	0.8664075296332583	-0.3202175863316517	-0.3147036977243202	-1.339597570360011	-0.16969772421288107	-1.3205630021871904	0.8953062147994533	0.07927621574233647	1.4808323822794907
CTSH	2.005249350613298	0.9132959624229107	0.3316318675851599	0.8654808680024285	0.11412824478539711	0.13384147488525144	0.09841694004618609	-1.4022279579619203	-0.5870952640332793	0.2973665842242641	-1.317371781903008	-1.4527162886666862
CTSL	0.3249522473606479	1.8366276652894724	-0.724136219396439	1.507995473629579	-0.5930409815836264	0.49696674513241995	-0.1723962105220268	-0.14826427504058362	-1.7932728598915357	-0.2928065320186851	-1.135884355006147	0.6932593020469199
CTSS	-0.1037020620246878	0.4001910235142311	0.20348914225084522	1.0322864149501445	0.29598503940401905	-0.2995618836599803	-1.191223531648504	1.5816977177918101	-0.9468451347340254	0.8108481370634311	0.4275300429604618	-2.210694905867718
CTSW	-0.45346138979683287	2.133963860557962	0.7375648908500491	0.1000454599284857	-0.6332376737332891	-1.6004109818006604	-1.2341711005559473	0.35386547318675377	0.013681411538498837	0.20936976964115225	-0.8041467391094732	1.1769370192933006
CX3CL1	1.2421425522136011	1.4315645088525475	0.0074483205814037815	1.5036464740101054	-0.6852354027286341	-0.016244345128520382	0.15679385648275462	-1.686365076110056	-1.059278937397948	-0.2596972579285319	-1.1592572393123832	0.5244825464656647
CX3CR1	-1.6390946770737282	1.368297856406674	-0.4570081646212517	0.522700852961989	-0.2815413756072097	-0.5691921836061745	-0.14452366891525942	-0.5299999985137055	-0.34214472781121064	-0.2006444010669381	-0.1887731694226319	2.461923657269452
CXCL1	0.4300462237883743	1.2796683749301565	-0.28016324586935554	1.2960692499474757	-0.4538242620185866	0.8348450672847226	0.025559327512234636	-1.4145048959088438	0.25317056722534126	-0.17875062778508344	-2.2768068561960098	0.48469107708959724
CXCL10	0.6345720679875095	1.691609686602709	0.7353947392389344	1.7505067077144232	0.3011307022439703	0.22548327792082523	-0.6748280265070978	-0.8435863174350517	-0.7902136583800863	-0.7403846269348604	-1.0260821037548096	-1.2636024486964552
CXCL11	-0.12975662828198176	1.458356296820032	0.7308624765028991	1.690281103218444	0.5489657497482011	0.7195718411291733	-1.6421808357619554	-0.8879222259728913	-0.6350613807775749	-0.796911240736604	-1.0594612172791236	0.0032560613913864512
CXCL12	-0.5411502929766043	1.924671777476407	-0.35182349663482293	-0.2749785618669212	-0.7335200226875513	-0.639192079623124	-0.44993472012806796	0.538477000597171	-1.9253610103352192	0.28089282322537223	0.7544068126038577	1.417511770349499
CXCL13	0.034458862114460295	1.4876003307510757	1.0387750416548927	-0.10835324829089238	-0.8581545909875161	0.3835340160951308	-1.6783863496582663	0.3992087783385952	-1.483614731018125	1.2203864560562663	0.5068145336914165	-0.9422690987470329
CXCL14	1.3582094813078078	-0.4608663169977342	0.7198591740112107	-0.12379302123802094	-0.426043680099045	1.699222231405462	0.8669908778120522	-1.3706333367839583	-0.25516792529255977	-0.10038163963319523	-0.0008331974310886639	-1.906562647060916
CXCL16	0.027939114060139353	0.64139976369775	0.3181599351619675	1.7283229950124697	-1.1925835612888216	-0.5436204494338689	-1.6479107255199223	0.17564356290526778	0.9309761185800187	1.1902105114835904	-0.35281654422750164	-1.2757207204310888
CXCL2	0.8952736826953039	0.22566268790789518	-0.39895907276722475	0.8614271815546936	0.5274387551757711	1.1603994849762171	-1.3864167415279491	-1.1685932114736246	0.843134772356601	-0.23950343999524146	-2.0190857220168095	0.6992216231143469
CXCL3	0.7798441259487104	0.3627795665910616	-0.03865451097383884	0.9889534388595108	0.35344936813169137	0.9077834180603095	-1.153681411942001	-1.730461688504458	0.8094285331162598	0.0247059723612605	-1.97495870240082	0.6708118907523106
CXCL5	-0.4305491470158672	0.8678908239218827	-0.7643317471343288	0.45364317920112096	1.2812436272901329	1.3735983495912891	0.21782698667044811	-1.0389944010765413	-0.6248812785952143	-1.2122399644514992	-1.4306338786179298	1.3074274502165035
CXCL6	-0.04863295154938091	1.645319093042321	-0.6890915670926471	0.7590623734508886	0.12298611955436277	0.36921432479507343	0.713522604704331	-0.8786088798285898	-1.0367885409489659	-0.8497202270587884	-1.6354523749884609	1.5281900259198613
CXCL9	0.5259430647039296	2.341593410442304	0.8208417982344667	0.8744147147120891	0.09950244083051675	0.0659799841401672	-0.803655666063134	-0.8221117303461977	-0.04447089261324401	-0.9431387809899655	-1.4685888678610302	-0.646309475189893
CXCR1	-0.40314649584310414	1.782140531402124	-0.847942893326936	1.7770289511284594	-0.1369332014766165	0.3542077123909209	-0.3026398244100342	-0.30903583649099287	-0.6564670340334837	-0.5760636899140811	-1.6555876797891955	0.9744394603629456
CXCR2	-0.5891338155061098	1.7629389829310635	-0.6816085216430023	1.892053423743425	-0.10233009047484133	0.3981005763603276	0.12502509966701475	-0.5401142902572243	-0.6875217481701692	-0.5916230004683142	-1.6581420714887898	0.6723554553066198
CXCR3	-0.4416332975645102	1.2819424311209908	0.964854460620044	1.331785664470863	-0.1545404749874576	-1.404145167814362	-0.6695521906709926	-0.9617453790309967	1.005088693160277	0.0380366822016458	-1.6322429550553628	0.6421515335498543
CXCR4	-0.49238119211403164	1.9641351838976027	0.017873325591762863	1.9879630020848023	-0.38342289240771094	0.8231678580146963	-0.5140367266246479	-0.5890186827221455	-1.246917193552325	-0.7220226682121073	-0.22492889439558508	-0.6204111195603281
CXCR5	-0.8958099285870498	0.9002202102683428	0.25385653476411946	-0.8115420472461592	-0.42152684698716353	0.549808252606498	-1.5485386868820916	0.49851944439276263	-0.7211088183740959	-0.438531540686015	0.23228993242218068	2.4023634943086742
CXCR6	-0.10735736226025931	1.5679930725762796	0.527885142518709	0.691549680115649	1.0030550624019603	-0.08689842433965256	-1.767794148565325	-1.038882243285352	-0.6956386348823288	-0.05384793667786842	-1.2584403351390587	1.2183761275372318
CYBB	-0.47749238046308884	2.2385799765270606	-0.5342625403507453	0.9832424894815023	-0.8148736443333418	0.23009639434459142	-1.237940625765083	1.3232291351853465	-1.0030684465763968	0.12504432992616427	-0.15188495670518268	-0.6806697312708203
CYFIP2	-0.22379956345676824	0.6270100109831971	1.4010338644698352	0.7977463593174555	-0.38265635538487536	0.7486148146319727	-0.7012004153638052	-0.21297610127366587	0.043313112474786745	0.6878719727218319	-2.6887326093602413	-0.0962250897597069
CYLD	-0.40387768404937324	2.44643776137838	-0.49182777926360743	1.3607483261280906	-0.3131416861309771	-0.287239212924856	-1.2398920864732415	0.23901689253737632	-1.3905610454369057	0.06662887043327777	-0.14327213396640287	0.15697977776823907
DDX43	-0.5053338021290151	0.4429748018285454	-0.5552427860424288	-0.09827049459614974	-0.3845194472684102	-0.0688883901018858	-0.7756861629119773	0.17640062446763377	-0.7514129519246472	0.05847787689698984	-0.6195899271175905	3.081090658898936
DDX58	-1.0049619503164304	1.3317712575050613	-0.2980312612027866	1.6149603165944881	0.9027230848718684	0.5378792842497696	-1.1494970675512688	0.22761445277188372	-0.7540052721383097	0.7473860762009429	-0.5342229571304415	-1.6216159638547758
DEFB1	-0.20287629002801513	-0.6276402330157088	-0.856475762797462	1.0752570714450966	-0.035496069260818754	-0.5349359610234428	-1.0664698890232454	0.5645471581885175	-0.17813354606848172	-0.16647262137790764	-0.690709663819527	2.719405806780996
DMBT1	0.8616819083095146	0.13418003688237748	0.2790686172356154	-0.8340110017888285	1.1428322965075364	-0.18363714213911195	-1.4044792903768464	-0.7680050692441408	1.7908768845233178	1.0596634082850536	-0.8462887148414484	-1.23188193335304
DOCK9	0.7614826258611896	0.19309286559381597	0.7618909477869521	0.19512079161870519	0.3519068399011049	0.8952524434588041	1.1258375656248352	-0.9420493959140156	0.3078973638006741	-0.1892803202399606	-0.8463775546834951	-2.6147741728086173
DPP4	-0.9772679050462262	0.2061321997165111	1.1362195648125037	1.981280755592211	-0.7590785661497931	-1.16585116173872	0.4332536852677341	0.8688533176678143	-1.4650559966668306	0.4970461728704406	-0.7162230162272165	-0.03930905009843102
DUSP4	-0.9773666165981285	1.2665003489345685	-0.0138889631643366	1.2859212273805352	0.05548441241960061	1.6789827756078712	-1.3481937110759794	-0.18647526579575674	-0.7368275447694218	-0.5918150463830398	-1.2471489746764775	0.8148273581205627
DUSP6	0.48445558230450697	0.1049261106717319	0.2342571037000165	1.0874834076936322	0.20808159895228365	0.615981939865129	-0.7508637468298575	1.8365026099824593	-1.2615614991913644	0.2150523329932571	-0.8077921879067352	-1.9665232522350629
EBI3	-0.4571718711241124	1.8111637476452298	0.4527274430131303	1.314781808300503	-0.07626142439891467	-2.102117379741239	-0.5504806968407827	-0.24809714202189376	-0.03238737834330975	0.7179203192527794	0.26569587285397017	-1.0957732985953546
ECSIT	0.9512336475801685	-0.5062781634722019	0.3758374897076333	-0.0062007602212113015	0.9295498465638146	0.6043533152917174	-1.116012198941889	-1.9467178160589438	1.4962736859626646	0.25689654565263637	-1.4106807362447265	0.37174514418032595
EGR1	-0.7344136569090125	2.0887359125577314	-0.762331705831221	0.7840323119077576	-1.2720107693791298	0.24277952966654145	-1.0594575820772996	-0.12294821500475248	0.5797811288221388	-0.12951229814510815	-0.9606437486396454	1.3459890930320098
EGR2	-0.9949437722643515	1.6644188271115323	-0.5733209529894893	1.5111219650841603	-0.8623382077727537	0.09841713199108924	-1.2198705802025935	0.055266892154449576	0.07554250905485498	-0.4554987382828792	-0.8585560513167648	1.559760977432738
ELANE	-1.7258321364204514	0.2328116981709106	-0.1682611394068724	0.8933206782068372	-0.32218449543785527	-0.5331888865988771	-0.47933292379879633	1.1354498445736159	-0.22389424993233883	-0.45502414693555665	-0.6970985249365586	2.343234282515943
ELK1	1.463227368798226	0.6578728654062422	-0.13404481152033307	-0.03112562137907733	-0.9298977175633628	1.1524391751922451	-0.4827351863347468	-1.0017056895600054	1.0468654312778156	0.07210613142810827	-2.1779851892627167	0.3649832435175868
ENG	-0.5719430209594393	2.5044004245647065	-0.5804071911207827	0.5678218006512903	-0.08413617349437999	-0.6201168882592931	0.6890273833567239	-1.3744126857634194	-1.2779469230239489	0.3243781738106111	-0.06957694454803715	0.492912044785984
ENTPD1	-0.28946284546921885	2.811264403866659	-0.5003232266972083	0.5529020511746975	0.38738112950288534	0.3238558192177773	-0.5648283041110951	0.14699621047016184	-1.4048301725174086	-0.1589341856441277	-0.730594651655596	-0.5734262281375323
EOMES	-0.9033607168053921	1.7906845243683704	1.1025817498157409	0.5751365249837851	-1.0753540718585803	0.23593094934238332	-0.1500781231290293	0.0629367111315561	-2.2500696974905035	0.21051226207604096	0.15142806844354087	0.24965181912209478
EP300	0.9297013450811561	1.8227816055004302	0.5487185596470463	0.9536005047823914	-0.16139609651732964	-0.9727071516717835	-1.0751456402494328	-0.22400277781919511	0.4998830911432789	0.002433353064005684	-0.3033631051388383	-2.0205036878216993
EPCAM	0.3623221843680279	-0.9158707207392891	0.7549529052208911	0.8399228434937447	0.2026867609263703	-0.08131513841523587	-0.10279173483288116	0.8869813463366363	0.2592567229436618	0.8787187444151819	-0.255588979269851	-2.8292749344472505
ETS1	-0.24846058644762425	2.5186367894299204	-0.16957440893385342	-0.05227590674365413	0.2811060519373385	1.3257817282546993	-0.4125294176974322	-0.764553232352013	-1.4039079263921688	-0.23585840002070882	-0.9640646778202052	0.12569998678572863
EWSR1	1.1640791704732327	1.3426246266106432	1.0658618707445755	0.3752613856097685	0.22014843134697026	-0.5815697971599334	-0.36772637784975615	-0.917511986097395	0.6075580729801615	0.28000350387132206	-1.0155157253373943	-2.173213175192187
F12	0.7077647690873112	-1.2180591852220959	0.43619518574550215	0.9033195375952281	0.4328666919974343	0.46860848290787005	0.24662239265469227	-1.7390276753258769	1.4367924144967064	0.5981714155323695	-1.6421552812538043	-0.6310987482153311
F13A1	-0.23341077172213337	1.7886316538571336	-0.7583356234053668	-0.6760272318779447	-1.459648514742254	0.06998279843087758	1.1422392417142733	1.395449142639652	-0.8987180285514345	-0.3135787210747303	0.814068914468913	-0.870652859736963
F2RL1	0.0462044260780605	-0.48883368230585666	0.3578982837963084	0.49330159024996884	0.28535377100804227	0.12544114919784127	-1.3529704473244706	1.777969147657228	-0.36148215464963995	0.8481173379284269	0.5399275725721813	-2.2709269942080996
FADD	-0.020486184082280666	0.7193559807640455	-0.17683646473481981	0.2806932393238586	-0.3840270582254887	0.42358719790643207	-1.551904257016443	-0.7718337171943088	0.3538607762645894	0.11299688423606832	-1.4147235704575358	2.4293171732158965
FAS	-0.99784490524688	1.9713255675374717	0.24646055685280557	0.16578492358113975	-0.2951078753407247	-0.9898563547201499	-0.8278589857977436	-0.0839101326500487	-0.9055888891543746	0.2560609394847181	-0.5578352951120048	2.018370450565794
FCER1A	-0.7292167424432943	1.1600229466976788	0.04276139339123223	1.0939731994755058	-0.09387443422008009	0.16290057848800713	-0.18422215443450868	1.2609557827860927	-1.8542669835157362	0.34937774895184615	0.6152589027109776	-1.8236702378877112
FCER1G	-0.6090950975465846	2.3566505827639634	-0.4022403134171167	1.604242949221662	-0.5831427516012881	-0.7016132392161878	-0.7820357041667666	0.15629098803910005	-1.084796297449495	0.5668591041431544	0.08410622693048138	-0.6052264477009197
FCER2	-0.3173147650851688	0.46573152595037687	-0.15665032377076527	0.04300620417302024	-0.13964130270664982	0.888357187245151	-1.553883351699226	-0.1131264495291059	-1.9863996377497806	-0.046780750785746214	1.7888361724051796	1.12786549155272
FCGR1A	-0.7899552453198727	1.1701412466604495	-0.49331653222993826	1.075632435722721	-0.014024440863135828	-0.2658650688243173	-0.8706896106880432	-0.5771779879847398	0.23345300897735188	-0.272353668471906	-1.467717235562695	2.2718730985841202
FCGR2A	-0.7763672481914307	1.7160797717339853	-0.6932539763514909	1.8492647541225966	-0.8097491935358613	0.10647878803066606	-0.452507203252654	-0.31850728319398935	-1.2094920468745105	-0.09160112625955613	-0.6287991412109831	1.3084539049832222
FCGR2B	-1.3616094197482134	1.8867859412577195	-0.020714803013623318	1.0812182804897459	-1.0421616337926376	-0.659197149296263	-0.841644744496658	0.6936434941454653	-0.9149195374075558	-0.5667386081587112	0.9846389745116012	0.760699205509139
FCGR3A	-0.49316193485242177	1.816562237446993	-0.10591854123595217	2.074754288858937	-0.49520769828290967	0.22577188069080406	-0.22276603396031866	-0.4376466687780894	-0.8979796602186899	-0.34017644687463894	-1.5744571302562917	0.45022570746258955
FEZ1	-0.3233273156793302	1.8862437239511567	-1.20007462096757	-0.02516616606626322	0.14502906493140474	0.22333473565893638	-0.6039851178977216	-0.5447103936910648	-1.5505401980951208	1.0301851541708402	-0.5756511812178733	1.5386623149026
FLT3	-1.0551553916123375	1.871050109475002	-0.425026439303894	1.3699450445532264	-0.4135011213822614	-1.5244700526141353	-0.8032990394629504	0.5629085712994517	-0.023102459877677388	-0.49573831814582897	-0.3020559590097105	1.2384450560811167
FLT3LG	-1.2633786258311277	2.550548516132498	-0.04062968454617697	0.6894055826440867	-0.964546067389909	-0.4214259722559808	-0.7035836051363735	-1.0139149776747851	-0.08018019848329586	0.37812907866100653	0.0720540425749155	0.7975219113051304
FN1	1.0675419181541939	1.0153735451255825	-0.4918337968794743	-0.7337237247195352	0.010339725338692943	0.1264043804577854	0.2397347169207902	-0.2503434474958174	-2.4916252749837158	-0.11369757133428866	-0.018724046898062726	1.6405535763138526
FOS	-0.39545307416243924	1.8433547804491381	-1.0938593121406592	1.0955082611571991	-0.9499519744624888	0.09717089883281546	-1.1980472296001248	1.122778665291101	-0.8297006974243706	0.009664976583092556	-0.7748904523181749	1.0734251577949057
FOXJ1	-1.445680069883489	0.5371243638143153	1.0260199799054575	1.0257844205296265	0.7526165158399886	1.1608555920600194	-0.7416384594539916	-1.7415795018634674	0.02218546272054848	0.3246019084319783	-1.323303884731902	0.40301367263090987
FOXP3	-0.5134124820515225	1.8817501105202068	-0.184140000720699	0.6812626866337783	0.9392306428614495	-1.0802154231042085	-0.7532293855954844	-1.192602896107695	0.0942295419727468	-0.46784556456470094	-0.9780462572635428	1.5730190274196818
FPR2	-0.3882213865493085	1.5527985866871825	-0.7594890669024756	2.0338254318517026	-0.41278613409047915	0.1524573711404967	-0.4253584543989501	-0.35308373346569905	-0.7543278961207079	-0.8188942494943734	-1.1322754306016865	1.3053549619443008
FUT5	0.18298588330971488	0.3030349466566928	-0.8134879845581867	0.8019488328486337	-0.89113253552628	-0.08476900253939258	-0.4655636079604213	0.44595265964409936	-0.6831124904626421	-0.6721222304453429	-0.8886537574553739	2.764919286488499
FUT7	-0.8450206002205803	0.7913770448012502	0.29735858570188395	1.1932796697449823	-1.0486685221605494	-0.3167736048219312	-0.6179314446906448	-0.01790896336617413	-0.14524224850572165	-0.3721141647567189	-1.3058737725636245	2.3875180208378404
FYN	-1.1370210808732315	2.3445907758496194	-0.017121457156447018	0.21820003949579786	0.04309494308157081	0.3032980561195235	-0.08586581586828618	-1.305420305562259	-1.1436462214077938	-0.38052680314481113	-0.2042713431914296	1.3646892126577317
GAGE1	0.13685017790145815	0.9414546619307465	-0.43011215649740386	-0.3867025148822671	-0.14239138750447944	1.0384613583627718	-0.6836622354197042	-0.5619518015363606	-0.8917476050361562	-0.6049741082503675	-1.0050512526768247	2.5898268636085793
GATA3	-1.2261230051799885	0.949649972655567	-0.40312610792301923	0.15970889928888216	-0.583519365837469	0.7086075496475688	-1.8162366950358546	1.0979342692974088	0.5117676747838372	-0.7956282348996879	-0.347770006542914	1.7447350497456757
GNLY	-1.1808557418448096	2.032514677279033	-0.5084225335257886	0.18763183478900772	0.07151087008328458	0.2863551555866695	-0.2203918725532637	-0.6381575429235621	1.3356853188823674	0.3766187419366006	-1.9185751500115011	0.17608624230195716
GPI	0.8699509399326509	-0.44005727775389913	1.0483264444690044	0.8046693472531932	0.37991722184627286	0.5133181916767497	-0.7723487131344081	-1.7159125310050913	1.212013724277421	0.6969225800848889	-1.1801215441104032	-1.4166783835364127
GTF3C1	1.487911625349257	1.7329504379442462	0.19038009665092887	0.8535384723113266	-0.23991186056263564	0.5588760518473888	-0.12223425066613931	-1.1046705106013779	-1.4337303656469156	-0.16431773790098775	-1.505428455062753	-0.253363503662369
GZMA	-0.4911993988720533	2.075147600181128	0.5204284500886514	-0.3463991513697652	0.3682226593482272	-0.6873604017225012	-1.9794264762470248	0.5649467658103068	-0.3843277466407685	1.2800643503133746	-0.4019979540947088	-0.5180986967948542
GZMB	1.0230775341156482	1.0456415087069788	0.49731970508748385	1.2309105254063004	-0.616723768556853	0.8423464251883834	0.3379343271174209	-1.1190413189852733	0.1965615812919512	-0.8097631109197331	-2.178102991628181	-0.45016041682412705
GZMH	-0.5414355775048779	2.337494107935173	0.6082393204575988	-0.06127847528036041	0.09361857103688007	-0.17216115891168737	-0.6454921045521024	-0.39875988686106506	-0.6987306365348415	-1.2851937345225524	-0.8063461822614687	1.5700457569992965
GZMK	-0.4101958563504627	1.8531314782992538	1.522803186918954	-0.24687746169678002	0.10720977943225675	-0.228977454274976	-1.1957679385897464	-0.5549362994998402	-1.3633643237504864	-0.877195966812237	0.14213770369958162	1.2520331526244775
GZMM	0.14193123050730666	1.3233024394981237	0.14193123050730666	0.06688806436770822	0.1947349228455358	-0.3342279367647084	-1.7222880673651606	-0.5308523596068465	-0.6837235564055225	-0.15495528669010192	-0.8186148329353232	2.3758741520416944
HAMP	0.20012949085105555	0.6935719081615294	-0.5160591469026744	1.4931771309430546	0.16884492203641122	-0.2962810690510304	0.38723582152289704	0.19182755081786426	-0.01675426861444723	0.06364748026068048	-2.8976721631766336	0.5283323431512945
HAVCR2	0.5531948745987328	1.7651352323571654	-0.6177401382341283	1.4704475190027089	-1.1441520272056074	-0.4002190442702318	-1.4886778403670138	0.7978628757676829	-1.1581582579507392	-0.23738030937348853	-0.09350775892382786	0.5531948745987328
HCK	-0.7490880215385323	1.8565747867345719	-0.9820589637368294	1.6612787799195772	-1.2407375416005606	-0.1522371890049315	-0.4455761939325606	-0.34456204147121033	-0.6776342085080652	0.05920576483220905	-0.33228638570878327	1.3471212140151088
HLA-A	-1.0866696006483196	0.5270525210946193	0.022919401004955545	1.0195190284821536	0.7091925109554724	0.7704264832397938	-1.2004865808435354	1.4862347516964745	-0.3330445023944591	0.8084790932527114	-0.9868254045674953	-1.7367977012723899
HLA-B	-0.7153129546353686	0.5948187091358889	0.42002613271220934	1.35636842570802	0.6998361470339011	0.6412034894266363	-1.5670421385349058	0.9537522866214797	-0.5506417193211471	0.8618528068712804	-1.051585346629598	-1.6432758383883876
HLA-C	-1.413563013925522	0.7087586565134307	-0.41238602951332454	0.771394666043523	0.19734165314474633	-0.12629049471870132	-1.3990972614539146	1.224681085805455	0.5658080952538734	1.7546901703521447	-0.7457340213025254	-1.1256035061992082
HLA-DMA	-0.5847565230212834	1.4666251012411333	0.1892839887326141	0.7910645569169817	0.07488919155136964	1.1003407137416545	-1.6975036847592295	0.4986456889381301	-1.2866352479841536	0.6454010945979515	0.3260204866061752	-1.523375366561323
HLA-DMB	0.10689445012956117	1.0230723347419253	0.5344374225384448	0.6398912195183601	0.299084626241626	1.499287544883999	-1.6286581472124222	0.43711158850980725	-1.8307765606661917	0.28808038604694264	-0.0947731408849222	-1.2736517238471232
HLA-DOB	-1.5166512392707518	1.3833381085259797	0.8954841376310797	1.574960458426668	-0.5015530354000872	0.4293962581197782	0.14002307813627385	-0.8624509400594038	-1.023416238028723	-0.3721050191204002	-1.1000936456051114	0.953068076644697
HLA-DPA1	-0.17909471701118582	1.5021286441683503	-0.15592307474063688	0.3289889979732951	0.23180636805008245	1.172018441836324	-0.7877355334568342	0.5631780858562432	-1.2203100069315709	0.5978118258927517	0.25033082727131295	-2.3031998589081355
HLA-DPB1	-0.28837743050261117	1.5100010306987017	0.2582232185632044	0.7969855581398337	-0.05923234746572427	0.7479660222830619	-0.8456646001509841	0.5776409682063562	-1.1438833137903603	0.6934336612722755	0.10304616451741698	-2.350138931771179
HLA-DQA1	0.4152784123360325	1.0015327246568537	-1.5410547421785818	-1.2458236919550059	0.7990999094878273	0.9544593203295041	0.38783104341917585	0.8177605647994027	-1.2680228072285114	-1.4305773954710468	0.9145527147372307	0.1949639470671198
HLA-DQB1	0.7575006559878671	1.4376772693880322	-1.9772383724760305	-0.982025661307676	0.7728199811134598	1.0947567578623585	-0.010287596442709063	0.37088750083923	-0.9471696782313082	-1.1038713245095453	0.6568666639914003	-0.06991619621508183
HLA-DRA	-0.016758913783382234	0.9866236494047059	0.49906153278574905	0.8617048700024706	0.32492436495559146	0.9010859992572301	-0.6042112052024207	0.4781494787044453	-1.395376451996667	0.5743755201110579	-0.11283058511284552	-2.496748259125948
HLA-DRB3	-0.6500914187186976	2.038132533063915	0.0889739618907981	1.156143155381688	-0.35125013783417136	0.34498396837444933	-1.5165273733649027	-0.015701796928589525	-1.2325908143415432	0.5735522447724329	0.6747108292616008	-1.110335151556971
HLA-DRB4	-1.2321150038268849	-0.6630868492318163	1.1870432988913688	1.5028367926670232	-0.9754760256793563	-1.1713649409185274	0.5957787410173984	0.956148279045885	0.4180310227179663	1.0526265388929796	-1.063103376022639	-0.6073184775533946
HLA-E	-0.6834904368519645	1.1248108055513235	0.24905538977731467	1.6018824732900874	0.3550609370714805	0.17148084470519506	-1.2075659370446363	1.2159316864617982	-0.7405990722001979	0.45612936701141177	-0.743042475654504	-1.799653582117344
HLA-G	-0.4370603781847422	-0.01873782403792071	0.8375393934156063	1.4877934648806264	0.25253196367555414	0.3127908815059894	-0.9899797703664478	1.340201011712894	-1.4500790251492688	0.6513876847746257	-0.13998982353558292	-1.8463975786913374
HMGB1	1.6977187999102121	-0.8468585926742095	1.1833090282994603	0.013986927714260841	0.6195802736879752	0.4882089658357345	0.45154590086000707	-1.4361048472136593	0.21908841470621124	0.12149571903035872	-1.9245239630313695	-0.5874466271249915
HRAS	0.4925089263364201	-0.37224216591887127	0.5187611142865971	1.6046492945739357	0.37845994705729374	1.1074732080093779	-0.5766239301149622	-0.334976107455423	0.7062805792410952	0.03201446141962772	-1.516509476856728	-2.0397958505783556
HSD11B1	-0.7485434818891198	1.2110008890167878	-0.340945551078515	0.34966196152967605	-0.32250214137137717	0.34049302049806823	-0.17805198333170957	-0.36700092525281386	-1.4756027051043263	-0.7302646838719191	-0.2973829914898178	2.559138592345061
ICAM1	-0.24994670482154893	1.440694067203659	-0.5527619698816305	1.8492200267829366	-0.5239272422123558	0.5980057992590248	-1.011984468122207	-0.9380532323595503	0.27683241797385366	-0.5626851439987213	-1.4185646790080564	1.0931711291845951
ICAM2	-0.4944327914487003	2.4615711304659045	-0.28607033988756675	0.43461921818393606	0.7552744152104982	0.762713216958307	-0.3427203289379441	-1.0022726017447265	-1.23808337432886	-0.6606535118134931	-0.9385964555078935	0.5486514228505263
ICAM3	-0.9314850909056023	2.0929465118920474	0.22398411946780214	2.023626116287398	-0.43216136606456496	-0.06929594032788412	-1.3678928733743136	-0.1973420864800125	-0.39193400101867953	-0.13631256094761018	-0.38024117404633306	-0.4338916544822368
ICAM4	-0.7080139627914244	1.3035972842418637	-0.7455476042591741	0.6219534126086788	-0.3860662501259951	-0.3797887750438565	-0.9113302354126386	-0.6035975346495935	0.08132736742820913	-0.37353957697234447	-0.5330507917534023	2.634056666729676
ICOS	-0.20214141144358813	1.916305206390424	-0.28800136232860585	1.044178357187024	-0.10675778319344209	-0.4949538123798072	-0.5227469412658932	-0.9867268320068542	0.3400973169139009	-1.1450867395092028	-1.2060888544312718	1.651922856067323
ICOSLG	-1.2570813121878164	0.7353347168536997	-0.2148779780595772	1.2326735947262144	-0.6750733274957944	-0.8288939923710349	-1.036263868898155	-0.34931262107281696	1.72169065190829	0.9960059408551609	-1.1535446450637836	0.829342840805635
IDO1	-0.29571848669962847	1.6701192372177351	0.40466201791683076	1.6752491641492004	0.46204146146136205	1.1076608118002074	-0.7049179519022623	-1.0925715419995232	-0.7675612581492904	-0.7709088626975366	-1.2988951934619666	-0.3891593976351348
IFI16	-0.8292604327782469	2.325750345800952	-0.1956646959507797	1.0912234322243206	0.7011255730407753	0.5783911683827162	-1.2001341406902335	-0.5521910644167665	-1.3606199976693445	0.10364491257126564	-0.2274930461772842	-0.43477205433734156
IFI27	-0.3817501127636949	0.36755926258957605	0.3362499450865613	0.8455207993982254	0.9645069392880239	0.6305036955540106	-0.7099024737527061	1.0549505640407517	-0.8489753769082241	0.855376966247862	-0.6499769203803815	-2.464063288400002
IFI35	-0.6651908805055184	1.6989603681724954	-0.6399763960181709	1.2769646288063057	0.633376280497454	-0.1322066814578753	-0.6438985483594128	0.997548779600249	-1.1306582872195137	0.5127457303430182	-0.10483188716303786	-1.8028331066959908
IFIH1	-1.7422702362855884	1.376355620232018	-0.14480336992290987	2.0205481993856553	0.593300975774573	0.7362033536169916	-0.8323484823884604	-0.17872568564007438	-0.2539214989789657	-0.06007463376637062	-0.49903804005933927	-1.015226201967542
IFIT1	-0.8414042394041369	1.2585625032164984	-1.0451192665668685	1.6057965223201767	1.4070503291667964	0.013124520025577196	-0.7720192253936216	0.2437933959990096	-1.6347258560927957	0.4677557859492753	-0.7145136955006681	0.011699226280757185
IFIT2	-0.7526708560708286	1.0090624447411998	-0.8766891728113523	1.6935333618681612	0.08053243388564223	0.037613525645847995	-1.242659083667329	-0.13675132928477013	-0.8732311473285966	0.08148380173139069	-0.9170030413716401	1.8967790626622805
IFITM1	0.17773813932488225	0.48166224717052725	1.1250109515074858	1.17685201126609	0.40589697909306793	0.110366278137476	0.5353194840865915	-1.7102626557557974	0.5822229549567406	0.3509388465947874	-1.6102338803070966	-1.6255113560747747
IFITM2	-1.373728993621057	1.6898372060512195	0.0343828953045343	1.662994791264445	0.17439411510814837	0.47715836865461325	0.33956854706575934	-1.1511141729550056	-0.7710004310550689	-0.0989391513408575	-1.4148697332710884	0.43131655879436664
IFNA1	-0.6201191370750108	0.23224411358371166	-0.2380195183158276	0.562091554613173	0.2586100909259619	-0.2380195183158276	-0.8767033253799027	-0.46959496126912975	-0.21773229460688096	-0.7624740534156522	-0.6371871143520325	3.0069041636074134
IFNA17	-1.1160456801892225	-0.06192269804129005	-0.615689892992857	0.2937398726304519	-0.29645111990786893	-0.11887347040849784	-0.9204671946977521	0.6048224202999097	-0.01711620997683648	-0.3484586877232986	-0.3567068375742147	2.953169498581475
IFNA2	-0.15836726401446652	-0.5177667350337818	-0.07151789913709339	0.3119044502640216	-0.27076536917456107	-1.3158620219149233	-0.2487002569714037	0.044039591782991896	0.0913920450920009	-0.2856569051216834	-0.6216352858473378	3.0429356500762426
IFNA7	-0.6394254772381632	-0.1540027363627448	-0.8848368778522115	0.04210745002690311	-0.09358127928894618	-0.5983616617516496	-0.6474874516617449	0.3222273960796688	0.29762447789974056	0.016920110580816747	-0.7106115725497157	3.0494276221180456
IFNA8	-0.5147915756369934	0.3914526210153675	-1.2412741853786153	0.49702214829067815	-0.659036464014431	-0.6551442594507267	-0.4529589191120485	0.26822306172826904	0.1428493462202633	0.017036118832506653	-0.6570889970040238	2.863711104509748
IFNAR1	-1.387713595966399	1.5710586142469336	-0.5647733995301201	0.6336913170406578	-0.4284952529417942	-0.4800584685081812	-1.7097351864988009	-0.029336741467043792	0.876517376869355	0.40706593646931244	-0.4429497901383354	1.5547291904244107
IFNAR2	0.2077798843661206	2.1512911193396786	0.01620085376912684	1.2284700069697299	0.08648428429392839	-0.20279875557195237	-1.4991813776646021	0.1448659579464859	-0.40968810982186304	0.6697885415764516	-1.0916267944992768	-1.301585610703819
IFNB1	-1.4272167998643206	1.3343041456267806	-0.2411640089413203	0.32238538968989144	-1.2999767273494767	0.44515056494633953	-0.37396198220937543	0.49738922129580593	-0.15383406755686446	-0.61809779864081	-0.6902276156673133	2.205249678670667
IFNG	0.1215304909166008	0.6598294253405788	-0.7070297880024122	1.4723577854395316	0.1461073309640133	-0.39714034352097916	-1.1882926897677366	-0.7288446918072565	1.145136701303288	-0.6794958745041707	-1.49919821992012	1.655039873558667
IFNGR1	-0.20177458705925713	0.3385509334666895	0.15466026090180585	1.5735348376770375	0.43630116398949187	-0.021420136694905636	-1.2738736571285667	0.9212127110719905	-0.6814112175281889	1.2775900437842733	-0.4243448681154597	-2.09902548436487
IFNL1	-0.279313096173563	-0.6511629624590777	0.17080608339381242	0.6095717207799991	0.42488356589838744	0.14074936030060958	-1.1183982447211307	1.0171850251793757	-0.24090977504970407	-0.9122448810186476	-1.5001345616019417	2.338967765471881
IFNL2	-0.28335601818812983	-0.4390430739674986	0.10767375176316539	0.8449770486926151	-0.7553847876413164	0.01312762668637155	-1.1797005056525944	0.5324446792727155	-0.20756272428916805	-0.5482394857967074	-0.8560308629934771	2.77109435211402
IGF1R	0.13542850159754383	1.5106100164229528	-0.2092943477384181	0.09441243740724854	-0.67431472722461	0.0829636267479895	-2.058878235603866	-1.0830341923649056	1.2469379380531889	-0.3617669228703392	-0.12274363307915917	1.4396795386524077
IGF2R	-0.7343554244975778	1.515353237965891	-1.0082106083306952	1.4303015285338527	0.48307887405883365	0.9467711930135772	-0.6866516551485841	-0.8022605474194586	-0.28896928599811705	-0.11210534890172576	-1.6915635814024212	0.9486116181264392
IGLL1	-0.32040433375623617	0.6851788573507016	-0.7620421889514281	0.2692000050782204	-0.5856122411467246	-1.0729553514162322	-0.787920720978414	-0.1731747194817652	0.6650005935118446	0.2774596369092706	-0.8975036889190502	2.7027741517998183
IKBKB	-0.39710556212980197	2.1967468729603095	-0.10641260052705052	1.5557525258141442	-0.49076615001321766	0.21339292188959869	0.5188365342501079	-1.7301532235136567	-0.2667645325201209	-0.12282181376925663	-0.6137747947506443	-0.7569301776904354
IKBKE	-0.6122642116184206	0.7041328138810993	-0.11015573967255698	0.7554446647920177	0.29022335512672226	-0.1172301454253018	-1.1159736394454893	-1.4865909925571044	2.2466708228679004	0.8269289395342788	-1.0830197953745728	-0.29816607210857254
IKBKG	-0.026959665286351943	1.1970363699022672	-0.17102387843770883	1.5395329788731622	-0.5517614633439338	-0.4889473372429089	-0.4120573747946514	-1.5940527255389698	0.9800436826989538	-0.4828661043879055	-1.358098684862449	1.3691542024204804
IL10	-0.6282006318237842	1.9107750331919673	-0.5312262878263297	0.8043198086704164	-0.24819985910482678	0.3811344437038783	-1.1885595898497683	0.11049569486671135	-0.17320619172745355	-1.059690793456939	-1.1112854435905877	1.733643816946715
IL10RA	-0.6587157321077383	2.4166270922542292	-0.3754781172092057	1.3500842484412368	-0.4439568999812191	-0.10407058035074178	-1.3989251051284246	-0.6933608206157401	-0.743073372384963	0.6029614576570503	0.33999074688421865	-0.29208291745869513
IL11	0.20169176929773178	1.5430521428410977	-0.9237604968637997	0.6352923350835519	-0.35731519080574026	1.2352349940260912	0.2604779162090984	-1.1312018194051696	-0.4228120409607676	-1.1654791930367567	-1.3115503668897468	1.4363699505044132
IL11RA	-0.2715690785561335	0.5964648524991715	-0.5107300725044499	0.3377679643795659	-0.17120796608386019	-1.1111097806426624	-1.394032259674991	0.31374919896335474	0.9557327640595102	-0.5961597469554558	-0.6409457733996291	2.4920398979155727
IL12A	1.3754004246648037	-0.09578461769631905	1.355844595243458	-0.09191109394866347	-0.3143866319647627	-0.3019533658618354	-1.4478876044325137	-0.6146974347182231	1.1676940984146862	-1.188638112098283	-1.1049509694315598	1.2612707118292192
IL12B	-0.12363225683881458	0.41629121076373093	0.2865399686241199	-0.22453063461179767	-0.9156919284548923	0.6140255209412994	0.10773752153250629	0.2865399686241199	-0.7484084388339449	-0.22006044925753368	-1.9331810854015314	2.4543706029127375
IL12RB1	-1.170118581124055	1.4586336857829947	-0.27101037220976393	0.6607794727990797	-0.2534467313056211	-0.24662302432088168	-1.276182431152127	-0.12191318925993196	0.0453965664359983	-0.8270548389372028	-0.3287811295589712	2.3303205728504786
IL12RB2	-1.0286191795897286	0.5859298120463584	-1.075093086550414	0.20940536365293444	0.17908627666931665	-0.5340501498318286	-0.6940181066565697	0.23955831781944417	0.14520131512660633	0.6576197007500795	-1.2431007457265824	2.558080482290369
IL13	-1.3188432625493784	0.9465337978240433	0.7918247194307199	-0.037466194499589454	-0.746223158481247	-0.040413453881375634	-1.466029512046291	0.32681039242214754	0.10270867391521879	0.15901956642675993	-0.9502036095109004	2.232282040949891
IL13RA1	0.3990623711801934	0.14688371221999497	0.2153430865507824	1.1223819324616762	0.23176218176932908	-0.6186403733425302	0.018323094958578142	1.011864449750128	-0.06594584774703509	0.714735976298014	-0.26605516703698034	-2.909715417062158
IL13RA2	0.33127475769766634	2.1598667375842675	-0.4897670827571212	1.109918704226228	0.15085137723851744	0.8318709865792032	0.5465706155830443	-0.8216675795708318	-1.0480349360019403	-0.47840582487646405	-1.3805702345134845	-0.9119075211890854
IL15	-1.2413274580909013	1.8947305492964812	0.4157617476391629	0.765431802515883	0.058443225657297246	-0.32215749472323285	-0.5072069013633081	-0.29088746716329683	-1.5401529872225317	0.24187968702656742	-0.9807682655795726	1.5062535620074737
IL15RA	-0.014909573570733673	1.4407386472007018	0.42812139051023673	1.5880920576124342	0.058846410794588626	0.18912751833479818	-0.8952852806976219	-1.384165528962799	0.1930410656926034	-0.04529489625906389	-2.0457574908058187	0.4874456801506926
IL16	-0.7134405112321599	2.5180359401133834	0.16622157130349707	0.9656290054166435	-0.3497696856948735	-0.5994472082603548	-1.3764431940640227	0.28204230614129505	-1.1424329335788566	-0.07886893605775705	0.5939392502655713	-0.2654656043523677
IL17A	0.6322554312230818	-0.2578691322340065	-0.324874504460928	0.9840152831166042	-0.06132431800849349	0.16331595140957367	-0.17370345804341095	-0.4835503039556294	2.168145269077241	0.05085183085826198	-2.303735574410793	-0.39352647457151446
IL17B	-0.8127499312158021	0.39912234315094464	-0.4452868703120202	-0.1732780412299291	0.5231929341493851	-1.2888078215783265	-1.6002784029204862	-0.2066041351090439	0.5736198074918435	0.4431140904815646	0.16717888205718265	2.4207771450346827
IL17F	-0.6560051483345277	-0.019986793324021215	-1.2010616518077013	0.8584018919598622	-0.4449325409167666	0.39648857269630383	-1.5636618945112712	-0.14410258801004816	1.233429513711217	-0.10932353245960852	-0.5298144096141411	2.1805685806107107
IL17RA	-0.3266652220406113	2.362368453367794	-0.5767180610723806	1.3458253891936558	-0.5304469476410217	-1.0732023102129895	-1.1620845270829863	0.030431248765676478	-0.7464281602171884	0.18229519390916935	-0.33210029066683133	0.8267252336977385
IL17RB	1.2070052644672704	-1.2971689695457658	0.22999016150256446	0.6176459439857578	0.828894067566388	1.06524002151343	0.04088156260057568	-1.837046746126455	0.7843655429719679	0.476766579345457	-0.7886406253915426	-1.3279328028896087
IL18	0.04450367784665768	0.31057122084420896	0.01038914446155368	0.30454684289112416	0.5397600129538711	0.5641839901881298	-1.8442396498750222	1.8118480193521778	-1.3475986305722503	1.0152994763567993	-0.12360585058492493	-1.285658253862328
IL18R1	-0.7410884849636492	2.224074757364452	-0.16823111404035399	1.2541502871511678	-0.5011651798823022	-0.146139775589385	-1.5464048439618887	-0.07596925988637036	-1.096173215164411	0.3172014969923708	-0.39892767061238665	0.878673002592751
IL18RAP	-1.1808624340926526	2.3486286711352293	-0.1697447464151594	0.3171527167287617	-0.3988136333598481	0.515746896752084	-1.0373766082828797	-0.005551417800205752	-1.021310485394018	-0.3908936007114734	-0.4211498120325533	1.4441744534727061
IL19	-1.6777611265275663	1.0534061820601452	0.015468672076225454	-0.1765009682185528	0.15405729490688627	0.28089193394699297	-0.4308042951105603	-0.14025804286874358	-0.4767961646829255	1.1055712493652874	-1.620512596216045	1.9132378612688512
IL1A	0.19799054954076298	1.1888466156156534	-0.8922493939352746	1.8696317743221844	-0.1545472995465942	0.7743543926609394	-1.0845298579861518	-0.4374253107904574	-0.17495649021619145	-0.9695405718527096	-1.4323080242107333	1.1147336163985722
IL1B	-0.0963362322551285	1.1151652023197538	-1.3422091319492877	1.5994951474074568	-0.7382030157502266	0.7296486700671391	-0.4283296759773663	0.26814596179839684	-0.41073292694451635	-0.6172379634737795	-1.5399829046807445	1.4605768694383108
IL1R1	-0.9479902781109435	2.40044405498046	-0.9132239889456335	0.974263893368685	-0.6211257839144212	0.6449758492997791	-0.22787563662810462	-0.26981933105255806	-1.2602340462507544	-0.11024860494604075	-0.5325886473619493	0.8634225195614849
IL1R2	-1.56751710631217	1.5094666523000366	-0.49756175169032263	1.6177591801893432	-0.015622895614413717	0.001563644540088937	-1.7473272615234894	0.11799205446454707	-0.6309589025730208	0.23137026232411897	0.9374671619110513	0.04336896198425976
IL1RAP	-0.3045605831326058	1.5903950004568983	-1.0463911592734743	1.77105474464136	-0.49006329003863897	-0.13573750270115184	-0.13382116185608742	-0.6788442217102667	-0.09327025777308559	-0.2136060422341268	-1.6021886537927184	1.3370331274138987
IL1RAPL2	-0.8772821714319841	-0.581102023943994	-0.697952188345397	0.6996386522726892	-0.5938610701347106	-0.06936370002163181	-0.7379446834570975	0.7395800208943287	1.127418160213504	-0.19127981128244392	-1.206235260603629	2.3883840758403716
IL1RL1	0.06417317802165798	2.129337265407844	-0.7024028530449887	0.9499149975172508	-0.5011641332289902	0.9527280376163781	-1.9940524631564491	0.5114294439572715	-0.6784461096322756	-0.15083400613590406	-0.3846768179633152	-0.19600653935847073
IL1RL2	-1.9850566019558706	-0.13969200250309152	0.8823103875539403	0.7215636756957241	0.5057896896202967	0.10445062836108834	-0.34769246566183776	0.2506857562144876	0.6926968098787247	-0.8088102435160212	-1.5426139633505511	1.666368329663108
IL1RN	-0.6668627592440954	1.2686459579054885	-0.2918620952996054	2.185056084749405	-0.22587219900541522	-0.21083616923730564	-0.9827079445767574	-0.4580356096178598	-0.3726963873243611	-0.6159374099730849	-1.084889355889885	1.4559978875134767
IL2	0.3052763681122785	0.3825227278585787	-0.30457236034161916	0.27331038453550144	-0.8144154626725683	-1.102963415480102	-0.3258922389377419	-0.2348619912378571	0.037615589286518494	-0.764985042910548	-0.41617153183816213	2.965136973625718
IL21	0.015871812547374718	0.59942239755804	0.4534037551280379	0.2060688240962941	-0.8165921588969067	-0.42487354295882757	-0.28624746134985835	0.011138621281025931	0.1654865046180771	-0.7754705726877287	-1.750280156161605	2.6020719768260796
IL21R	-0.7504418841706677	1.8037773771245327	0.3262285322190121	0.8044041101356525	-0.4905853665001679	-0.25710717469068334	-1.1115660094889805	-1.3171572348214537	0.2460352934422543	-0.2947298624518529	-0.7953098179680747	1.8364520371704278
IL22	-0.06741945675701444	-0.2818100246015199	-1.2245010507943614	0.6653675475856772	-0.4389490353750526	-0.43549789649854154	-0.8664736985996537	-0.3832073175374094	1.902199426319681	0.16051081721442498	-1.0283178476418078	1.998098536685575
IL22RA1	-0.04048646089525564	-1.4271767877562291	0.33576692017627824	0.9682012930071434	0.2772558024751461	-0.5324060671728351	0.24575629351511719	2.0811597528932024	-0.5057285791031892	0.9082128519500476	-0.7027950275707543	-1.607759991518668
IL22RA2	0.4676967221091014	1.8413838181841569	1.0832417997565968	0.8198484279352868	0.15091314928229527	-1.0517913465173125	-2.0631801711683417	0.2456619040155574	0.17760050351991455	-0.6287139505105672	-0.7748113569165899	-0.2678494996900948
IL23A	0.3530567135992985	0.46034696654845253	-0.9029424978208632	0.4310122906398884	-0.24866969052434792	1.739956174421027	-0.16017088182308256	-0.689310701347278	-0.5728380553344183	-0.8864254161670632	-1.4715530716215048	1.9475381694298917
IL23R	-0.4665936785789366	0.19901393205343826	-0.16942909815662363	0.5536922498066404	0.22742305797018533	-0.7988748700587419	-1.2928453522982677	1.1732709893912725	-1.9168362607337042	0.030357451605001844	0.5352626055924603	1.92555897340727
IL24	-0.4412124130894448	1.1003684381468184	-0.7934700259109182	0.4933523652320063	-0.46050201367813937	1.3771310878251994	0.4003104479299058	-0.43046106305106513	-1.0865866169651457	-1.0573797113777803	-1.0615869933684652	1.9600364983070289
IL25	-0.46339754280773215	-0.6766021567745995	-1.2970953278830346	0.19961820932982668	0.22989943033604918	0.3648615155633585	-0.7376731827876776	0.10797643497835514	0.29129881547436354	0.146917921011311	-0.9636988396252729	2.797894723185051
IL26	0.7517622557310149	-0.3589827789561701	-0.40996928479129247	0.1959626350500069	-0.5247359593904876	-0.024944721040218398	-0.8583340742327376	0.5885038478579084	0.5530442513964777	-0.5869360488441793	-1.7677444279272607	2.442374305146929
IL27	-0.5291468765637233	0.4362928660120169	-1.0508288303463975	1.3254231167587824	-0.2667978638509302	-0.2616197632110318	-1.8121980659342805	0.7125113339458417	-0.04919523317399207	-0.17748854366864825	-0.44874594282158076	2.1217938028539427
IL2RA	0.5234271899165686	1.7815581639932068	-1.1894946360164833	1.1091370121732653	-0.5461429946636913	-0.39581179873191175	-1.5210213601753382	-0.4086079067509032	0.702265970011631	0.7145223833234404	-1.299122261050857	0.5292902379710872
IL2RB	-0.45944439192054737	1.604749660354662	0.3246418268791377	1.0341334023699371	0.01590879242968803	-1.38376747696659	-1.3278432329719576	-0.4282288621205973	1.2943242438427682	-0.3399053105491111	-1.2467455522601978	0.9121769009128162
IL2RG	0.4971451794579494	0.26208725311887715	0.0710506421028958	0.9970104256117719	-0.19141946721139877	-0.3694573908877179	-0.7453159047924176	1.716324245545565	-0.8627645674639425	0.9315315281016283	0.01722444220548979	-2.323416385788714
IL3	-0.5070819664173875	-0.2554298079619108	0.16586936131611382	-0.12592195456497993	-0.7665157931185645	-0.48155009856446446	-0.05044438618181545	-0.7487977454206801	-0.026625892258160602	0.6512667151995541	-0.8671919820211188	3.0124235499934064
IL32	0.38915069764689775	0.14725314037306658	0.19672564506046356	1.4970001811844482	-0.5505980309135817	0.45008217487749763	-0.6488427229989709	1.3777479063349496	-0.9133891687358816	0.9189963861718389	-0.745839454736788	-2.1182867542639396
IL34	0.3895118578791159	0.9263193754307342	-0.5354367286169746	1.008825060735896	0.24504417288562913	-0.4695338425780809	0.4596721773258176	-0.1099988010787357	-2.2655586840439192	0.5713219922323725	-1.4699516439620084	1.2497850637901677
IL3RA	-0.5429902643943846	1.7580604474563162	-1.0345214328351868	-0.34258935644853156	-0.2028349856423121	-0.06141670954793467	-0.9669174087205331	1.944264443548155	0.07847801595501822	1.0744447069329488	-1.0169366219409006	-0.6870408343626502
IL4	-0.46142864505085013	-0.35074706308708975	0.014276776542994567	0.6468688332770786	-0.6102374543497278	0.5159467065364898	-0.7870517744867559	0.04630181135974748	-0.9575784195883662	-0.06250901145172015	-0.8746898529385606	2.8808480932367595
IL4R	-1.2809928950591034	1.348159436431165	-0.2753324964799437	1.9110309479451433	-0.8000240486509235	-0.3162944380244964	-0.5536622589615638	0.3647158077599345	0.7420722614345516	0.9350778063736424	-0.8690002998441808	-1.205749822924246
IL5	-0.6814697528270103	0.8089710919142579	-0.20288952647434033	1.3270803459299405	-0.7443014325726462	-0.2612905501267027	-0.7583366070837763	-0.8042054761065845	-0.09814316253450224	0.19093892822791483	-1.182617708038282	2.4062638496917277
IL5RA	-1.3918688327332653	0.6952437406484681	-0.49621100903331056	0.6736082635881057	0.09855662827072369	0.22888662351045228	-1.2611039027369209	0.4913796282588816	-0.6859227054518005	-0.2700439186342108	-0.5584396626012451	2.475915146914117
IL6	0.2442545816007221	0.813801794269251	-1.0776830025315163	0.33997403003046933	-0.4597537495006849	1.0190787825690892	0.4449423319235753	-0.8624278388356513	-0.18176341027604223	-1.007107115150425	-1.4391697290297616	2.1658533249309744
IL6R	0.006683812801678538	1.4514235292710562	-0.6889210644167503	1.8987355985353314	-0.2817386531413725	-0.8111855903372588	-1.2416822731305084	1.2131771004758207	-1.2888621697336045	0.4130913485887296	-0.3892114030641167	-0.28151023584898943
IL6ST	0.04714880959306891	2.3643904179775177	-0.15139409883263233	0.48513019543165675	-0.09622717268327158	-0.19481040968801194	-0.7147066171085921	0.9696094208583991	-1.8958077049669102	0.3616841432176329	-0.24416464847661587	-0.9308523353222442
IL7	-2.6065566149604837	-0.11238581165096034	1.1123926863831002	0.5794930702444958	0.3948310407245317	-0.2144278738305187	-1.4422940518550862	0.4681587819608087	0.3863015806501617	0.7528723097615779	0.04891564272378782	0.6326992398485927
IL7R	0.09898331124893199	1.934688218434759	-0.06646251778165184	1.8945889215166773	-0.9214851669494429	0.740911432920646	-0.3523688644095693	-0.7902747665466259	-0.03023082322796272	-0.6987063254668479	-1.3407159521643897	-0.4689274675745283
IL8	0.16409686500295736	0.7268522912921179	-0.7849906824920354	1.056490761992152	-0.5596570197049973	0.8842757663932929	0.05620104396171676	-0.7406238773861941	-0.16522371582088596	-1.036205146377614	-1.6560055080601659	2.0547892211996674
IL9	0.3061324121722835	1.4255855946250984	-0.46578839573075037	0.6712604123199384	-2.277883921865238	0.4811059182622918	-0.15298477217367856	0.016008716229810545	1.1316622805990362	-1.4190401977944906	-0.32058414736313734	0.6045261007188338
ILF3	0.8047074631794573	-0.021664158884366482	0.9902027435430178	0.4416249716275394	0.3605153617069742	0.5101119638025027	-0.2868243445394595	-1.8714856696226718	1.4991873763736292	0.34212601995856734	-1.3362081400880204	-1.4322935870571651
INPP5D	0.2108549012071583	0.5338086712962007	1.1910271277505238	1.5952418669772321	-0.14375512139752447	-0.5608608862164127	0.7866478397022214	-0.8712724307310812	0.2969685269212145	0.2514961329292779	-2.108802051117517	-1.1813545773212852
IRAK1	1.18273944167706	-0.02477048594805068	0.8322472804523092	1.214038307197015	-0.3286655087747772	-0.04451267790954745	0.01619054106527711	-2.00324810027509	1.0704549403549684	0.30413784474692646	-1.6621301412480898	-0.5564814413379935
IRAK2	0.06671811403926746	1.0166147476247116	-0.07916431819704245	2.0419600373602695	-0.443498095572301	0.29402333339298914	-0.6279204682845916	0.4417198053480081	0.1849443240451316	0.1293456343395017	-2.3149188868613626	-0.7098242272345848
IRAK4	-0.5916765156546347	1.0245402181043233	0.6248995952719394	0.9095604061276954	-0.24330170772952642	-0.39485682912352915	-0.592115516153291	-0.7398112148511035	1.8504867789288093	0.9301115525804188	-1.635707948451401	-1.1421288190496819
IRF1	-0.4513655925952386	1.1551533405919736	0.6465773016016152	1.8808074336557015	0.24507332616665256	0.2952948747199559	-1.671564634859673	0.7280937843623798	-0.8175913708398905	-0.076256946408414	-1.4620880090557165	-0.47213350733933374
IRF2	-0.9438131765975192	1.1611910730618122	0.24513697779324112	0.665270790760127	-0.884474923562939	0.08815113554025775	-2.2418282202314392	0.6735585569832788	0.028031424246571564	0.2534420863951193	-0.6330269613505847	1.588361236962086
IRF3	-0.04163023237394995	1.1231000081795444	0.36430183224845036	1.019657441670726	-0.6156317821758072	0.6048350073903642	-1.321689657307145	-1.5932732570187276	1.6109038166826934	0.615794875270597	-0.8877986397736118	-0.8785694127931205
IRF4	-0.04443759922908925	1.9356945007593769	0.4755915198331037	0.8863533519222421	0.3712546674077131	-0.7745281411341074	-2.052603006192905	-0.9270199487620611	0.20067538206272117	0.10627356039138884	0.7365271952594687	-0.9137814823178537
IRF5	0.294432286299214	1.1340870921184345	-0.49094451860658744	1.6532684602385292	-0.39344502399117187	-2.3168131184542817	-0.8356625021115468	0.5582532327069637	0.29710453644588597	-0.6011803180766144	-0.11058871437015733	0.8114885878013313
IRF7	-1.6230975134501393	1.4735385963504195	-0.811648987628944	1.5790283976887836	0.5111368254615591	-0.6225069655928044	-1.3838813638777951	0.3812808548180978	0.36553095310611206	0.5550161928766683	-0.8451056588771908	0.4207086691252311
IRF8	1.0801517747647267	0.5708793765908601	1.4087601036322646	1.4692243547780095	-0.5284103929213991	-0.46921860321477277	-0.8298230356613249	-1.6289314482616237	0.48619448050430225	0.4416374618434105	-0.7876536979606418	-1.212810374093794
IRGM	-0.7445172042668486	0.3164159554904201	-0.10894990084703059	0.3401030454767242	-0.6890273508231946	0.357024130368178	-1.304714442244863	0.6176838095404061	-0.24366789630508162	-0.3411318989524041	-0.9346628630743822	2.7354446156380803
ISG15	-0.8568780959698318	0.9605794951090548	-0.3167238688229943	1.7702613543877204	0.9875958171541865	-0.15413997029270765	-0.531290229576551	0.30579585109973967	-1.1482343236346446	1.2941561741293481	-0.9683480330050589	-1.3427741705782505
ISG20	-0.5931570975096628	1.1180145606341287	-0.10192126850442784	1.2934124418406585	0.5746750616482846	-0.45792373003226144	-2.040632304140058	1.514604249042756	-0.7621941142001336	0.6480939351197048	-0.6422909642395798	-0.5506807696594171
ITCH	1.343502032497582	0.3223738609927292	1.0139448978993881	0.8842057162839387	-0.15499318985431979	-0.27430643303216484	-0.4285592293322693	0.3735812727522225	0.08772801459649607	0.3292406768247714	-0.8458434898039487	-2.6508741298243916
ITGA1	0.1326463058827829	2.180329941061337	1.6108727844427744	-0.07958866590832699	0.09140709757603127	-0.3488843155902947	0.35406959469389987	-0.7275370564213611	-1.4758360604555987	-0.07452260029197755	-0.4598529455818127	-1.2031040794074477
ITGA2	0.7474938916480314	0.812293337063922	0.8782579592286617	1.4331862444239616	0.6292494091794022	0.5668102597019541	-0.12594989358118655	-1.010775243488438	-0.16409606333915447	-0.34527928183883294	-2.0291043188898046	-1.3920863001085229
ITGA2B	-0.22661902784124668	1.5331235600365885	-0.5969101922851416	0.21939201810347927	-0.98154941514712	-0.13285082793217387	-2.0136956611124672	0.018915107305694293	0.9159981913605656	-0.11220175322886836	-0.39772159724929673	1.774119597989987
ITGA4	0.20986945433966167	2.4993513971767083	0.272658712853262	0.6120784464567701	-0.733714681977292	-1.0179182509220057	-0.7991328906705006	-1.1641103857041906	-0.9867991920840342	0.06140821822313712	0.23416636554840262	0.812142806760107
ITGA5	0.07621092767738284	2.0035621062258326	-0.5346737705751822	0.6980277730898616	-0.35802175683020515	0.2735239191638018	0.1849165158063354	-1.1075494291918717	-1.3854770138246717	-0.7058834996701951	-0.7887296474473354	1.644093875576242
ITGA6	0.5897504638743091	0.2976043981203868	0.8003357331476542	0.9583432549164534	0.3273051697504618	-0.06121065350473585	-0.38619637373458826	0.6979202011666256	-0.06961520926306995	0.7765196304940042	-1.2855627181163654	-2.6451938968511355
ITGAE	0.8407463102706306	-0.31055857357151306	1.9656595259658565	0.7516183468904593	0.5909481061313077	-0.23294781626137082	-1.0296498641744938	-0.556181964480737	0.7202649968679271	0.2175571614774059	-1.3120495686897742	-1.6454066604257067
ITGAL	-0.8216628508258749	2.446934273220863	0.0718933135598752	1.2828814007382725	-0.7663156329912896	-0.5371112889300793	-1.353869828068727	-0.5245408936937518	0.0575891430257652	-0.2231160331563515	-0.35580162604219284	0.7231200231634982
ITGAM	-0.9712764006816572	2.03351806815246	-0.3217761201135029	1.3274955858335744	-0.9170447506500348	-0.34380384047330564	-0.6620888512768327	0.07930780993804785	-0.7369782839391594	-0.6635193546612382	-0.40608496767224816	1.582251105543894
ITGAX	-0.9599091723740395	1.7650635698913053	-0.6768169243947983	1.887186334676779	-0.5598921634058286	-0.11808316711350121	-0.36312299653946306	-0.871463344007746	-0.743212904476899	-0.2995100529799686	-0.43598799377613934	1.3757488145002956
ITGB1	0.4100749907816425	1.1284527155564135	0.5891108420080702	0.9800823927008434	-0.13879941495919257	-0.1289830101548588	-0.3781416854198649	0.7254461401999478	-2.459182876858152	0.019804660433381308	-1.4270304891901384	0.679165734901916
ITGB2	-0.04143038012862181	2.272156194154478	0.07149736852199724	1.548484338242658	-0.5405844522618642	-0.7486832543865886	-1.381983861341034	-0.672284226774614	-1.0079704516412766	-0.029460982581500095	0.09104591811978803	0.4392137900765769
ITGB3	-0.873211886558853	2.0309028685976176	-0.5312190801556256	0.047948895734054836	-0.1628979928438053	-0.8259359979571665	0.1499377943279475	-0.8148842661023757	0.1439274649952542	-0.3361330878001726	-0.9329725724103691	2.104537860173476
ITGB4	-0.5653758695502018	0.2464093782506391	0.992798289957198	1.702061864389445	0.24615575258881955	0.2682211008660567	0.050626292032432525	0.33599411532868717	-0.33774708097410233	0.42537651801936316	-0.8064855727625979	-2.558034788145742
ITK	-0.5988375268593068	1.97102507535845	0.5380030796892575	1.0418569280011643	0.2875134804941624	-0.8460423081683502	-1.944767331800052	0.12095025581197795	-0.31491717796887847	-0.24177959984007152	-0.9088951737544283	0.8958902990360625
JAK1	0.38375536799991244	1.6441951259156584	0.219479076189294	0.843364286908784	-0.0002833347081429273	-0.32653494437508107	-0.319537738790779	0.5157587562117634	-0.4921154865799566	0.9919811096211127	-1.137172037712818	-2.322890180679721
JAK2	-1.4368837723290548	1.8585782328825309	0.5174288081403606	1.3614863238359527	0.28722310801895423	-0.7827055032790404	-1.4797575821442477	0.3742523898238295	0.098692650526795	0.5156534110525712	-0.3440085516251911	-0.9699595149034638
JAK3	-0.21303780233058534	2.550367002956414	-0.14353697135998617	1.1309774453992747	-0.05129365276636545	-0.41065404451394677	-0.25417509367192254	-1.6059471693761385	0.2737307217717496	-0.3951537133989815	0.15777279848877118	-1.0390495211982902
JAM3	-0.8314582799257735	2.492346256079649	-0.41809394961397395	-0.4857220207827818	-0.6848376043996264	-0.031634980740777814	0.13648345244426677	-0.8591278491948722	-0.9331446201184124	0.3312176107765603	-0.2675938851244869	1.5515658706002198
KIR3DL1	-1.4975495931660427	-0.4382587914965529	-0.8563400121290968	0.5118501321754969	-0.2602343401942785	0.5180609349825579	-0.8537864522443114	0.797786856171463	0.3250464383254346	-0.32868223494803156	-0.4568065000617335	2.5389135625850874
KIR3DL2	-0.6461905135066648	0.8337946323320704	0.2271265653567986	0.5218249878955387	-0.3078982142465933	-0.16843517763076044	-1.0782325088357145	0.2271265653567986	-0.15093327962034608	-0.21848609704820524	-1.7253704594519785	2.485673499399054
KIR3DL3	-0.8876258202666044	1.0960687034029954	0.3470539179648591	-0.8593854894445427	-0.3336879287158796	-0.3283904864408257	-0.24812529472075434	-0.6072065227906044	-0.11125031582651941	-0.8523909002164569	-0.0013407915946857	2.7862809286490196
KIR_Activating_Subgroup_1	0.20504677905432797	0.645460140968401	-0.9221384532337376	0.7467885682688667	0.5796816064489478	-0.31165354029472386	1.0530024707625234	-0.2048546775104979	-0.022732243411037925	-1.4549727849734773	-1.9432520675315748	1.629624201451989
KIR_Activating_Subgroup_2	-0.6277968122564138	0.07493991114793015	-0.13439605421424713	0.31803123210141176	0.6267390875315715	0.03360349522836908	-0.9602718796430953	-0.24297211557479242	0.05783296972378765	-0.03568655975741696	-1.75788622829215	2.6478629540050385
KIR_Inhibiting_Subgroup_1	-1.259008386470115	1.4145247697777659	-0.3991697266004152	0.35724959278958385	-1.198059458614802	-0.19969454638561016	-1.3784499210568695	0.6670187541842094	0.3443858474377399	-0.059084404353374385	-0.3115089561269518	2.021796435418834
KIR_Inhibiting_Subgroup_2	0.712379172034263	-0.073381574925292	1.613169411625216	-0.2208349740694971	-0.3700509530026365	-1.0209960672354819	-0.33665243222147334	0.8495042177534279	-0.767157865658358	1.727818907820748	-1.768841489799637	-0.3449563523212747
KIT	-0.12252837846837854	1.862012290418238	0.16301675019912903	0.020127244796793464	0.24089532514988718	-0.8658820554869362	-2.0135350500525524	-0.026219006786955462	-0.6880215499482785	1.7106183038912228	0.16732927251270605	-0.4478131462248651
KLRB1	0.5788934801073479	0.6225475940812835	1.1758672402936505	0.20960505863834522	0.08194634201337538	-0.42572140556263377	-0.8577734320837105	0.8447794558975992	-0.07096807016539422	0.6074257156294163	0.03308376668755027	-2.7996857455368387
KLRC1	-0.5169931709023586	0.8154476695958317	-0.4605316630277793	-0.0734611214855803	-0.40436349925840853	-0.9443500400327747	-1.7723702225520548	0.6626709134251484	-0.7041996386455253	1.0137145729996835	0.2309015378251228	2.153534662058688
KLRC2	-1.1032292170264408	-0.9023912881662648	0.2603806909750549	-0.2035448352564663	-0.4828848756161688	-0.47501394055996127	-0.277808913126735	0.6738716479816569	-1.4631972258840509	1.2157758973294976	0.5284933518114704	2.2295487075384246
KLRD1	-0.8724778037586305	1.4986892318236877	0.7157051642115432	-0.7682918726791137	0.05195302138737209	-0.5681521849453258	-2.1540235932404515	0.252627032084442	-0.05290697138972422	-0.10698409746629901	0.3542056496075846	1.6496564243649108
KLRF1	-1.0109830420149122	1.273223477187357	-0.09334575656668928	0.9293670565423162	0.1585222887001155	0.07415115802178411	-0.7164767784714219	-0.2482578270892688	-1.31968357410074	-0.46355657622929913	-0.8596527265391227	2.2766923005598776
KLRG1	-0.9947947868723872	2.559134475984603	0.6922392304925389	0.5012897611939902	-0.8614322114831935	-0.5130185589407562	-1.4814753012224802	-0.07616554633668408	-0.4289720233746281	0.078537332283458	-0.05158662885129647	0.5762442571268352
KLRK1	-1.27682283276557	1.8091807443350194	0.9168595268769688	0.1956329835399488	0.03422899697637877	-0.519070253618647	-2.0753218371641764	0.22676638039770686	-0.8046951047749189	0.7062056797071407	0.13591130063030168	0.6511244158598453
LAG3	-0.28963518342131406	2.3884829646439134	0.44119741617990216	1.1710490404861376	-0.09223893401697063	-0.6782629498599211	-0.7189769072727411	-0.6224349122707042	0.6451117740782744	-0.033820608650697435	-0.6513954006088446	-1.5590762992870286
LAIR2	-0.2786112584022871	1.1859659956414135	-0.6951633940572426	1.577385917463229	-1.095248053078433	-1.0234375896842034	-1.521673739554204	0.5152101305919866	-0.18747356994435052	0.7960350712788572	-0.580805720998167	1.307816210743412
LAMP1	-0.10250194346449627	-0.0561762367118297	-0.01731007988580068	1.4552701335098666	0.039098852110169086	0.9736324886852954	1.3348363092202502	-0.27196078049814487	-0.29029714352139413	0.5741737280414069	-1.6995228621047398	-1.9392424653805747
LAMP2	0.28469164480779274	2.2127820328120507	-0.3752114134348329	0.7456539095242829	-1.2262927922798765	0.2278867060145	-0.9190207534529407	-0.35221373350798546	1.1029214134283114	0.2894199468247579	-1.5051640827457315	-0.48545287799031367
LAMP3	0.30524342162996443	1.5163724094433326	0.28339595219259384	1.8108357935124757	-0.10551109691541483	-0.951282500947958	-0.35391249164706207	-0.9801742911222184	-0.25009076785550216	-0.26791272516590847	-1.845984064142335	0.8390203610180421
LBP	0.41455840643302555	1.5182648002099068	-0.024461985795248158	0.2688568800673809	-0.2704233536656505	0.4091128603087633	-1.3476278074043837	-1.0072576601999825	-0.44153208658135606	-0.09469617261764655	-1.44583443578846	2.0210405550336517
LCK	-0.9837092579404774	1.7059579712502038	0.8853952956329078	-0.20802750855731442	0.5901065677403964	-0.14699230755121584	-1.4303888527483088	-1.244708270142346	0.6174520729984115	0.19143578273168851	-1.1948073544333007	1.2182858610193446
LCN2	-0.3567100696681869	-1.0463947446443869	-0.3364074841808969	0.42386721517200737	1.5658248738797749	0.7131500779102361	-1.4433636666818748	0.5333534448682438	0.5650532358681967	1.5381047584119907	-1.3489583221588384	-0.8075193187762519
LCP1	-0.6166922653805808	1.9329378869303055	-0.30602018667679914	1.9176515494819721	-0.3051662416632999	0.6130799042894005	-0.9382943024370575	-0.14086547806876032	-0.7175459767981179	-0.6276328454562891	-1.2732370717988999	0.4617850275781101
LGALS3	0.42847309988306814	0.09423588817609142	0.31375486556689586	0.5196576860482808	0.4948137429098628	0.281116197634218	-1.0083408932769493	1.2415712919590123	-0.6131318942586048	0.8085859392201414	0.17711281155518532	-2.7378487354171965
LIF	0.08664301726553042	0.34978831445623515	-0.7949619664808816	0.5610394473263707	-0.496182800705225	0.8854618958889999	-1.5516552558220091	-0.7033380350219697	0.5939407449164769	0.06270513831349604	-1.2470879559493153	2.253647455812291
LILRA1	-1.5942023939862604	1.1634194540268716	0.10066701150143222	1.0056641407312692	-0.48736140441717246	0.0746083163217642	-0.25496803693357	-1.373990162531439	0.43569421274658837	0.04160930531670658	-1.0220179780995786	1.9108775353233827
LILRA4	-1.4470803067989106	0.9401104236782574	-0.12377271964270585	0.09608658322224584	0.28870010188005646	0.7434948679243881	-1.0327203485708294	-0.06182828341939265	-0.648841579671703	0.10185161228351833	-1.1894478033754528	2.3334474524905344
LILRA5	-0.9081585824295336	1.7550921230931231	-0.8835229437153341	1.9714356817724072	-0.5574811115475856	0.25260843076484124	-0.22850612884566976	0.16504916524385005	-0.4390390398063722	-0.17640886099262304	-1.5473399623918735	0.5962712288547659
LILRB1	-0.008486935121509727	1.2463411000988298	-0.689383123741707	2.0142995220102082	-1.0300833607078979	-0.7537702682941327	-0.9708280325182392	0.17486930020260819	-0.8157038174264065	-0.11195152049668822	-0.5734645821718473	1.518161718166783
LILRB2	-1.0969947976550258	2.238687785625425	-0.622886426873073	1.6138582219487438	-0.22417924011160137	-0.2751259896802929	-0.6871446597181871	-0.39375427357669757	-0.9884819734263509	0.10735043291502733	-0.5415539374334274	0.8702248579854628
LILRB3	-0.7171058203096025	2.1187022391716606	-1.0704545427044134	1.8596164655588394	-0.4289979243186331	0.2092313508513129	-0.4841626001523076	-0.4852611703516913	-0.5894378285433327	-0.5822223429965353	-0.6200139988228544	0.7901061726175553
LRP1	0.020941935230251306	2.3673375849723137	0.14247616858969994	1.2196939918912033	-1.618272054650465	-0.6965358129575706	-0.7313868759564044	-0.4023420732977785	-0.21791405985543108	-0.09951446660333935	-0.7095422381616706	0.7250579007991981
LRRN3	-1.087876642321375	1.3052575972189957	-0.6348231648082914	0.13358250541123376	-0.34728802385875635	0.09447468678385461	1.705282501192021	-0.5710048189591362	-0.4074005466329326	-0.9572325300967943	-1.0221844154944393	1.789212851565621
LTA	-0.6519872432047493	1.3133750754445568	0.2137210402702265	0.5002130773349421	-0.1630676921583502	-1.1366219050788338	-0.642272764577802	0.1031221271304377	0.7508297098656121	-1.359760813682891	-1.0169416306824188	2.0893910193392564
LTB	-0.7319900895303734	2.27773176068207	0.44508326792377	1.3723186056101302	-0.48614331501428204	-0.7163551738821834	-1.647550742885686	-0.4016406262201459	-0.365757251812534	0.10208996958473514	0.5309403635674446	-0.3787267680229409
LTBR	-0.030757692617699985	-0.40008668437241557	0.08468928337775473	1.6986523149037414	-0.15540825322424034	0.32401196186756037	0.18984514057450583	-0.19235103781672042	1.0274790297457832	1.0351211681327033	-1.4707942046426805	-2.110401025928296
LTF	-0.4214126821035621	0.06880998017268412	1.049502927623765	0.3354679408247289	-1.3421821219008938	-0.6461243722135722	-1.195560968810153	-0.2935814915296046	0.3156519726674217	0.4738050275883999	-0.780684810129645	2.436308597810436
LTK	-1.1486011886611922	0.7537621395401728	-0.44627569212656737	-0.3885141192705991	-1.4048516830276463	-0.7153555872545606	-0.9082879756416369	1.1763978865618612	0.16918264411619033	-0.2113304875233069	1.3214854702477432	1.8023885930395407
LY86	-1.1780692498757321	1.2567562918041064	0.1507186874281236	-0.48888739740289383	-0.2281406560080235	-1.1453430802428581	-1.1123003748984086	1.3072866831238545	-1.289393658256314	1.1842420640290232	0.45115272575574816	1.0919779645434005
LY9	0.03792466053441322	1.9381907198258124	0.38087297914392026	0.5342233138541276	0.0717862690953744	-0.7803180603480164	-1.710583431939191	-0.37593393700751904	-1.4575753968377627	-0.30798154760453567	0.3261548981740022	1.343239533109378
LY96	-0.2512663813765844	1.790100727881482	-0.2760491981295374	1.0451289712592917	0.07396244038642316	0.7381584947752042	-0.576466562508182	0.7458042984013554	-2.4135656823000886	-0.1212177033097234	-0.36454541682664465	-0.3900439882529962
LYN	0.1832386846733957	1.157446071033352	-0.4118133016146053	1.6948526660902288	-0.19345465291870453	0.3964657678255969	-0.6485932642734114	-0.969995486398284	1.061765487512695	0.4444562283222267	-2.07121053360856	-0.6431576666439406
MAF	-0.7357899086061694	2.1886525836674426	-1.524074611140016	0.644605062961078	-1.1087381635220699	-0.37790204879158945	-0.830125718330469	-0.015208930366828235	-0.2699556750434833	0.41127953843681303	0.4093450502043701	1.2079128205309164
MAGEA1	-0.5153912880800026	0.5476808041078771	-0.1684653097480228	1.0613849817992158	-0.061156495699652876	0.384236494443491	-0.9325227093504099	-1.10366381664327	-0.6098358959489463	-0.4937040365705296	-0.7329769471108576	2.6244142188011064
MAGEA12	-1.3484069879926313	-0.12347908793658889	0.23509319368047532	1.0702040173970342	-0.06747569393076705	-0.06222845255143565	0.017276110867188433	-0.3384023053643629	-0.14252577215871495	-0.5812632076629992	-1.2768437134322403	2.618051899085044
MAGEA3	-0.7280492783646426	-0.21443981755500116	-0.526334227984602	-0.5593678220251631	0.944284334185955	2.6300102565627346	-0.6203076801802636	-0.21443981755500116	-0.2227725949913975	-0.4887363167000523	-1.0737382126405999	1.0738911772480384
MAGEA4	-1.3411672463168012	-0.37509600623700884	0.4078598486063485	0.2057411230957622	-0.623873219019247	-0.615754612669985	-0.6443104050066687	-0.2255844529826008	1.2677232441043897	1.2315887631711346	-1.2621232981972	1.974996261451878
MAGEB2	-0.2754081793121072	0.43147202165864085	-0.191029506724223	0.19190460855849473	0.09480863515645113	0.48404219827457456	-1.892446051418198	-0.36103900476625894	-0.05615865706764884	0.168911018180067	-1.1266073808883237	2.531550298348531
MAGEC1	-0.19320919285555932	0.19926643188680496	0.10787036636882609	0.26093498340506754	0.30048666288598636	-0.8154357919720228	-1.904254339655927	0.5686068539351157	0.3806831913158366	0.027866665657552418	-1.2585263040214079	2.3257104730497247
MAGEC2	-1.5610212127702359	0.2936384482919113	-0.942932069949585	0.4352071733781554	-0.06744358783997467	0.3290782041597026	-1.121162037042434	-0.05162847900146794	0.641723143053509	0.21670957880084415	-0.6508046394959256	2.4786354784155056
MAP2K1	0.8027996410368926	1.2752790830984566	0.83720102386617	1.0267127114776808	-0.31023235442779	-0.6088516390147175	-1.695570218812463	-0.19935409111621458	0.7485257050286623	0.7224820612292964	-1.5572128906893212	-1.0417790316766633
MAP2K2	-1.279255215477052	0.9189844514477908	1.1540316229539893	1.7717202190844312	-0.3103663680360025	0.03212463079594255	-1.5593244083896254	-0.19744567341494368	0.802655109298244	0.45284780735257046	-1.0274866531917681	-0.7584855224235731
MAP2K4	-0.2313349469389313	0.4573754857885712	0.7358788528812263	0.3858737713754573	0.45053241987224363	-0.20257515326629857	-1.1781441786600155	1.8559688369172394	-1.164867000119291	0.9928416302160418	-0.20836458756000287	-1.8931851305062304
MAP3K1	0.9951036903907381	1.1835673735329986	0.2714264691989877	0.7690199124516847	0.09704012738367562	0.49824512123401105	0.06975842425806592	-0.9295524158721161	0.3883909540563777	0.12494182920495643	-0.8291207618442978	-2.6388207239950843
MAP3K5	-1.1180482369236322	1.8988598489841044	0.6165673756085691	1.0609467153451957	-0.32883645106493997	-0.6367488881209662	-1.6989180303539588	-0.39450506339600133	1.270571458557305	0.1757546065261719	-0.2225730256194029	-0.6230703095424417
MAP3K7	0.6894711217786997	0.09478672911166845	1.0100696088092387	0.2185043659586206	1.2001363184354406	1.0100696088092387	-0.6128640469132349	-1.2361987766792162	0.9485354274776495	-0.1473021907205623	-1.3417261852854643	-1.8334819807821017
MAP4K2	0.5086351272472187	1.5328737046673921	-0.8776679000133742	0.833780964961928	-1.1383979170827299	-0.07701014439286322	-1.238466441519126	-1.7754580368501915	0.719396045179124	0.36332278028701576	0.01389760585889336	1.1350942116567198
MAPK1	0.817468000331813	0.8863327122069395	0.5351977983143704	0.48091879829842943	0.2854603777668423	-0.21771387348256588	-0.28655416807339756	1.3282280943752556	-1.1900438563264273	0.2506803927629506	-0.3499460429340082	-2.5400282332401893
MAPK11	0.23975010406642097	1.3066054770467543	-0.6376745996568277	-0.6449743116434713	-1.0326876084019772	-0.4938939373965851	-1.3225162687027914	0.405121464779111	0.41638712142620327	-0.1380403251188494	-0.49611232329161903	2.398035206893625
MAPK14	-0.6858401927220198	0.542387843552278	1.5239909381761148	1.8785454025712671	-0.4767087623593587	-0.17265710134700693	-0.044905399117685686	-0.45662777412069144	0.7555327445501719	0.04716702172059863	-1.2244759937397205	-1.6864087271639439
MAPK3	0.3132895785689975	0.03321093111880941	0.220459731381704	0.5722484393641176	0.19696377813114488	-0.48926647493731934	-0.37588791394370413	1.5237800149319887	-0.4635431148067897	0.9334580811813202	0.2940249492486477	-2.7587380002389126
MAPK8	0.4964203013664906	0.5840489233260876	0.484369831475632	0.31064837195364203	0.44824054673644037	0.8901228715991434	-1.5988839620090878	1.1183604168528885	-0.5477773516208554	0.8324891797160411	-0.9033956797254954	-2.1146434496709356
MAPKAPK2	0.2992659407480233	1.7690917404302642	0.6650189690839112	1.5491047174617472	-0.3317207401464305	-0.1434814697306683	-1.0874892262297657	-0.6695711917390701	0.45668585961487385	0.23925472512368418	-1.6383100906328032	-1.107849233983777
MARCO	-0.8633232424990633	-0.34134232938744813	-0.5171067424417971	0.8133576927949758	-0.5210785342898075	-0.0614445950833313	-0.9424841442353696	0.1283053710763123	0.1051615731261039	-0.06806332920325558	-0.6606393398965085	2.9286576200391816
MASP1	-0.5840196445491466	2.3075472144857287	-0.7265318298722679	0.7055418253152871	-0.4628877889062419	-0.5790348691578383	-0.4779501360314582	-0.013733514611319008	-0.39302988339704314	-1.2188057083257318	-0.24015882708098774	1.6830631621310175
MASP2	-0.2752401167396688	0.3624829475541536	-0.14509375266313415	0.21186631383830806	-2.015338764897966	0.06826091277314443	-0.643802482374222	0.028072594681962836	-0.1720064550441987	-0.23186206085347688	0.1401327657246112	2.6725280980004853
MAVS	0.3252292418012414	-0.5291954826558517	1.0541442584018537	1.3075282262832821	0.014524360987184482	-0.014642327919325874	-1.198742972774064	0.039875840085131946	1.1829559946099109	0.6032850465200791	-0.4670128788139659	-2.3179493065254655
MBL2	-1.5990994276298227	1.4907563001916013	-0.641693170483036	0.4753355093996818	-0.7485259269484473	-0.7432740655187093	-0.2621620204926929	0.7142280148119261	0.2715718418121899	0.1545971395687204	-1.0389475249259523	1.927213330214535
MCAM	-0.8277477877788785	1.9284676078373304	-0.49864693361338985	-0.006468914288607777	0.5326731991251527	-0.39269425542792336	0.9865916232491628	-0.8341311443237966	-1.1172436852315488	-0.2537717215989395	-1.138876960860345	1.6218489729117846
MEF2C	0.29973535245818256	2.5263019222219008	-0.08042522145518859	0.24687737208615457	-0.25914027074910484	-0.1834161630741567	-0.7385855813334836	0.3494419698534644	-2.0660822276394373	-0.2927794557870118	0.49784390196727685	-0.2997715985485981
MEFV	-0.2554360965874649	1.712451846601741	-1.0849308851652026	1.713407752864802	-0.561832589577542	0.44061558795105393	-0.24936406718292364	-0.46537863373195004	-0.5595140805408885	-0.9614119806594564	-1.0531402812138435	1.3245334272416727
MERTK	0.749941435663735	1.5248048437168067	-0.13717647317120665	1.1679264245009062	-0.956248608041743	-0.5928251594596616	-0.4658725227840697	0.8397707985638995	-1.769005876108053	0.9125165542107859	-0.017161018713023363	-1.2566703983783556
MFGE8	-0.42065596570585095	1.9889266626205722	-0.15431100429168657	0.7092638079215747	-0.23715903820722	0.3647281551549031	-0.18459315517691285	-1.6453867732621537	-1.6250105155367038	0.1329011614382492	-0.23166802473978507	1.3029646897850053
MICA	-1.4696020005929347	0.8068722233406339	1.3236027516648112	1.6273096082105116	-0.8963290164540056	-0.4342582361233331	-0.9336820413928347	0.8861773870866664	0.48151604399957104	0.057329644668865004	-1.3784006136697056	-0.07053575073823379
MICB	0.641430376728096	1.16986563215358	-1.082133673135811	0.8148734768339494	-0.11802874804274932	0.07754574112780278	-1.6517271269862164	-0.43529818333861486	1.3551571262548519	0.8036024091020415	-1.7161708395743005	0.14088380887737054
MIF	1.267857287933068	0.30894640036551807	1.00669833286155	0.7301665724918779	0.40845210219044814	0.261017010349769	-0.25416062198277833	-1.4419681895424665	0.5970828613076724	0.47687516122827844	-1.944779891930117	-1.4161870252728204
MME	-0.5846940438461894	1.0033409168243028	-1.3937063313977536	0.583022963678536	1.0609728831524965	1.048915451025902	0.8558943955104016	-1.265134940488749	-0.1658946834149923	-0.8950461245695869	-1.3384955050464817	1.090825018572117
MNX1	0.22184103898722007	-1.2969026750916712	0.5399892383422018	0.7052911287052828	-0.467298928503368	-1.9079148392953411	-0.3253232345541358	-0.2369808122711903	1.8614925217372058	0.30164088672191086	-0.6254552752211019	1.2296209504429831
MPPED1	-0.8704663995566527	0.5541840013480546	-0.356173893296543	0.3332630896090476	-0.4458260975831773	-0.6869002558949113	-0.7055085313645939	0.6621166882305932	0.2660232387505487	-0.40452829344636143	-1.1081039967491164	2.7619204499531147
MR1	-0.15674028053576167	0.8009912647529633	-1.5228674278238623	0.9348808116771411	-0.42784361639859536	-0.41621098104509485	-1.0652583102091908	0.7605651726885033	-0.437184031821478	0.32929163545098583	-0.9890238581765938	2.189399621440974
MRC1	-0.3525991531058786	1.3134302488231056	-0.4274581670345866	0.44690837314543214	-0.8102485103636179	-0.1909801202655339	-0.23290357896790084	1.823980529862326	-1.6827283974554519	0.9336568340630156	0.49876850819789403	-1.3198265668988096
MS4A1	-0.41841864278871627	-0.4974237425698963	2.4872764418712245	-0.27234107485695447	0.31225522159059127	0.16289070753034943	-1.6266291679867153	0.23745291866366233	-1.32304166576706	0.4462168491274184	0.7041249652652719	-0.21236281007916002
MS4A2	-1.1610254034320506	2.4044623980206477	-1.0549773143170915	0.3980847244657502	-0.41312789972145825	-0.11773993367973233	-1.268841927825748	0.6723479862896551	-0.8082799623985574	0.28786332528687636	0.3673803644959886	0.6938536428157185
MSR1	-0.12853448083021862	2.1231963230549	-0.8818691017215153	0.5113810692836612	-0.9369827017660343	-0.8805944850015218	-0.3362119219523741	0.8730267854737277	-1.7351653386526782	0.8731897356164822	0.2601922954734891	0.2583718210220835
MST1R	-0.30436518540187707	-0.7937163839178052	0.9223260023626104	1.7971187074717077	0.36790854279133955	-0.8910769309679094	-1.4949615577626165	1.2233432219121696	0.24765574140405325	0.8117548262069978	-0.8061559502841122	-1.079831033814557
MUC1	-0.535731051190783	0.4242417627914295	0.5415486626903112	0.9792131036056491	0.5736664864628913	0.4840049926507197	-1.02903979300129	0.4258190214186143	0.11263416341980168	0.8478695169268828	-0.041423599483523886	-2.7828032662906925
MX1	-1.0142144121677044	1.0455192223260787	-0.38217097016631746	1.6589655514847599	1.4936903085958328	0.3027901529188166	-1.0569582647706948	0.40185053681207344	-1.204159659492984	0.5347902619766768	-0.7194405226097953	-1.0606622049067504
MYD88	-0.839728815782193	0.3571865166012161	0.1095539844973025	1.7918674315339476	0.1902628917817194	0.5955069280536197	-1.2563677056032168	1.3187529654987797	-0.566501660786824	0.6856203655314421	-0.6461658437123236	-1.739987057613461
NCAM1	0.3197208338367061	1.4594533248468713	-0.9605747266079284	-0.46459548759900704	-0.5258727392461235	0.17299604147764833	-0.2146588194743455	-0.33035334519925297	-1.5527267070398072	-0.7459852427312037	0.6597514512606859	2.182845416475776
NCF4	-0.5508856104809339	2.231033234913002	-0.6729050404350244	1.5455272690048754	0.1779488082506644	0.19768670360552984	-1.6460728121483355	-0.4923734621715046	-0.8869152135756843	0.21597665497462623	-0.14459675383791534	0.025576221900711755
NCR1	0.036281328675395595	-0.1767701840338347	1.1098955099039887	0.44657963852529725	0.4325646288308363	-0.7558191063270322	-0.8419691787693666	-1.1512589738235741	0.22609416580151095	-0.2471820531676695	-1.437440522105994	2.3590247464904497
NEFL	-0.3450155837066275	0.2216837036383528	-0.87183762894194	-0.006639704062735525	-0.11218620085739775	0.23676207878302985	-0.7115088204277884	-0.06397192905587212	-0.05305758834132024	-0.9263849918383997	-0.43999225215663323	3.0721489169673353
NFATC1	-0.8068593854020306	1.7010203326995248	-1.0598453491133988	0.9226954342013006	-0.19318721653442422	-0.908314440199045	-1.0113257770521793	0.07214291208732335	-0.2610429454563583	-0.17867732592284893	-0.36415299794845424	2.087546758640594
NFATC2	0.3124821722805731	1.5804915092974587	1.1988637290036919	0.8826668377330108	-0.9970867178604046	-1.761458048469797	-0.7270665415021953	-0.7583857401441015	1.1447798069090587	-0.231603290251289	0.13423388832912936	-0.7779176053251172
NFATC3	1.410997295453269	0.5430505844194943	0.9482166076958952	0.024966937423828283	-0.14640990670601048	0.9697689370364978	0.7646147754885446	-1.6664190786859765	-0.04743138329003283	-0.18950586678296308	-2.0277031934195024	-0.5841457086330231
NFATC4	-0.3431570762912739	2.259441479577742	-1.3338692570341277	-0.28421924026406636	-0.06259385341461096	-0.05710633979528827	0.005077985070096488	-1.1196814218845552	-0.03875137222157232	-0.8493284306152291	0.11535110282320361	1.70883642404968
NFKB1	1.1049304996612417	0.9182134231712555	0.7205065994855321	1.8146337386337472	0.05083796502958394	0.24056064478693256	-0.6689539725674614	-0.6906651608900639	-0.3682182242489891	-0.06152047586687374	-1.1321351737543994	-1.9281898634405226
NFKB2	-0.8051989947945432	1.9441154096391384	-0.45384672491595485	1.6340638072270484	-0.7482767793745924	0.5243745792544063	-1.3774545179914932	-0.7103790493962202	-0.18106724104565539	0.05910857393899367	-0.7842006726560306	0.8987616101149101
NFKBIA	0.017082427143288798	1.3973603697711514	-0.9209653202820158	1.65177497992097	-0.5451350157369641	0.300109617550892	-1.5602793467900606	0.07553741825960782	-0.8026465433398084	-0.10384085246050583	-0.9519071023225801	1.4429093682860272
NLRC5	-0.4798434464586671	0.6683102259314693	0.37041076450115906	1.2121321629897222	0.5161844990671387	1.2122894111019462	-1.9785997626584713	-0.604056514034073	0.8052384807849909	-0.7866910629968834	-1.466700652000448	0.5313258937721242
NLRP3	-0.1446160535498124	1.0352536263641123	-0.7929935286455712	1.9271378681174596	-1.068375675655267	-0.10104308710185696	-1.0092064027834053	0.2854634123728026	-0.5915280482559774	-0.31433648507612966	-0.9479009926020235	1.722145366815665
NOD1	-0.18409242547363766	0.9282103756985364	0.5689480091253963	1.1554684822081087	-0.08599758861794571	-0.5646018655076837	-0.3698020259428359	-2.3423813476093263	1.341916478323647	-0.22394838805744485	-1.011896932070813	0.7881772279240231
NOD2	0.7474513752845369	0.7118078554585913	-1.3746006501054935	1.0289624714825558	-0.2512623589116972	-0.11286203986138284	1.244738146067653	-1.325670680308258	-0.17653944539414113	-0.4807494485192229	-1.4789602371712303	1.4676850119780913
NOS2A	1.1431988377527722	0.23666159084861368	0.23414444000301204	1.1966546825732531	0.8838031409682324	-0.28446982000109966	-1.0009182410489412	-1.6053840498445584	0.5190279057203102	1.0436878542628913	-1.7078656942753643	-0.6585406469591234
NOTCH1	-0.6766130066605607	0.8702112764548229	0.33797968338688666	0.6227480850800498	0.612182078815415	0.33357653299164763	0.4384267947741408	-2.438734876071572	1.3092623131859542	-0.7860842054447251	-1.0634956994990878	0.4405410229870303
NRP1	-1.3439616714623253	1.9781480489017926	-0.9031067832949157	0.5023449657547234	-0.7054703992942928	-0.5813819233213695	0.36234533523109486	-0.40026067725397674	-1.1452182504300674	0.4179924379676255	0.22163998424414852	1.5969289329575682
NT5E	-0.30718443525942163	1.0757251381195005	-1.4120180884015578	-0.5062940837975624	0.019542161547295496	-0.40905277241828025	-1.9186372989218075	1.5258150765461087	-0.41762844941369415	1.1909478434658207	0.4103125181094664	0.7484723904241363
NUP107	1.2270140333386577	-0.41575748085392317	1.315233627072007	0.712116729766399	0.7719723637287572	0.8953708476659257	-0.1447689875908878	-1.7302476823495354	0.14218574285368402	-0.08000034277469566	-1.2485141590434161	-1.4446046918129607
OAS3	-0.5869158084161611	0.1868286473666156	0.4474526039440101	2.046109996628648	0.8692223927121879	1.1970671343021846	-0.8814992690741906	-0.3245366367729661	-0.783463158826893	0.33062245006374275	-1.6458020247169187	-0.8550863272102653
OSM	-0.10316015255809302	1.1911294860902593	-0.704211607907587	1.453580539256319	-0.6385882511621084	-0.054230940978461886	-0.47432651374408724	-1.6472474746181838	-0.03943907585178025	-0.36452533328535497	-0.6370013501408736	2.018020674899946
PASD1	-1.0818159078104557	1.1126622187327173	-0.16264707583020263	0.6892803697266039	-2.4942916997598905	0.40337003938378013	-0.36340008597654233	0.12535276470147133	0.6192581771652675	0.1658156194291724	-0.41801140987509106	1.404426990113177
PAX5	-1.017567105708132	-0.03990793614294505	-0.076846026289779	-0.1419170826860378	-0.7960485026276771	-0.025188889123023406	-1.2754045879185145	0.39810529422565627	-0.05576943576523914	-0.23220521305950945	0.37884733908056584	2.8839021460146355
PBK	0.6619671885893799	-0.27679882996159716	1.5378771850313557	-0.19089464696044223	1.1446644004426931	1.405089747904851	0.13457138901137888	-1.4469729067152557	-0.6840712090328447	-0.436840516405035	-1.7366603896004522	-0.11193141230404265
PDCD1	-1.1380542804594647	-0.06441376151641216	0.37714971191743063	1.4450531978109948	-0.5750103502249772	0.4269660400649242	-1.5588949445945381	-0.14825837977425854	-0.08406703827243267	-0.5951974282466893	-0.3292548855091643	2.243982118804586
PDCD1LG2	-0.4455303769338237	2.176861671855158	0.19168973031200437	0.7364597797878055	-0.888410922898541	-0.33988161132945643	-0.34649918593835327	-0.0385345832019478	-1.4272760758217944	0.008221881929421164	-1.1078851609570797	1.4807848531966186
PDGFC	0.24319318247724392	1.6147265948669762	-1.165982827281664	-0.07212037768094559	-0.7938435138866337	0.08637004644776104	0.5719799119266044	-0.34705987449705344	-1.9264984259868914	0.4095208367122848	-0.32321469731990465	1.7029291442222318
PDGFRB	-0.215270148726364	2.3431516069060296	-0.00592433219076604	0.1826067644413481	-0.1965811115832545	-0.42580621221552434	0.9201763450153212	-1.4271207172113074	-1.7006997008986506	-0.08411650921733786	-0.042565498866465386	0.6521495145469672
PECAM1	-0.3674002828131904	2.3691860417634736	-0.17983330726537708	1.002107641896137	0.32223629757253214	-0.19342982294351974	0.1485439051727816	-0.6957071272520334	-2.097227041935213	0.048763574464685204	-0.40615064465504364	0.048910765994782945
PIK3CD	-1.055322656475811	1.9722853907309414	-0.2596492878098907	1.4939065771120763	-0.25843412162972196	-0.38185205298349756	-0.5985263879667336	-0.7763640460602581	-0.530616928960639	-0.6313381541354189	-0.5634377031732216	1.589349371352183
PIK3CG	-0.2701326350303899	2.2940029061762344	-0.13125928287153993	0.7655653161132804	-0.0449854144512028	0.13294672807381672	-1.4686217077002477	-0.08593344952486996	-1.6661311154225849	-0.29062246933623914	-0.21913249380520872	0.9843036177789587
PIN1	0.13705597087165725	-0.10381074967266382	1.463971142688197	0.8863711280501945	0.343309351891105	0.5330671469645071	-1.2852326411875268	-0.10833719374583708	0.8446628018939255	0.6288165507202065	-1.2893129948765372	-2.0505605135972576
PLA2G1B	-0.08286341191273541	0.3818062187844728	0.620446685597825	-0.712690676894733	-0.8077669822641073	-1.301304232904537	-0.7369925584073004	-0.08845630194338787	0.8068731947826212	-0.05242243676180546	-0.6650902770205614	2.6384607789442454
PLA2G6	-0.4501354967871678	2.085959524891703	-0.7700240394624405	1.1707903214006705	-0.17535805214109518	-0.16246079000562882	0.8585476565025677	-1.131286481450405	1.0732092640105064	-0.5025267738357976	-1.0713637870873531	-0.9253513460355516
PLAU	0.6515810203667957	1.9682519812034305	-0.39701044548434644	1.2308905194656543	-0.5816403025984569	0.8624946732433986	0.4333272059776817	-1.3912591319598244	-0.6990633594822768	-0.5900410050391567	-1.4070634623574536	-0.08046769333544322
PLAUR	-0.02979453130203511	0.9218405739681975	-0.5635567443204201	2.0406924636445187	-0.4106659472599173	-0.028884508883282197	-1.7918501804404956	0.2911930339774544	-0.3490782543753482	-0.22581366214783835	-1.1556186700526736	1.301536427191839
PMCH	-0.7136367546067575	0.959212056563163	-0.516851491979197	0.25591985016264035	-0.38425023172789363	0.3036287640186338	-0.9216507812601733	0.3135061493472162	-0.31924535513613944	0.034500266169562775	-1.562068373362464	2.5509359018114033
PNMA1	-1.6534167182281096	1.782996241164967	-0.19040776043948265	0.34954396346080735	0.7397111900085189	-0.16939683061168256	-1.4629847754422458	0.8665112253458488	-1.3196585282440094	0.7761604263023363	0.33830866407537336	-0.057367097392312036
POU2AF1	0.0532790459118973	1.8487523641035686	0.49329278548100536	1.2611497261481415	0.1109152002434372	-0.4921130735555998	-2.3340033710220203	-0.8946703784300201	-0.06708910749914852	-0.15281968611132415	-0.22964011279242827	0.40294660752248174
POU2F2	-0.4516521099471873	2.2662283939766623	0.29585176969441473	0.3901177763009588	-0.3802178214432313	-0.9146371777766592	-0.7201273375549111	-1.2256767250775313	0.07352246135916238	-0.5897854469722164	-0.43858564607318734	1.6949618635137291
PPARG	0.3574984232093821	-1.6120558615358926	0.5587853846747374	0.6476547910986868	-0.17364601956773804	0.7118641845790072	-1.6756175173406793	1.177896779571162	0.5765202348269994	1.0018019915889234	0.002112671797484696	-1.572815062902073
PPBP	-0.6162990870502844	0.538933640476622	-0.8289166225793051	0.007358978304472903	1.4024649978739194	2.144453696172367	-1.1049226403946035	-0.8224249792438028	0.3704887521755626	-0.25304178653720966	-1.321058782323483	0.48296383312574415
PRAME	1.1469230942721502	-0.03989109404944145	-1.2583840744368928	0.6713510956108464	-0.2580225329404267	-0.7110839417294612	-0.597261981355491	-0.05246881931582239	-0.19654005310907274	-0.4670260123850827	-0.8374116293115577	2.599815948750258
PRF1	-0.962938625079038	1.9728191242684976	-0.1908241486757007	0.5013955279524435	-0.5414927941085458	-0.16539205618381964	1.7055192591709851	-0.7024065217856559	-0.07967386737521402	-0.07689319354108776	-1.7527874237735686	0.292674719130706
PRG2	-0.46519190059236515	1.0325586453441438	-0.40092168975135833	0.7256255616186825	0.041421948808777774	0.8085257726847384	-0.7472531234423618	-0.9562004688441031	-0.38595549914328237	-0.44372113925478945	-1.507498585576611	2.298610478148528
PRKCD	0.3166143849498233	0.17825433944995814	-0.26088187659634254	0.9518169551183348	-0.5602908849701641	-1.2529574145479938	-2.153704342221698	1.587148788764696	0.14278384614661094	1.2553617471852023	0.24107149674738176	-0.4452170400257968
PRKCE	-1.355145876323829	1.4175563552344748	0.7144280280273185	0.6276376146653919	-0.04202396231076515	-0.4545039912790724	-0.6704039794190128	-1.1188973907409532	1.710735363977161	0.6408120595520681	-1.4140939396218528	-0.05610028176093666
PRM1	-0.2739469068123073	-0.02169142652787819	-0.5106593045448986	0.5251522716821652	-0.7964743172948953	0.2082189308519507	-0.3601773048226533	0.09213440127335773	-0.6316783688032696	-0.39545551685583724	-0.8765222518151774	3.041099793669439
PSEN1	0.24625761055664547	0.06863512907490996	0.14058340903782476	0.45123676573630106	0.48210659293352354	-0.1144949029277133	-1.1203941219600426	1.6324063638102737	-0.6052035721807977	1.1533990027413543	0.08254937211551498	-2.417081648937793
PSEN2	-0.1013731805307155	0.6586082084474305	0.9711562105962351	1.6790677058210781	0.2876858950396598	-1.2870896855109433	-0.9151591422161521	0.07467265472419504	0.39934715595803344	0.815401889404171	-0.5657107557778672	-2.016606955955135
PSMB10	-0.37107824723434996	0.7469396631465025	0.6656058515603015	1.2582540387785737	0.7218551621929998	-0.03432512435267598	-0.9804148461894742	0.08808554625427695	0.49183944980154637	0.42422550966449146	-0.31552972516537026	-2.6954572784568285
PSMB7	0.4210387398114282	0.3708168047154677	1.3346171720659241	1.0352712682932748	0.3383884977831187	0.4480418143392088	0.12893253604705032	-0.571129592055347	-0.07835841810824958	0.4695309920940275	-1.5280495842703823	-2.369100230715571
PSMB8	-0.1069671363949288	0.13073495264211507	1.1110261571319244	1.2878287421041614	0.6128849647316554	0.6779320592034719	-0.32055244761967094	-0.07752295700559085	0.06932303029184217	0.21419837655887455	-0.9028033228743303	-2.696082418769528
PSMB9	-0.4926021439489913	0.608453370545489	1.307191525441707	1.7753144527994424	0.4669157290749279	0.49440956648874235	-0.4426169673256395	-0.46209087336180943	0.17105267772509034	-0.12363362236052267	-1.931644040455919	-1.3707496746225154
PSMD7	1.5646127669886705	0.16445271004995934	0.8926273425505667	0.7079936054506546	0.31839049247166307	0.9612237502822266	0.11159348952622358	-0.3921726817325511	-0.9278259272191143	-0.003595098176172704	-1.2494128134127043	-2.1478876367793793
PTGDR2	-1.459845321955019	0.5327991147876505	-1.3198503763732359	-0.4883012540033248	0.33184670150609114	0.05551154515949604	-0.8054141083438949	0.8749688916630105	0.030124709134604424	0.4859645131934152	-0.5830285253368355	2.345224110568048
PTGS2	-0.07185046258833547	1.5588920869004506	-1.0260253792738334	1.0484089404475423	-0.32627445327026455	1.1794324124707387	-0.0995293103911014	-0.7788359739578067	-0.4354083550573593	-0.9209242215836336	-1.5221842223576374	1.3942989386612377
PTPRC	-0.00344811757911106	2.1815426137201457	0.2667482340679326	1.4966248023287203	-0.2789382918535687	0.23438708337207895	-0.4012604827083604	0.3180043856342856	-1.636628195994058	-0.3020527480727429	-0.8767545375940058	-0.9982247453213181
PVR	0.4797565152283267	-0.15929824097032752	0.9772890850313432	1.8108870894027014	-0.2944529706432296	-0.26179357672943593	-0.4301116964645527	-1.1285813443514527	1.5471729124331601	-0.7145864298023729	-1.7268027145791713	-0.09947862855498098
PYCARD	-0.21265229924323245	0.9304291970029519	0.18816611272937175	1.4217311008444466	1.2127562810121835	0.5896568670999008	0.33517541332852485	-2.156503183780767	0.29863818814271176	-0.6736260356810133	-0.828430126584105	-1.1053415148709582
RAG1	-0.4732739400220108	-1.5248806343898134	-0.3158178097935764	0.25807305175006545	0.5708654522293546	-0.05641003054745044	-0.9382431060613569	0.9187086763591	-0.38853796345446223	0.6267581755991741	-1.0433761869766542	2.3661343153076344
REL	-0.1389782429180454	0.6486649828178522	1.0307457853338793	1.7843456593946034	0.08809685229483068	0.45985567922659515	-1.4670279504668624	1.1696420552878721	-0.5153377480552359	-0.730321583359168	-0.9895276199148927	-1.340157869641425
RELA	-0.18965865964211578	1.185373352107782	0.16093436900740285	0.8840108372848823	-0.05245279955360824	0.8670618672056832	-1.1240523182283075	-0.012198951814424073	1.1549128746533845	0.5796123227375753	-1.5030516233675466	-1.9504912703907082
RELB	0.4437489123004915	1.5559445957834586	-0.04611784540667694	1.8348146451491751	-0.943174565882589	0.009525405458151176	-0.7163898368981096	0.36728090976448524	-0.08769881920394973	0.4897975458285103	-1.4361077814324472	-1.471623165460516
REPS1	0.49538972003767523	0.24447334968453283	0.49171672094794705	0.2317785945899213	0.3272908719992164	0.6062343181790246	-0.4110681245923143	0.7460185001075784	0.16830737772262044	0.536343065638717	-0.3078430633348635	-3.128641330980038
RIPK2	0.7996089717446283	0.5814073087185162	0.08624133175353922	1.4681654966051565	-0.1612912122117884	1.2067602503174868	-0.020824900556237712	-1.0613554385365849	0.13822689187424952	-0.01225335914477792	-2.4225162299707867	-0.6021691105933974
ROPN1	-0.9555677581851983	0.49061262542014494	-0.43842267518926825	0.6212257740628547	0.2114647514172059	0.21742955138895614	-1.2155280944173048	0.7626284015592316	-1.5750285283945584	-0.1602660362392018	-0.30720225118671546	2.3486542397638535
RORA	0.28457368402845584	2.4256780257346033	-0.7525485774310627	0.7687668821323046	-0.6161344261017264	0.24401386357331675	-1.745307211524984	-0.2860008258936979	-0.5034149853262013	-0.3454449825421647	-0.36943258607526736	0.8952511394264417
RORC	-2.27385024609051	-0.19824915785795866	-0.7429614427817015	0.2826767081830952	1.331317256088573	-0.033310618745559614	-0.6094716980438203	1.1443994815654919	-0.6741868488378213	0.3827396738417912	-0.058033038847843374	1.4489299315262711
RPS6	-0.08279993111805692	-0.6250268265147002	1.0383586705102021	-0.1360041736820262	0.4280577122864875	-0.03089539837268164	0.5241845806749421	-0.7975329454519832	1.9252531476760106	0.6975855795498423	-0.8026504172998995	-2.138529998258139
RRAD	-0.7776266416295357	0.7361578774305226	-0.5175583738094884	0.6494742888582945	-0.08685502440000353	-0.2317572569002916	-2.0146644779763094	0.3170903483129698	-0.08409192707059322	-0.11765361486961283	-0.2888478505936516	2.416332652647701
RUNX1	-1.3103364668959414	1.652499715855889	-0.10535315631740778	0.81693724524782	-0.09902693461236121	0.6898429033435377	-0.18282387105418302	-1.717807614301113	0.8463551103948178	-0.21055409614759873	-1.3236767273477874	0.9439438918343317
RUNX3	-0.4471481458837161	1.667464084228921	-0.9802139550801211	0.8241490031701978	-1.3057462256644023	0.10790153097233103	-0.45406090061626125	-0.1067642597682037	1.8927598522531326	0.48726670717961174	-1.162795943399056	-0.5228117473924485
S100A12	-0.3974402910290218	1.7848016605811117	-0.8376264283911442	1.2018126870326207	-0.256703567046852	0.8865227200996416	-0.08505955350108395	-0.23225944290014686	-0.8716139978263521	-0.7478933151974718	-1.6678998842799706	1.2233594124586702
S100A7	0.9511042986966174	-0.821489489012055	-1.011829193104292	-0.1584713787472729	0.3112807592656126	0.21676514303376998	-1.076977235937758	-0.7228212169603072	1.3904045292083442	0.5428826442556485	-1.4299284760850464	1.8090796153867463
S100A8	-0.46811575101089953	1.614835479015985	-0.8456977678043954	1.5070971597335336	-0.009551582997069707	0.738255255994435	0.11446623550789974	-0.3915625783179563	-1.1105063127864894	-0.7195357949899795	-1.5623994576042075	1.1327151152591501
S100B	-0.40741472124008354	2.38690201690152	0.27651475443218093	0.16465031521622614	0.13175849589253938	-1.1048414901539687	1.3117102119221364	-0.8160387324182466	-0.005718188778032454	-1.4463380407340911	-0.5586788534320314	0.06749423239187215
SAA1	0.33398347660277006	-0.07623444178859454	-0.5129405773981301	0.8126348886889758	0.5324598457732264	-0.08025101203928181	-0.9064560031053165	-1.5028762058406946	1.42656579682689	1.019182390243106	-1.9315713962424506	0.8855032382794948
SBNO2	-0.933809913704815	1.318389421034877	0.06737830489307983	1.6261791556400116	-0.11206555640508116	0.05074520545734096	-1.0602817773992912	-0.770087138680935	1.6792307936858968	0.06284926269288481	-1.3674441983456513	-0.5610835588683183
SELE	-0.6282571677123374	2.5921658107675465	-1.0735092065970564	-0.02184010316334762	-0.18087615195963128	0.23151603417811042	0.8669646682811214	-0.9212825227169086	-0.5459407314815765	0.01248737733794319	-1.0858324132482127	0.7544044063143526
SELL	-0.9717225097384955	2.1717191742929365	-0.6750877892366801	1.5737383677051933	-0.2929768894302253	0.2695398693096202	-0.3267292926581906	-0.314555870968793	-0.35315751976374904	-0.5907155856821829	-1.3516130719332207	0.8615611181037891
SELPLG	-1.3639173577478811	2.246696830058198	-0.4962963554906674	1.5956445280688059	0.07220716443431988	-0.11721336085093961	-1.2122738682944132	-0.27179562981051014	0.14470378074527043	-0.2661517032423585	-0.7091716353573425	0.37756760748750706
SEMG1	-1.6114733161508354	-0.4736724141579475	-1.0773955040904533	0.4459608534385374	-0.3717622101110199	-0.08899994437413306	-0.7065818455865016	0.9581495885906403	0.6738971728201276	1.7895827255799834	-0.8851158183010215	1.3474107123426258
SERPINB2	-0.47529995259886676	0.44316226578231793	-0.87250576605617	1.1405490068062585	-0.4492483550076128	0.4908985220279145	-0.972593299881129	-0.2608702448289145	-0.05110679347957388	-0.363873724816331	-1.1832584460806006	2.5541467881327105
SERPING1	-0.3471282430501093	2.6384765220225845	-0.03469872793937805	0.6945787156894775	-0.4353671971400835	-0.14888277034465244	-0.10919584644629611	-0.9442280190460312	-1.6857204942744675	-0.31342456281770503	0.6113034850260347	0.0742871383206258
SH2B2	-0.22762643218176415	1.0204510817575017	-0.47915650268108906	1.1049924540771672	-0.16839622357157194	0.18364826784760183	-2.33444542952031	-0.4384716469217817	0.3111138406556519	-0.3617818606762301	-0.436317388878563	1.8259898400933852
SH2D1A	0.6426493227610427	2.4382676166973396	0.9787742716490919	0.5688925767665188	0.08181895625913588	-0.8998347827805088	-1.2558045949810157	0.18090817734737757	-0.859210799450249	-0.5092497272131499	-0.7138845947783604	-0.653326422277224
SH2D1B	-0.44858931365382904	-0.6910227112044147	0.7114300360964054	0.8898685464612008	-0.18652288718119128	-0.17974238361332415	-1.6029734867363863	0.28512676946646803	-0.18167687966977733	0.09025939570683085	-1.1320855690091303	2.4459284833371457
SIGIRR	-1.1337705637628128	-0.5525345165458372	-0.3382878243805564	-0.3126435314242402	0.4745103420330744	0.6528951322218323	-0.2982040533076961	1.317913239531522	1.4124406235195108	0.7307781741835939	0.3047619432567352	-2.2578589653251213
SIGLEC1	-0.857717727434984	1.843863007264485	-1.357008486837451	0.9190532683212906	-0.4827725135811028	-0.4771339425215912	-1.4686631290590093	0.4617378202105192	-0.8194672612306209	0.7258027877320331	0.8091059037329874	0.7032002734034337
SLAMF1	0.1431160488063562	1.3657471855884857	0.6638949764802564	2.1743116462776437	-0.42182713612126493	-1.1410233493483783	-1.2261432642918668	-0.6405239403302359	-0.7932446502120079	-0.3781441484580376	-0.4845747412245694	0.7384113728336271
SLAMF6	-0.6885836437750661	0.6864286940161342	0.7836056949454038	0.21466951596685538	-0.6576321433394784	1.0519006084316838	-0.8446930380785835	-1.6980099609378152	-0.33500336747201137	-0.3179580191030036	-0.40426568323129874	2.209541342577186
SLAMF7	0.48109659127057075	1.9071834440514943	0.4908610606658085	1.570270149763009	0.035499225942909655	-0.12074321834737754	-1.8965521890397417	-0.17997394344898687	-1.0746675478772911	-0.11366765272029394	-0.48924979919210876	-0.6100561210679906
SLC11A1	-0.5493495903107467	1.4993885913555989	-1.1586784821308223	1.69528458701463	-0.8325399391099277	0.1270332600443333	0.1566502202839988	-0.7716780048454778	-0.11225313543629666	-0.333875025715689	-1.227645909181659	1.5076634280320553
SMAD2	0.3763255730296542	0.8105702590261332	1.020321860184348	0.4891120459739801	0.3915631032322052	0.5370455471969736	-0.2612415430961555	0.9312971498769187	-1.5370701234515038	-0.09167692980928013	-0.1889336014729338	-2.47731334069032
SMAD3	0.2913511020081035	0.8998330980344832	0.2193678941232721	0.5439289991366534	0.5672953227514959	-0.9063664052896272	-2.0793677555177847	1.1615610078407335	0.8917608456832511	0.6934328617044162	-1.3195109170044972	-0.9632860534704627
SMPD3	-0.6318689823704334	-0.561154670579618	0.1819612626860351	0.6931468909990807	-0.29433350198981584	-2.0932791133137005	-0.7304255332027628	1.6997238259711442	-0.0945587333296257	1.1175234390162085	1.1840015074063175	-0.4707363912928246
SOCS1	1.1810619049266968	0.68113352881303	-0.23895854810945275	1.213650049384264	0.05364061359900907	-0.16594203200922017	-1.0315277251966901	-0.6455425469139093	1.7669393461316634	-0.19915705502164477	-1.8167090668293286	-0.7985884687744184
SPA17	-0.1617004012637559	0.7513406187276688	0.579437654060318	-0.5934119031796752	1.2889588533867389	-0.7248886497621267	-0.8928272438754068	1.4187219267325784	-1.346348721674703	1.4874801629725725	-0.7200554991653114	-1.086706796958878
SPACA3	0.009234333208232061	1.225926154843763	-0.09295608457361162	0.49711275717020537	-0.06483382257866278	-0.5811048992196629	-0.601290968784784	-0.652240560213209	0.11496247223964605	-0.930815038350453	-1.4182532728439567	2.4942589291024944
SPANXB1	0.7366922990939495	-0.038644967674813194	-0.5327023223120756	0.6398487019585537	-1.104178582962996	-1.0951809024191128	-0.7849208478032352	0.453574772909297	0.25079575040510477	-0.9600568181723227	-0.11930411006778076	2.5540770270454427
SPINK5	-0.5388489407111865	0.23893812331035677	-0.5331114652959313	-0.37544465036444713	0.6403637476596004	-0.3399196587618036	-2.4299034907616326	1.546144800558474	-0.33574775037371807	1.2303423748509954	0.883240992090429	0.013945917798874156
SPN	-0.2140163026587223	2.1812542830275166	0.008364164372972134	0.39543742644593	0.04207934450897328	-1.1302033575137151	-1.9288619694589029	-0.9300653214124001	0.6502908542893323	-0.24458506664870663	0.5230333093920009	0.6472726356557227
SPO11	-0.6886440292873155	1.236670072043998	-0.3832796228059779	-0.3504301717676099	-0.23529912271189676	-0.7046997942562497	0.3305201973867918	-0.3810691418077386	0.15999267947174803	-0.9076363565421456	-0.8016152617704784	2.7254905520468733
SPP1	0.008143528167783987	0.877316662082953	-1.741834824591563	0.6168968489842923	-1.0778761538814912	0.2878537237202465	0.4343189092467958	-0.6257587624491272	-0.5286976190301028	-0.7352863940939236	0.22186808006286743	2.263056001781275
SSX1	-0.1399061931393086	0.07630541583247594	-0.3427956142913284	0.7102448373276581	0.1618102289205623	-0.08219825925218559	-0.8256994355050906	0.6375292925039595	-0.4465227030747283	-1.2213143146227359	-1.1945679957555309	2.6671147410562503
SSX4	-1.1608804749978996	0.1846680985301349	0.13436461033667008	0.4971280961478483	0.33222178584339573	0.5753064481213057	-0.7748022252701381	-0.5428162948900754	-0.4229512378459098	-0.11645405712581232	-1.3512418591209443	2.6454571102714284
ST6GAL1	1.211224731368901	0.8678989306647542	0.7958487796024809	0.7074130574700207	0.4537770829595609	0.1197114462104883	-1.8835572938929612	-1.6350285861291511	0.9367727999588852	-0.13567797226387193	-0.34898751005362794	-1.0893954658954799
STAT1	-0.2628884801947812	1.73663006195548	0.7557609309015938	1.6073708529033264	0.5868094542746155	0.6853321699251063	-0.7378699047603867	-0.6535738175652395	-0.7480296733109967	-0.4274401237520954	-1.2469635296396335	-1.295137940736987
STAT2	-1.1439627067058098	2.5566626685270535	-0.05411744109276261	1.3510063603732307	0.12436838787101892	-0.3379593231034909	-0.9764967771990003	-0.6089493619294419	-0.864002545157279	-0.11504327127280768	-0.20085732688227348	0.2693513365715439
STAT3	-0.5181209064183459	1.6501538868379768	-0.0958917253518017	1.5759506219845432	0.5400061517877457	0.2728964757836554	-1.4667042314248822	0.27081332313699885	-0.2774909422807554	0.5476158310680882	-0.7885658886335095	-1.7106625964896818
STAT4	0.06969745897257558	1.9045970333599374	0.42926260174963643	1.3268741361747187	-0.08119337259894947	0.32459583655890406	-1.9211549003413297	-0.24526978252338275	-0.18130485757929424	-0.39439992460751716	-1.5138700448170541	0.2821658156517678
STAT5B	0.4160817840851008	1.7532992743305422	0.7381277660168911	1.4639303988527963	0.6847460909283087	0.06574730009556289	-0.5214770641576888	-1.0208610164336125	-0.4379657265880529	-0.3276699895559057	-1.3089140762687648	-1.505044741305198
STAT6	-1.0485836843865595	1.4072488078315435	0.002922088927625383	1.6008965344499957	-0.20168070441874045	0.10250307290033964	-1.316204312493854	-0.22537946966967518	1.1050151892822553	0.43582487742801757	-0.1014312514367344	-1.7611311484142171
SYCP1	-0.8914404195744351	0.9543382762519305	-0.6140913995455358	0.35058924402108366	-0.4695356993196309	0.24547097720146765	-0.6352946553676164	0.4707886996840953	-1.2383060575882219	-0.21897505664046413	-0.5912760675481635	2.6377321584255027
SYK	-0.6612658031329147	-0.057306869731131235	0.7433999677314836	0.801002940056285	0.8364192054796552	1.5605701637789664	0.7424572638311864	-0.45816325732234153	-0.14168345581032973	-0.12548718669554282	-0.850353039109511	-2.3895899290757976
SYT17	0.2990281349019521	-0.4788114852667953	-0.06557877096742191	0.7642601333201761	-1.3947827648381113	1.1209306123232616	0.5645077326114009	0.04755259618608356	-0.8814203080335936	-1.5029221964861519	-0.5341088374862946	2.06134515373549
TAB1	0.9404489150860583	1.346409229541991	-0.33874111732203005	-0.15928901504490497	0.331732875624609	-0.3608256484209044	-0.38142914306588716	-2.584174616048034	0.702776150964576	0.331732875624609	-0.7746422705188789	0.9460017635787594
TAL1	-1.6593967269904915	1.5623369148316137	-0.31116365760183784	0.19392047834855683	-0.5886170941200225	-0.15001655502768915	-0.9324738690028902	-0.2377328564863297	0.051313274027543467	0.5558148486774799	-0.6411642956501321	2.157179538994199
TANK	-0.2247266575853402	1.2559067359986973	0.9579702532657569	1.3973055858883907	0.25695690387449366	-0.4065112659361586	-0.6038178359895683	1.2750655560050803	-1.8208529699164804	-0.11134113079365503	-0.9993369558625906	-0.9766182189486442
TAP1	-0.6036056129642474	0.7199905156496323	1.1555104485059513	1.9398545386311605	0.5551865412760616	0.679488222672263	-1.009072267937715	-0.47521946817860433	0.038378254146259325	-0.18324418937689793	-1.38134594792296	-1.4359210345008873
TAP2	-0.4765752773223641	1.0156383374869282	0.3594035318980831	1.8957534667179001	0.24224314093899033	0.3972294466567518	-1.4036023291445197	-0.2816920745929275	0.6737144998696347	0.44217279291959327	-1.453425987659149	-1.4108595477688994
TAPBP	-1.5690357006362443	2.0667375325790722	0.08669705992274625	1.6090014564050539	0.32156011829363923	-0.26665362325201253	-0.9864191274573877	-0.44089218028858285	0.6005956629596492	-0.1126652440879201	-0.43270295396286107	-0.8762230004751582
TARP	-0.24014909683867738	0.5480367628411787	0.5742686053101337	1.2014326091191343	-0.9250126726259698	-0.1721515407888548	-2.4720030237098745	-0.0021116893554076663	-0.47507771521352643	0.8457710325064334	-0.2501434121959622	1.3671401409514012
TBK1	0.5907460929925354	0.885766777879017	1.2630085656364822	1.4300079656781841	0.34216925088139444	0.34583119612703855	-0.8969411145797027	0.2594602462158155	-0.8061423219466033	-0.2526114900294666	-2.0318954513209904	-1.129399717533679
TBX21	-0.9322464399595775	0.8063421310359546	-0.2798083112308249	-0.14098078761314756	-0.8770456669705312	-0.7526140879823909	-1.1536639083889975	0.30275439114866964	1.4273330512343056	0.2953631812084116	-0.8723244489184515	2.1768908964365723
TCF7	0.1293764207991523	-1.0076595504892438	0.6084777766485874	0.5681747064751771	0.2650303045492576	0.5662595142735943	1.1243182831614764	-1.2295642933165616	1.2714649820718815	0.415569665645587	-2.262010133670786	-0.4494376761481221
TFE3	0.3599843107329492	1.3684396856551788	0.3502795622224111	0.7533189881733666	-1.50916621119458	-0.06199943348316598	-0.49491131860181303	0.5680384597878383	-0.11197800950235655	-0.6207414656482935	-2.015267636414868	1.4140030682733238
TFEB	0.22129144423974878	1.4553467243443448	-0.17628630456346459	2.4695618252158082	-0.3590211358431551	-0.9321500503822725	-1.065897661871922	-0.6195987609582947	0.05366044092317039	0.07442615336438817	-1.0842267528940446	-0.037105921574302994
TFRC	2.2897386888713336	-0.6233708792740583	0.407789114481094	0.004907073602168206	-0.209899622631878	0.4216980708435964	0.2868417940870697	-1.0807232610770527	0.5480028334314276	0.3215797944500464	-0.3097747845958483	-2.0567888221879094
TGFB1	-0.8480207705945523	2.4148486333957475	-0.8442950783399656	0.7055712966939989	-0.7384212916903028	-0.5266130254845905	-0.7028383565795796	-0.5526371977826251	-0.3558752416917919	-0.03874866588252745	-0.08803418681493179	1.5750638847710952
TGFB2	-0.5363232866585345	0.25689415565706275	-0.3744152626928175	-0.4189652899094379	0.6738590531413652	3.064151670508785	-0.01103780754529467	-0.5941746714841987	-0.743973274661735	-0.41499509353015474	-0.4874648665744438	-0.4135553262505948
THBD	-0.4310521048154959	1.9910390826484992	-0.6338188059336107	1.843752237806596	-0.08620682964025105	-0.1281134567817163	0.03198612959493936	-0.721744382102976	-0.8157691436085412	-0.8956918831734162	-1.0830149972875707	0.9286341532935403
THBS1	0.5215944128426654	0.6336832796059086	-0.20288275493979138	0.05158417685943311	-0.9167849910001995	-0.7594991899046523	-0.7492349479732505	0.5896246393100728	-1.0123944950106372	-0.5353182146649064	-0.3615394557544962	2.741167540629867
THY1	0.0673387125433322	2.246251663983059	-0.06487111606310751	-0.4734874538878896	-0.44868376248025676	-0.494279175902378	0.9515965460831588	-1.153019392871559	-1.329502300827727	-0.5705674860253664	-0.1211041659516407	1.3903279314003574
TICAM1	-1.1762501347805896	-0.1845006799052626	0.33880970274542943	1.825638611514213	-0.03564877789999619	1.1227524011457466	-1.1125625544509807	0.9115652403085013	0.31699587325847195	0.5406856595929883	-1.562176546777366	-0.985308794751169
TICAM2	-0.7757085293070369	1.8453208943692498	0.04692273245119208	0.7397038672989281	0.13945327880028957	0.4652199904792801	-1.5835755022601348	1.0929721024448322	-1.3147420790274122	0.1455130011869857	-1.2475765125174585	0.4464967560812816
TIGIT	-1.2150589771341127	1.7268432896893053	0.7641475590296456	0.12147039982783056	0.4902992706600232	-0.24847728002894995	-1.7925516231705847	-0.3253009949106666	-0.0399374547385658	0.3931623319624026	-1.1938284744359142	1.3192319532495904
TIRAP	-1.6458188238255171	1.3662468625876778	-1.867506355832394	0.4622389542926279	0.12449432541768418	-0.36697779903104505	-0.8343302610279485	-0.08037449657511751	0.5736194519434912	0.9534266358208694	0.03780668963658719	1.2771748165930596
TLR1	-0.38134912347675354	2.101022717161504	-0.519027573220548	1.7584313902692248	-0.5859904842205734	0.297421348451834	-0.48117115859525367	0.14188920875112823	-1.8040864927661342	-0.3055927767017099	-0.21718477470345202	-0.004362280949243486
TLR10	-0.58636668112015	1.1124097591341982	0.5955608140545915	0.5917366439318827	-0.013067360559138999	-0.5597964369027276	-2.5868846271108654	0.05200455770601953	-0.10501651838169163	-0.06599808298728596	-0.07315418941242222	1.638572121647599
TLR2	-0.7659425024874573	1.9637104665438236	-0.594065019295173	1.7711276406132523	-0.7231214602144709	0.09482252708419192	-0.2712235951796511	-0.296011890648629	-1.054604484179097	-0.4502662666127556	-0.8388004349298978	1.1643750193058622
TLR3	-0.1918120384746635	-0.6987700432124594	0.3468972003078831	0.4478178374125751	0.824494452092904	-0.5640666806139977	-1.425439170724495	1.7698895287795127	-1.2565886206090924	1.3968191811992987	0.4662097043813521	-1.1154513505388164
TLR4	-0.9664128074599163	1.6534292066373761	-0.6898037303866668	1.6207150580010994	-0.2631816250185009	0.561895396146861	-0.13651044692087558	0.90336861839532	-1.9019547680849722	0.017276829618042906	-0.5906988475310033	-0.20812288339676233
TLR5	-0.7080239075239719	1.610900441388143	-0.21699592894295983	1.0078125306618941	0.31381817890618857	-0.8045426616663099	-2.406894658166681	-0.35285360994307136	-0.10238901636327051	0.2901936736061879	0.41451694543513395	0.9544580126087199
TLR6	-0.2918867856367177	2.0779504382395526	0.11213610379492392	1.3553893543432884	-0.7921759858708	-0.018160455899573658	-1.5808860425617697	-0.20702088353983247	-1.1061223945269762	0.2977575288893213	-0.7151547073437572	0.8681738301123293
TLR7	-1.4756863879848445	0.7391772921074111	-0.12479114706870371	-0.4385229661943412	-1.5880990290639423	-0.5858681290105485	-0.6511758948880839	0.9285547171467604	-0.3085601197941836	1.0194967338425873	0.6540220250964865	1.8314529058114002
TLR8	-1.1683369411286155	2.304430785284624	-0.64477127211845	1.6363248888770974	-0.9248604263063953	0.3068035229860818	-0.4336129807008258	-0.1042368752190048	-0.6084949153095537	-0.04238257585110514	-0.7346174265912959	0.4137542160774491
TLR9	-0.7028314706734096	1.694930551043793	-0.48142120952657935	0.6942680606774438	0.27495756648979125	-1.102004721864475	-0.9368756229060073	-0.7744434076246819	-0.3987775831761301	0.05686793809455	-0.5014255206744609	2.176755420140162
TMEFF2	-0.9671944986847739	0.5625392904461958	-1.3823436320317801	0.15661790483725477	-0.7038149696734531	-0.1184146948635605	-0.5095594911531509	0.26561976512041274	-0.26806677409894614	0.06997745958383386	0.08591007064532721	2.808729569872634
TNF	-0.8534527903972883	1.647210146994863	-0.5968036728896183	2.1858068236429937	-0.5761470550674737	0.17942935597150964	-1.290819136282589	-0.5279826838273549	0.23478581273703736	-0.31102390020626014	-0.7380582652460724	0.6470553645702567
TNFAIP3	-0.41696082586122807	1.3405410662384942	-0.7926035782835047	1.5045840885836534	-0.779722674330936	0.7122772907848562	-1.1945520307268296	-0.3801731965346702	-0.05879342706477114	-0.20077155514178174	-1.3452759642043322	1.6114508065410544
TNFRSF10B	-1.3203489610336274	1.5672732200317117	-0.08220217194069387	1.356459051758766	-0.7460741021767984	0.3662152429049307	-0.4624742876692742	0.8934528019047192	-1.0503077341994598	-0.043480630738731645	-1.4703513363733345	0.9918389075317996
TNFRSF10C	-0.8672761549731071	1.4960071901439758	-0.9580072176060089	1.4275683263430068	-0.3837856510128397	0.35465730785628286	-0.1232796912761982	1.035607017482126	-1.4127912722000175	0.6327451948929173	-1.4881997441614274	0.28675469451128327
TNFRSF11A	0.22858432472466986	0.2508654754815014	0.7127891749994849	0.1989953505825919	0.5252505882917632	-0.9641454346023908	-1.717723344002923	1.1696190409719165	-0.16029832163749844	0.885213223680362	0.9129758772848307	-2.042125955774315
TNFRSF11B	-0.28501832015520123	2.1113117991995374	-0.6233084163247458	0.6942985385768017	0.014724665454756947	1.2832349779739312	0.641293743269123	-0.5752518111904412	-0.40891355945008834	-0.7064337649648704	-1.8580480523851746	-0.28788980000363795
TNFRSF12A	0.12380433115709343	0.16160544330620408	0.10924407896591853	1.3423631769238344	0.3619569514435559	1.0316009953901233	-0.8585335187031948	-0.6982698551249737	-0.126221397175766	0.5488087559212885	-2.6436219009746473	0.6472629388705639
TNFRSF13B	-0.07327305969830458	0.8422214187793374	1.476218923139529	-0.1708287113902449	-0.7002777557058129	-1.1441758416956411	-1.6152378740709565	-0.01789483693539261	-0.04167467113758225	-0.30619023595183653	2.108309641120296	-0.3571969964533879
TNFRSF13C	-0.07293721147890272	0.9637997013616754	0.3084151335750613	0.015239167729240622	-0.1606997303336301	-0.5424176674923088	-2.620161375669601	-0.5056776923277279	0.012343023171817723	0.5839454165024328	0.25019174088474966	1.7679594940771828
TNFRSF14	-0.8747893364188412	1.1897804793938038	0.4399319678982566	1.2570548055475301	0.4518909278930841	-0.14337964299237627	-0.7965063365897376	0.6139354474769241	0.015707243188476397	0.37506849822490157	0.053087410327819676	-2.581781463949805
TNFRSF17	0.4473799060580107	1.6383827434088263	0.6783472344552508	0.3056251844481406	0.2030089493322465	-0.11267336396770873	-2.476714060348098	0.3030756453154447	-1.3878517344981032	-0.1289751188663601	0.5803876752520025	-0.0499930605896581
TNFRSF18	-0.8526611606408817	2.1413272957871436	-0.39166224482871415	1.0503077501643365	0.011034927386752158	-0.6471492402212821	-1.5331102349747117	0.27840548615923766	-0.969948860712605	-0.5034541573231723	0.2690262264548512	1.1478842127490627
TNFRSF1A	-0.502125493825944	1.4255350517788064	0.17633636896817437	1.8083147910304669	-0.310193191206964	-0.8901252305022566	-1.1472762567079708	0.9319687678309091	-0.1280511550087067	0.8398141812113651	-0.7936004817488727	-1.410597351819013
TNFRSF1B	-0.5345157182773032	1.5460251130931075	-0.0029522771340375455	2.3971639967022798	-0.7047553181655982	-0.5098939730840844	-0.44391022439297323	-0.29263944941779413	-0.5770907111575867	0.17032949493856459	-1.4259286871057144	0.3781677540011289
TNFRSF4	-1.293298649133587	2.1652038200026618	-0.5473145890596903	0.9714424796719637	0.6735938475427444	0.05851604107600994	-1.6771411408431343	-0.4247742481468349	0.2357183574234761	0.1107865009662589	-0.7846719344788134	0.5119395149789402
TNFRSF8	-0.6871619409559448	1.2032441627466028	0.16928355248816043	1.0162546624611657	-1.223600622711852	-0.014202994515253822	-0.5955999308906245	-0.7434616871852563	0.01641054670183248	-0.5592096344690527	-0.918137817207577	2.3361817035377963
TNFRSF9	0.3359518025749831	1.5372228805162125	0.06729817749277396	1.6756573902123055	-0.6450361354445909	0.6164140783174715	-1.1066736149437322	-1.5492427208889277	-0.1776930384727386	-0.22516469545018472	-1.281410373420392	0.7526762495068056
TNFSF10	-0.43546976338301263	0.6373673978115817	0.1540858154465445	1.0388337349947947	0.35121748662454816	-0.6708380763227451	-2.218102805327194	1.1786685373231705	-0.38275680214708474	1.2422574807546438	0.36727326198807153	-1.2625362677633079
TNFSF11	0.8825783749034828	0.9821668017982808	-0.05116351836341321	-0.16872691258508626	-1.45503331494135	0.5549127439648287	1.1435633940161205	-1.015223108520422	-0.617725231772762	0.049300293217549085	-1.7384255403369573	1.433776018619724
TNFSF12	-0.8919273684886458	2.5492575138488514	-0.09392379766332395	0.08563851314542192	-1.1294703694160213	-0.929545799669442	-0.2765211884876042	0.3742876791652804	0.2382640189419251	0.8095253929596404	0.4539858562633808	-1.1895704505994702
TNFSF13	-0.8663396637054994	0.40688036409960077	-0.6722819406976233	0.2702564061897868	-0.06168704164664694	-1.2790386639952875	-1.889283469402838	1.0753505357750976	1.3844076198461948	1.4733371885025732	0.2954566195832167	-0.1370579545485921
TNFSF13B	-0.9630661637776837	1.9889363174530463	-0.34964933635007517	1.7485732184040716	-0.6444455204864205	0.5938609136607637	-0.06693678085576857	0.2982946734790265	-1.4111762884782943	-0.31104130796375185	-0.9880782352624427	0.10472851017754407
TNFSF14	-1.193387540785063	1.1095937557824105	-0.16291596876798928	1.1945214203662191	-0.9257680646089407	-0.2366175173322439	-0.5440485928099775	-0.3504040396487239	-0.8822956459529177	-0.2984097577417858	-0.09417970974692959	2.3839116612459446
TNFSF15	-0.37030405165317865	0.7436473884536609	0.5471439166638695	2.536992670791423	-0.6872932299187183	0.026713384984601705	-0.9848418231184687	-0.2632887062595917	-1.0178724633122376	0.2092688883526726	-1.2942216651490264	0.5540556901649967
TNFSF18	0.8382382567627727	1.1879057454658517	-0.4407883990523501	0.23316293208171052	-0.4931575612073617	-0.4862434788336019	-0.13096436677851767	1.5554253360693286	-0.2671749664592003	-2.5259226186065704	0.5192960698480308	0.01022305070990993
TNFSF4	-0.907099118606898	1.4107622340793091	-0.5897256356552607	0.10173689387786745	-1.3877784976938947	-0.04326835669728655	0.00032459124161615145	0.6537552177918712	-0.7198728577738601	-0.27399194112372066	-0.5955165941366167	2.3506740646968742
TNFSF8	-1.210788584308525	1.4226210937016408	0.4161818347925324	1.7830607932991207	-0.562112340264081	-0.0764492309782688	-1.3580449014815463	0.2201076723620192	0.11271491541891723	0.23954016567756703	-1.585678667069306	0.5988472488499349
TOLLIP	-0.2256686245500021	-0.32499119821176103	0.467468765190025	2.1787391184210945	0.1626138613529985	0.043392185515331805	-1.4235934140482067	0.5627461172848741	0.633360428738509	0.6052904046964922	-1.6129873014997662	-1.066370342889584
TP53	1.2669254856004804	0.13225728675246418	1.5332388439763904	0.7378203463494011	-0.5634750332892933	-1.1564807512478763	-1.4272722649834528	-1.0072061444390885	1.1390603704060822	0.7033412333821251	-0.5042166318456552	-0.8539927406615785
TPSAB1	-0.4713135390369761	2.3374247571935443	-0.8409647625398341	0.8454563568805489	-0.7886150979919131	-0.8558369411321746	-0.5750226894808148	0.22711582651244785	-1.1730228730407601	1.0577631054240224	0.6809818517082927	-0.44396599449637353
TPTE	0.053375037993057935	0.4389246785063986	-0.764445883547266	-0.3065341584206144	-0.2241638413170224	0.2331070018077409	-0.7350299121814595	-0.6978731634340831	-0.323936962051794	0.3139531944962588	-0.9641501046543379	2.9767741128031195
TRAF2	-0.7205565776802415	0.20961082588109822	0.5189890458957739	1.5383186844259675	0.3568594280287476	-0.10905410222442043	-0.8794433549772591	-0.6449930311816602	1.7358822714897	0.3345009828647671	-2.067042064875648	-0.27307210764682044
TRAF3	0.10087816683919915	1.3994182594516316	-0.7181318897473344	1.942268974028833	-0.4425532002924806	0.576990788945629	-1.3419680009757822	-0.6275607025722625	0.03930258398342648	0.9277074832911102	-1.3943519463798428	-0.4620005165721538
TRAF6	-1.2884619707468206	-0.5577077639284066	-0.25265943542306984	0.30669384265420385	0.5308901664101007	0.8851703979150805	-1.945456066038396	2.148509101193107	-0.06310865996270883	0.5345991764003484	0.03831218719708079	-0.3367809756704722
TREM1	-0.5805830577999824	1.3497671407143839	-0.701920954586064	1.7021531777446102	-0.344792996874131	0.3872706348442346	-0.11593800358972473	-0.6157087134380068	-0.8314452497999151	-0.9132095961301611	-1.0897072644409285	1.7541148833556797
TREM2	-0.665946638470273	0.7698232327462885	-0.5439281436337884	0.6259952749967712	-1.256378821097864	-0.8371905195227284	-0.7939109176616285	1.038364848394078	-0.7867857222252753	0.10108582947856166	-0.029814721862303915	2.3786862988581725
TTK	1.0899111098950562	-0.6962629980158762	1.1067647367064322	0.132358068692498	0.34894470960512036	0.7672696605578303	-0.10030010624142269	-2.1512893077810404	0.9539561197740966	0.43763360989132655	-1.596645034769458	-0.29234056831454974
TXK	-0.9208535771123899	1.0392090359112673	0.8128838733137821	0.6393138804142318	-0.7205302014466253	1.2713705840678426	-1.6518943748837638	1.1045667324575106	-1.3288796434262742	0.014007672716630294	0.6182309079112148	-0.8774248899234414
TXNIP	-0.7187730899060427	1.0770876583087015	-0.136463426245294	0.910813328827685	-0.04985123859880015	-0.39292720401447206	-1.7099490289203632	1.5816026720860337	-0.6774975057993835	0.7735618780671158	0.81556509982797	-1.4731691436331633
TYK2	-0.6903285086087185	1.4012420271080426	0.6829327574165633	1.0904689861615502	0.08138722309410032	0.3130957510268576	-1.4659341562092023	-0.7384702193062594	1.3187142629542457	0.362651972527847	-0.6982098747554387	-1.6575502214096114
UBC	0.14683239034121132	0.1823443468028511	0.30087363487971197	1.1724330676586887	0.05738668883787587	0.382071490384772	-0.9348574240156979	1.7013000401369804	-0.8257397996112577	0.9179896421433792	-1.2105395975037534	-1.8900944800547244
ULBP2	-0.46071385206406906	0.17747685809899674	0.845339960876634	1.2283958445900072	-0.26398802741536576	0.4923971915228819	-1.3344308147322201	-1.1308132006669442	-0.37895926575370814	-0.2953313414215938	-1.0679322318123323	2.1885588787777124
USP9Y	-0.03390473038140926	1.8221982103297016	-1.326581457403016	-1.123359128220828	-0.30108726673991104	-0.14170547359620866	-1.3248238191891801	-0.010536940601041466	-0.40730159860215065	0.20270794742909756	1.1132817177797842	1.5311125391951648
VCAM1	-0.18396699607980102	2.5087181311736058	-0.09294875547452587	0.5494742249535185	-0.9391512494173423	-0.03324246567557953	-0.15501772240514658	0.336733442345717	-1.6199820886231298	-0.519745316921902	-0.7727257501581464	0.9218545462827386
VEGFA	0.38986601515470526	-0.29319830264603086	0.38632957434599524	0.542989294700128	0.2507286960912033	0.9332458793935097	-0.9874566486760046	-1.0779471237261131	1.518649549168624	0.5702079320952897	-2.366025932321058	0.1326110664197634
VEGFC	-1.0200685879153895	1.3566068491762724	-0.12268812258292426	0.5503216294613675	0.1748471262499784	-0.15977695973166026	0.1286530757316722	-0.714385826484327	-2.102244442986677	0.4074608902320467	-0.3686939336151054	1.8699683024647442
XCL2	-0.38479886369774485	0.353204628992027	1.0472862851580544	-0.048246926383885926	-0.48012009799244015	-0.47540545096574754	-2.023412904019032	0.9456480644711951	-1.0918921159316284	0.6987703595367206	-0.37465948533603965	1.8336265061685324
XCR1	-0.9380683610372104	0.7550231050528959	-0.3897034542252964	-0.04928470337009284	-1.1622754479285469	-0.059929077676917644	-0.7740891198808868	-0.1707614989180578	0.5353148808417747	0.6000227747100386	-0.9618091988727447	2.6155601013050367
YTHDF2	-0.11724483567474642	-0.05002113319880025	1.4545481641274713	0.8731610037654782	0.65406357463708	0.9893961677350085	-0.44857915821231686	0.30434714044183786	-0.27089981893422127	0.2351037834383227	-1.2160425071286463	-2.4078323809964632
ZAP70	-1.370757484807747	2.350720955150245	0.2415038546644797	-0.27747169310685044	-0.5899585951269707	-0.4356746486188741	1.5690439083255345	-1.0873057613484054	0.3113601141192562	-0.3242046994182929	-0.17379473123477032	-0.213461218597606
ZNF205	0.5348173356102558	0.6477309301974965	0.5324926695205477	0.2704958894254545	-0.049942343883337126	1.1318146018699584	-0.8324749004557216	-2.6057633548172663	0.9284351834082462	0.08813766389960526	-1.0621046674374723	0.41636099266223825
